text,types,triples
"Prolonged pulmonary hypertension caused by platelet-activating factor and leukotriene C4 in the rat lung.
Platelet-activating factor (PAF) and leukotrienes (LTs) are potent pulmonary hypertensive and inflammatory mediators produced by the lung. Previously we showed that a rapid injection of PAF into the pulmonary artery of an isolated rat lung produced an extended elevation in mean pulmonary arterial pressure (PAP). The objective of the present study was to determine whether the extended pressor response induced by PAF was caused by prolonged activation of the 5-lipoxygenase pathway or slow clearance of LTs from the lung parenchyma. Rat lungs were perfused with a nonrecirculating physiological salt solution that contained indomethacin and albumin. Five minutes after a rapid injection of PAF into the pulmonary artery catheter, the following elevations (mean % above baseline) were observed: PAP (83%), LTB4 (3,260%), LTC4 (1,490%), LTD4 (970%), and LTE4 (1,500%). At 20 min these levels declined but were still significantly elevated above baseline. The 5-lipoxygenase inhibitor diethylcarbamazine (DEC), administered before the PAF injection, inhibited the elevations of PAP and all LTs. DEC administration that began 5 min after PAF reduced PAP and only LTC4 levels at 20 min in comparison to lungs with no DEC. The 5-lipoxygenase-activating protein inhibitor MK886, administered orally 2-6 h before perfusion, also inhibited the pressor response to PAF as well as LT production, as did DEC. We conclude that 1) the extended pulmonary hypertension induced by PAF was caused mainly by prolonged activation of 5-lipoxygenase with LTC4 production, 2) the relative overall lung clearance of LTB4, LTD4, and LTE4 was slower than that of LTC4, and 3) LTB4, LTD4, and LTE4 had no appreciable pressor effect.","[""Relation-INHIBITOR"", ""DirectedEntity-GENE-Y"", ""Relation-PRODUCT-OF"", ""DirectionalEntity-CHEMICAL""]","[{""DirectionalEntity"": {""Type"": ""CHEMICAL"", ""Name"": ""diethylcarbamazine""}, ""Relation"": {""Type"": ""INHIBITOR"", ""Name"": ""INHIBITOR""}, ""DirectedEntity"": {""Type"": ""GENE-Y"", ""Name"": ""5-lipoxygenase""}}, {""DirectionalEntity"": {""Type"": ""CHEMICAL"", ""Name"": ""DEC""}, ""Relation"": {""Type"": ""INHIBITOR"", ""Name"": ""INHIBITOR""}, ""DirectedEntity"": {""Type"": ""GENE-Y"", ""Name"": ""5-lipoxygenase""}}, {""DirectionalEntity"": {""Type"": ""CHEMICAL"", ""Name"": ""MK886""}, ""Relation"": {""Type"": ""INHIBITOR"", ""Name"": ""INHIBITOR""}, ""DirectedEntity"": {""Type"": ""GENE-Y"", ""Name"": ""5-lipoxygenase-activating protein""}}, {""DirectionalEntity"": {""Type"": ""CHEMICAL"", ""Name"": ""LTC4""}, ""Relation"": {""Type"": ""PRODUCT-OF"", ""Name"": ""PRODUCT-OF""}, ""DirectedEntity"": {""Type"": ""GENE-Y"", ""Name"": ""5-lipoxygenase""}}, {""DirectionalEntity"": {""Type"": ""CHEMICAL"", ""Name"": ""LTs""}, ""Relation"": {""Type"": ""PRODUCT-OF"", ""Name"": ""PRODUCT-OF""}, ""DirectedEntity"": {""Type"": ""GENE-Y"", ""Name"": ""5-lipoxygenase""}}]"
"Steroid receptor coactivator-1 mediates estrogenic actions to prevent body weight gain in female mice.
Estrogen receptor-α (ERα) expressed by hypothalamic proopiomelanocortin and steroidogenic factor-1 neurons largely mediates the antiobesity effects of estrogens in females. However, the critical molecular events that are coupled to ERα and mediate estrogenic effects on energy balance remain unknown. In the current study, we demonstrated that steroid receptor coactivator-1 (SRC1), a nuclear receptor coactivator, is abundantly expressed by both proopiomelanocortin and steroidogenic factor-1 neurons. We further showed that central administration of an ERα agonist, propyl pyrazole triol, acutely increases physical interaction between SRC1 and ERα in the hypothalamus. Finally, we demonstrated that the effects of estrogens on energy homeostasis are significantly blunted in female mice lacking SRC1 globally. Collectively our results indicate that SRC1 is functionally required to mediate the antiobesity effects of estrogen-ERα signals.","[""DirectedEntity-GENE-Y"", ""DirectionalEntity-CHEMICAL"", ""Relation-AGONIST""]","[{""DirectionalEntity"": {""Type"": ""CHEMICAL"", ""Name"": ""propyl pyrazole triol""}, ""Relation"": {""Type"": ""AGONIST"", ""Name"": ""AGONIST""}, ""DirectedEntity"": {""Type"": ""GENE-Y"", ""Name"": ""ERα""}}]"
"Fbxl10/Kdm2b recruits polycomb repressive complex 1 to CpG islands and regulates H2A ubiquitylation.
Polycomb repressive complex 1 (PRC1) catalyzes lysine 119 monoubiquitylation on H2A (H2AK119ub1) and regulates pluripotency in embryonic stem cells (ESCs). However, the mechanisms controlling the binding of PRC1 to genomic sites and its catalytic activity are poorly understood. Here, we show that Fbxl10 interacts with Ring1B and Nspc1, forming a noncanonical PRC1 that is required for H2AK119ub1 in mouse ESCs. Genome-wide analyses reveal that Fbxl10 preferentially binds to CpG islands and colocalizes with Ring1B on Polycomb target genes. Notably, Fbxl10 depletion causes a decrease in Ring1B binding to target genes and a major loss of H2AK119ub1. Furthermore, genetic analyses demonstrate that Fbxl10 DNA binding capability and integration into PRC1 are required for H2AK119 ubiquitylation. ESCs lacking Fbxl10, like previously characterized Polycomb mutants, cannot differentiate properly. These results demonstrate that Fbxl10 has a key role in regulating Ring1B recruitment to its target genes and H2AK119 ubiquitylation in ESCs.","[""Relation-DIRECT-REGULATOR"", ""DirectedEntity-GENE-N"", ""DirectionalEntity-CHEMICAL"", ""Relation-PART-OF"", ""DirectedEntity-GENE-Y""]","[{""DirectionalEntity"": {""Type"": ""CHEMICAL"", ""Name"": ""lysine""}, ""Relation"": {""Type"": ""PART-OF"", ""Name"": ""PART-OF""}, ""DirectedEntity"": {""Type"": ""GENE-N"", ""Name"": ""H2A""}}, {""DirectionalEntity"": {""Type"": ""CHEMICAL"", ""Name"": ""lysine""}, ""Relation"": {""Type"": ""PART-OF"", ""Name"": ""PART-OF""}, ""DirectedEntity"": {""Type"": ""GENE-N"", ""Name"": ""H2A""}}, {""DirectionalEntity"": {""Type"": ""CHEMICAL"", ""Name"": ""CpG""}, ""Relation"": {""Type"": ""DIRECT-REGULATOR"", ""Name"": ""DIRECT-REGULATOR""}, ""DirectedEntity"": {""Type"": ""GENE-Y"", ""Name"": ""Fbxl10""}}, {""DirectionalEntity"": {""Type"": ""CHEMICAL"", ""Name"": ""CpG""}, ""Relation"": {""Type"": ""DIRECT-REGULATOR"", ""Name"": ""DIRECT-REGULATOR""}, ""DirectedEntity"": {""Type"": ""GENE-N"", ""Name"": ""polycomb repressive complex 1""}}]"
"The characteristics of genistin-induced inhibitory effects on intestinal motility.
Genistin belongs to isoflavones. Based on the facts that genistin exerts inhibitory effects on the contractility of vascular smooth muscle,the present study was designed to characterize the effects of genistin on intestinal contractility and evaluate its potential clinical implication. Ex vivo [isolated jejunal segment (IJS) of rat], in vitro, and in vivo assays were used in the study. The results indicated that genistin (5-80 μmol/L) inhibited the contraction of IJS in a dose-dependent manner and inhibited the increased-contractility of IJS induced by acetylcholine (ACh), histamine, high Ca(2+), and erythromycin, respectively. The inhibitory effects of genistin were correlated with the stimulation of alpha adrenergic and beta adrenergic receptors since these inhibitory effects were significantly blocked in the presence of phentolamine and propranolol respectively. No further inhibitory effects of genistin were observed in the presence of verapamil or in Ca(2+)-free condition, indicating genistin-induced inhibitory effects are Ca(2+)-dependent. Genistin decreased myosin light chain kinase (MLCK) protein contents and MLCK mRNA expression in IJS, and inhibited both phosphorylation and Mg(2+)-ATPase activity of purified myosin, implicating that the decrease of MLCK contents and inhibition of MLCK activity are involved in the genistin-induced inhibitory effects. The study suggests the potential clinical implications of genistin in relieving intestinal hypercontractility.","[""DirectedEntity-GENE-N"", ""DirectionalEntity-CHEMICAL"", ""Relation-INDIRECT-DOWNREGULATOR"", ""Relation-INHIBITOR"", ""DirectedEntity-GENE-Y""]","[{""DirectionalEntity"": {""Type"": ""CHEMICAL"", ""Name"": ""Genistin""}, ""Relation"": {""Type"": ""INDIRECT-DOWNREGULATOR"", ""Name"": ""INDIRECT-DOWNREGULATOR""}, ""DirectedEntity"": {""Type"": ""GENE-Y"", ""Name"": ""myosin light chain kinase""}}, {""DirectionalEntity"": {""Type"": ""CHEMICAL"", ""Name"": ""Genistin""}, ""Relation"": {""Type"": ""INDIRECT-DOWNREGULATOR"", ""Name"": ""INDIRECT-DOWNREGULATOR""}, ""DirectedEntity"": {""Type"": ""GENE-Y"", ""Name"": ""MLCK""}}, {""DirectionalEntity"": {""Type"": ""CHEMICAL"", ""Name"": ""Genistin""}, ""Relation"": {""Type"": ""INDIRECT-DOWNREGULATOR"", ""Name"": ""INDIRECT-DOWNREGULATOR""}, ""DirectedEntity"": {""Type"": ""GENE-Y"", ""Name"": ""MLCK""}}, {""DirectionalEntity"": {""Type"": ""CHEMICAL"", ""Name"": ""Genistin""}, ""Relation"": {""Type"": ""INHIBITOR"", ""Name"": ""INHIBITOR""}, ""DirectedEntity"": {""Type"": ""GENE-N"", ""Name"": ""ATPase""}}, {""DirectionalEntity"": {""Type"": ""CHEMICAL"", ""Name"": ""genistin""}, ""Relation"": {""Type"": ""INDIRECT-DOWNREGULATOR"", ""Name"": ""INDIRECT-DOWNREGULATOR""}, ""DirectedEntity"": {""Type"": ""GENE-Y"", ""Name"": ""MLCK""}}, {""DirectionalEntity"": {""Type"": ""CHEMICAL"", ""Name"": ""genistin""}, ""Relation"": {""Type"": ""INHIBITOR"", ""Name"": ""INHIBITOR""}, ""DirectedEntity"": {""Type"": ""GENE-Y"", ""Name"": ""MLCK""}}]"
"Transcriptional regulatory factor X6 (Rfx6) increases gastric inhibitory polypeptide (GIP) expression in enteroendocrine K-cells and is involved in GIP hypersecretion in high fat diet-induced obesity.
Gastric inhibitory polypeptide (GIP) is an incretin released from enteroendocrine K-cells in response to nutrient ingestion. GIP potentiates glucose-stimulated insulin secretion and induces energy accumulation into adipose tissue, resulting in obesity. Plasma GIP levels are reported to be increased in the obese state. However, the molecular mechanisms of GIP secretion and high fat diet (HFD)-induced GIP hypersecretion remain unclear, primarily due to difficulties in separating K-cells from other intestinal epithelial cells in vivo. In this study, GIP-GFP knock-in mice that enable us to visualize K-cells by enhanced GFP were established. Microarray analysis of isolated K-cells from these mice revealed that transcriptional regulatory factor X6 (Rfx6) is expressed exclusively in K-cells. In vitro experiments using the mouse intestinal cell line STC-1 showed that knockdown of Rfx6 decreased mRNA expression, cellular content, and secretion of GIP. Rfx6 bound to the region in the gip promoter that regulates gip promoter activity, and overexpression of Rfx6 increased GIP mRNA expression. HFD induced obesity and GIP hypersecretion in GIP-GFP heterozygous mice in vivo. Immunohistochemical and flow cytometry analysis showed no significant difference in K-cell number between control fat diet-fed (CFD) and HFD-fed mice. However, GIP content in the upper small intestine and GIP mRNA expression in K-cells were significantly increased in HFD-fed mice compared with those in CFD-fed mice. Furthermore, expression levels of Rfx6 mRNA were increased in K-cells of HFD-fed mice. These results suggest that Rfx6 increases GIP expression and content in K-cells and is involved in GIP hypersecretion in HFD-induced obesity.","[""DirectedEntity-GENE-Y"", ""Relation-INDIRECT-UPREGULATOR"", ""DirectionalEntity-CHEMICAL""]","[{""DirectionalEntity"": {""Type"": ""CHEMICAL"", ""Name"": ""glucose""}, ""Relation"": {""Type"": ""INDIRECT-UPREGULATOR"", ""Name"": ""INDIRECT-UPREGULATOR""}, ""DirectedEntity"": {""Type"": ""GENE-Y"", ""Name"": ""insulin""}}]"
"Gallium and other main group metal compounds as antitumor agents.
Gallium has been the second metal to show activity against malignant tumors in humans soon after the establishment of platinum drugs in routine clinical practice. It has the unique property of inhibiting tumor growth as a simple cation, mainly because of its close resemblance to ferric iron. Even though its inability to shift between the trivalent and a divalent oxidation state precludes that gallium behaves as an iron analogue in every respect, it strongly interferes with cellular acquisition of iron from blood by competitive interaction with transferrin and transferrin receptor-mediated endocytosis. Furthermore, gallium also seems to affect intracellular availability of iron already taken up via this pathway, probably due to its inhibitory activity on vacuolar-type H(+)-ATPases. Apart from the consequences of iron deprivation, gallium exerts cytotoxic effects by direct interaction with the iron-dependent enzyme ribonucleotide reductase, resulting in reduced dNTP pools and inhibition of DNA synthesis. Both the abundance of transferrin receptors and upregulation of ribonucleotide reductase render tumors susceptible to gallium-induced cytotoxicity. However, some experimental findings raise the question whether these effects resulting from the iron-mimicking properties of gallium are solely responsible for its antineoplastic activity or whether additional mechanisms are involved, such as antimitotic effects which result from its capability of inhibiting tubulin polymerization. The limitations experienced with gallium nitrate and gallium chloride, which call for a prolonged exposure to low steady-state gallium levels in blood in order to adequately exploit the affinity of gallium to tumor tissues and to avoid severe toxic effects, may be overcome by oral gallium complexes such as tris(3-hydroxy-2-methyl-4H-pyran-4-onato)gallium(III) (gallium maltolate) or tris(8-quinolinolato)gallium(III) (KP46), which are currently being evaluated in clinical trials and show promise to initiate a revival of gallium in the clinical setting. These two investigational drugs, albeit differing in their complex stability, have both been developed with the intention of providing gallium in a form which allows sufficient intestinal absorption, but without altering its pharmacodynamic effects. Gallium complexes based on other rationales are scarce and, with regard to the well-known antineoplastic potential of this metal, noticeably under-explored. With the recent approval of arsenic trioxide for the second-line treatment of acute promyelocytic leukemia, the clinical revival of arsenic compounds, which have been the mainstay of antileukemic therapy before the age of modern cancer chemotherapy, has already begun. Currently, strong efforts are being made to explore the activity spectrum in other (less rare) malignancies and to gain a deeper insight into the mode of action. Although this development is currently focusing on arsenic trioxide, it should be suited to stimulate investigations into the therapeutic potential of other arsenic compounds as well.","[""Relation-DIRECT-REGULATOR"", ""DirectedEntity-GENE-N"", ""DirectionalEntity-CHEMICAL"", ""Relation-INHIBITOR"", ""DirectedEntity-GENE-Y""]","[{""DirectionalEntity"": {""Type"": ""CHEMICAL"", ""Name"": ""gallium""}, ""Relation"": {""Type"": ""DIRECT-REGULATOR"", ""Name"": ""DIRECT-REGULATOR""}, ""DirectedEntity"": {""Type"": ""GENE-Y"", ""Name"": ""transferrin""}}, {""DirectionalEntity"": {""Type"": ""CHEMICAL"", ""Name"": ""iron""}, ""Relation"": {""Type"": ""DIRECT-REGULATOR"", ""Name"": ""DIRECT-REGULATOR""}, ""DirectedEntity"": {""Type"": ""GENE-Y"", ""Name"": ""transferrin""}}, {""DirectionalEntity"": {""Type"": ""CHEMICAL"", ""Name"": ""gallium""}, ""Relation"": {""Type"": ""DIRECT-REGULATOR"", ""Name"": ""DIRECT-REGULATOR""}, ""DirectedEntity"": {""Type"": ""GENE-N"", ""Name"": ""transferrin receptor""}}, {""DirectionalEntity"": {""Type"": ""CHEMICAL"", ""Name"": ""iron""}, ""Relation"": {""Type"": ""DIRECT-REGULATOR"", ""Name"": ""DIRECT-REGULATOR""}, ""DirectedEntity"": {""Type"": ""GENE-N"", ""Name"": ""transferrin receptor""}}, {""DirectionalEntity"": {""Type"": ""CHEMICAL"", ""Name"": ""gallium""}, ""Relation"": {""Type"": ""INHIBITOR"", ""Name"": ""INHIBITOR""}, ""DirectedEntity"": {""Type"": ""GENE-N"", ""Name"": ""vacuolar-type H(+)-ATPases""}}, {""DirectionalEntity"": {""Type"": ""CHEMICAL"", ""Name"": ""gallium""}, ""Relation"": {""Type"": ""INHIBITOR"", ""Name"": ""INHIBITOR""}, ""DirectedEntity"": {""Type"": ""GENE-N"", ""Name"": ""tubulin""}}, {""DirectionalEntity"": {""Type"": ""CHEMICAL"", ""Name"": ""gallium""}, ""Relation"": {""Type"": ""DIRECT-REGULATOR"", ""Name"": ""DIRECT-REGULATOR""}, ""DirectedEntity"": {""Type"": ""GENE-N"", ""Name"": ""ribonucleotide reductase""}}, {""DirectionalEntity"": {""Type"": ""CHEMICAL"", ""Name"": ""iron""}, ""Relation"": {""Type"": ""INHIBITOR"", ""Name"": ""INHIBITOR""}, ""DirectedEntity"": {""Type"": ""GENE-N"", ""Name"": ""tubulin""}}]"
"Molecular cloning and radioligand binding characterization of the chemokine receptor CCR5 from rhesus macaque and human.
The aim of this study was to determine if macaque represents a suitable species for the pre-clinical evaluation of novel CCR5 antagonists, such as maraviroc (UK-427,857). To do this we cloned and expressed CCR5 from rhesus macaque and compared the binding properties of [125I]-MIP-1beta and [3H]-maraviroc with human recombinant CCR5. [125I]-MIP-1beta bound with similar high affinity to CCR5 from macaque (K(d) = 0.24 +/- 0.05 nM) and human (K(d) = 0.23 +/- 0.05 nM) and with similar kinetic properties. In competition binding studies the affinity of a range of human chemokines for macaque CCR5 was also similar to human CCR5. Maraviroc inhibited binding of [125I]-MIP-1beta to CCR5 from macaque and human with similar potency (IC50 = 17.50 +/- 1.24 nM and 7.18 +/- 0.93 nM, respectively) and antagonised MIP-1beta induced intracellular calcium release mediated through CCR5 from macaque and human with similar potency (IC50 = 17.50 +/- 3.30 nM and 12.07 +/- 1.89, respectively). [3H]-maraviroc bound with high affinity to CCR5 from macaque (K(d) = 1.36+/-0.07 nM) and human (K(d) = 0.86 +/- 0.08 nM), but was found to dissociate approximately 10-fold more quickly from macaque CCR5. However, as with the human receptor, maraviroc was shown to be a high affinity, potent functional antagonist of macaque CCR5 thereby indicating that the macaque should be a suitable species in which to evaluate the pharmacology, safety and potential mechanism-related toxicology of novel CCR5 antagonists.","[""Relation-DIRECT-REGULATOR"", ""DirectedEntity-GENE-N"", ""DirectionalEntity-CHEMICAL"", ""Relation-ANTAGONIST"", ""DirectedEntity-GENE-Y""]","[{""DirectionalEntity"": {""Type"": ""CHEMICAL"", ""Name"": ""maraviroc""}, ""Relation"": {""Type"": ""ANTAGONIST"", ""Name"": ""ANTAGONIST""}, ""DirectedEntity"": {""Type"": ""GENE-Y"", ""Name"": ""CCR5""}}, {""DirectionalEntity"": {""Type"": ""CHEMICAL"", ""Name"": ""UK-427,857""}, ""Relation"": {""Type"": ""ANTAGONIST"", ""Name"": ""ANTAGONIST""}, ""DirectedEntity"": {""Type"": ""GENE-Y"", ""Name"": ""CCR5""}}, {""DirectionalEntity"": {""Type"": ""CHEMICAL"", ""Name"": ""125I""}, ""Relation"": {""Type"": ""DIRECT-REGULATOR"", ""Name"": ""DIRECT-REGULATOR""}, ""DirectedEntity"": {""Type"": ""GENE-Y"", ""Name"": ""human recombinant CCR5""}}, {""DirectionalEntity"": {""Type"": ""CHEMICAL"", ""Name"": ""[3H]-maraviroc""}, ""Relation"": {""Type"": ""DIRECT-REGULATOR"", ""Name"": ""DIRECT-REGULATOR""}, ""DirectedEntity"": {""Type"": ""GENE-Y"", ""Name"": ""human recombinant CCR5""}}, {""DirectionalEntity"": {""Type"": ""CHEMICAL"", ""Name"": ""125I""}, ""Relation"": {""Type"": ""DIRECT-REGULATOR"", ""Name"": ""DIRECT-REGULATOR""}, ""DirectedEntity"": {""Type"": ""GENE-N"", ""Name"": ""CCR5""}}, {""DirectionalEntity"": {""Type"": ""CHEMICAL"", ""Name"": ""125I""}, ""Relation"": {""Type"": ""DIRECT-REGULATOR"", ""Name"": ""DIRECT-REGULATOR""}, ""DirectedEntity"": {""Type"": ""GENE-N"", ""Name"": ""CCR5""}}, {""DirectionalEntity"": {""Type"": ""CHEMICAL"", ""Name"": ""Maraviroc""}, ""Relation"": {""Type"": ""DIRECT-REGULATOR"", ""Name"": ""DIRECT-REGULATOR""}, ""DirectedEntity"": {""Type"": ""GENE-N"", ""Name"": ""CCR5""}}, {""DirectionalEntity"": {""Type"": ""CHEMICAL"", ""Name"": ""Maraviroc""}, ""Relation"": {""Type"": ""ANTAGONIST"", ""Name"": ""ANTAGONIST""}, ""DirectedEntity"": {""Type"": ""GENE-N"", ""Name"": ""CCR5""}}, {""DirectionalEntity"": {""Type"": ""CHEMICAL"", ""Name"": ""[3H]-maraviroc""}, ""Relation"": {""Type"": ""DIRECT-REGULATOR"", ""Name"": ""DIRECT-REGULATOR""}, ""DirectedEntity"": {""Type"": ""GENE-N"", ""Name"": ""CCR5""}}, {""DirectionalEntity"": {""Type"": ""CHEMICAL"", ""Name"": ""[3H]-maraviroc""}, ""Relation"": {""Type"": ""DIRECT-REGULATOR"", ""Name"": ""DIRECT-REGULATOR""}, ""DirectedEntity"": {""Type"": ""GENE-Y"", ""Name"": ""macaque CCR5""}}, {""DirectionalEntity"": {""Type"": ""CHEMICAL"", ""Name"": ""maraviroc""}, ""Relation"": {""Type"": ""ANTAGONIST"", ""Name"": ""ANTAGONIST""}, ""DirectedEntity"": {""Type"": ""GENE-Y"", ""Name"": ""macaque CCR5""}}, {""DirectionalEntity"": {""Type"": ""CHEMICAL"", ""Name"": ""maraviroc""}, ""Relation"": {""Type"": ""ANTAGONIST"", ""Name"": ""ANTAGONIST""}, ""DirectedEntity"": {""Type"": ""GENE-Y"", ""Name"": ""CCR5""}}]"
"The effect of ligand binding on the proteolytic pattern of methylmalonate semialdehyde dehydrogenase.
Native rat liver methylmalonate semialdehyde dehydrogenase was proteolyzed by lysylendopeptidase C, chymotrypsin, and trypsin to generate different cleavage fragments of molecular masses: 50, 8, 55, 44, 39, 53, 45, and 40 kDa. A proteolytic cleavage map of MMSDH was constructed based on sequencing data and a comparison of appearance and degradation rates of the different protein fragments as shown by SDS-PAGE. NAD+ was highly effective as a protector against proteolysis in both the N-terminal and the C-terminal parts of the intact enzyme. NADH did not efficiently protect the intact enzyme; however, it stabilized proteolytic fragment L50 from further degradation. This suggests that the NAD(+)-binding domain is not destroyed by cleavage of the N-terminal part of MMSDH. CoA had no effect on the proteolytic cleavage patterns of MMSDH. However, CoA esters reduced the protective effect of NAD+ with an order of effectiveness of acetyl-CoA greater than propionyl-CoA greater than butyryl-CoA. p-Nitrophenyl acetate, substrate for esterase activity by the enzyme, partially prevented the protective effect of NAD+ against proteolysis. These results suggest that S-acylation of the enzyme prevents a stabilizing conformational change induced in MMSDH by NAD+ binding.","[""Relation-DIRECT-REGULATOR"", ""DirectedEntity-GENE-N"", ""DirectionalEntity-CHEMICAL"", ""Relation-PART-OF"", ""Relation-SUBSTRATE"", ""DirectedEntity-GENE-Y""]","[{""DirectionalEntity"": {""Type"": ""CHEMICAL"", ""Name"": ""N""}, ""Relation"": {""Type"": ""PART-OF"", ""Name"": ""PART-OF""}, ""DirectedEntity"": {""Type"": ""GENE-Y"", ""Name"": ""MMSDH""}}, {""DirectionalEntity"": {""Type"": ""CHEMICAL"", ""Name"": ""p-Nitrophenyl acetate""}, ""Relation"": {""Type"": ""SUBSTRATE"", ""Name"": ""SUBSTRATE""}, ""DirectedEntity"": {""Type"": ""GENE-N"", ""Name"": ""esterase""}}, {""DirectionalEntity"": {""Type"": ""CHEMICAL"", ""Name"": ""N""}, ""Relation"": {""Type"": ""PART-OF"", ""Name"": ""PART-OF""}, ""DirectedEntity"": {""Type"": ""GENE-N"", ""Name"": ""NAD(+)-binding domain""}}, {""DirectionalEntity"": {""Type"": ""CHEMICAL"", ""Name"": ""S""}, ""Relation"": {""Type"": ""PART-OF"", ""Name"": ""PART-OF""}, ""DirectedEntity"": {""Type"": ""GENE-Y"", ""Name"": ""MMSDH""}}, {""DirectionalEntity"": {""Type"": ""CHEMICAL"", ""Name"": ""NAD+""}, ""Relation"": {""Type"": ""DIRECT-REGULATOR"", ""Name"": ""DIRECT-REGULATOR""}, ""DirectedEntity"": {""Type"": ""GENE-Y"", ""Name"": ""MMSDH""}}]"
"Na+/Cl- dipole couples agonist binding to kainate receptor activation.
Kainate-selective ionotropic glutamate receptors (GluRs) require external Na+ and Cl- as well as the neurotransmitter L-glutamate for activation. Although, external anions and cations apparently coactivate kainate receptors (KARs) in an identical manner, it has yet to be established how ions of opposite charge achieve this. An additional complication is that KARs are subject to other forms of cation modulation via extracellular acidification (i.e., protons) and divalent ions. Consequently, other cation species may compete with Na+ to regulate the time KARs remain in the open state. Here we designed experiments to unravel how external ions regulate GluR6 KARs. We show that GluR6 kinetics are unaffected by alterations in physiological pH but that divalent and alkali metal ions compete to determine the time course of KAR channel activity. Additionally, Na+ and Cl- ions coactivate GluR6 receptors by establishing a dipole, accounting for their common effect on KARs. Using charged amino acids as tethered ions, we further demonstrate that the docking order is fixed with cations binding first, followed by anions. Together, our findings identify the dipole as a novel gating feature that couples neurotransmitter binding to KAR activation.","[""DirectedEntity-GENE-N"", ""DirectedEntity-GENE-Y"", ""Relation-ACTIVATOR"", ""DirectionalEntity-CHEMICAL""]","[{""DirectionalEntity"": {""Type"": ""CHEMICAL"", ""Name"": ""Na+""}, ""Relation"": {""Type"": ""ACTIVATOR"", ""Name"": ""ACTIVATOR""}, ""DirectedEntity"": {""Type"": ""GENE-N"", ""Name"": ""Kainate-selective ionotropic glutamate receptors""}}, {""DirectionalEntity"": {""Type"": ""CHEMICAL"", ""Name"": ""Cl-""}, ""Relation"": {""Type"": ""ACTIVATOR"", ""Name"": ""ACTIVATOR""}, ""DirectedEntity"": {""Type"": ""GENE-N"", ""Name"": ""Kainate-selective ionotropic glutamate receptors""}}, {""DirectionalEntity"": {""Type"": ""CHEMICAL"", ""Name"": ""L-glutamate""}, ""Relation"": {""Type"": ""ACTIVATOR"", ""Name"": ""ACTIVATOR""}, ""DirectedEntity"": {""Type"": ""GENE-N"", ""Name"": ""Kainate-selective ionotropic glutamate receptors""}}, {""DirectionalEntity"": {""Type"": ""CHEMICAL"", ""Name"": ""Na+""}, ""Relation"": {""Type"": ""ACTIVATOR"", ""Name"": ""ACTIVATOR""}, ""DirectedEntity"": {""Type"": ""GENE-N"", ""Name"": ""GluRs""}}, {""DirectionalEntity"": {""Type"": ""CHEMICAL"", ""Name"": ""Cl-""}, ""Relation"": {""Type"": ""ACTIVATOR"", ""Name"": ""ACTIVATOR""}, ""DirectedEntity"": {""Type"": ""GENE-N"", ""Name"": ""GluRs""}}, {""DirectionalEntity"": {""Type"": ""CHEMICAL"", ""Name"": ""L-glutamate""}, ""Relation"": {""Type"": ""ACTIVATOR"", ""Name"": ""ACTIVATOR""}, ""DirectedEntity"": {""Type"": ""GENE-N"", ""Name"": ""GluRs""}}, {""DirectionalEntity"": {""Type"": ""CHEMICAL"", ""Name"": ""Cl-""}, ""Relation"": {""Type"": ""ACTIVATOR"", ""Name"": ""ACTIVATOR""}, ""DirectedEntity"": {""Type"": ""GENE-N"", ""Name"": ""kainate receptor""}}, {""DirectionalEntity"": {""Type"": ""CHEMICAL"", ""Name"": ""Na+""}, ""Relation"": {""Type"": ""ACTIVATOR"", ""Name"": ""ACTIVATOR""}, ""DirectedEntity"": {""Type"": ""GENE-N"", ""Name"": ""kainate receptor""}}, {""DirectionalEntity"": {""Type"": ""CHEMICAL"", ""Name"": ""Na+""}, ""Relation"": {""Type"": ""ACTIVATOR"", ""Name"": ""ACTIVATOR""}, ""DirectedEntity"": {""Type"": ""GENE-Y"", ""Name"": ""GluR6""}}, {""DirectionalEntity"": {""Type"": ""CHEMICAL"", ""Name"": ""Cl-""}, ""Relation"": {""Type"": ""ACTIVATOR"", ""Name"": ""ACTIVATOR""}, ""DirectedEntity"": {""Type"": ""GENE-Y"", ""Name"": ""GluR6""}}, {""DirectionalEntity"": {""Type"": ""CHEMICAL"", ""Name"": ""Na+""}, ""Relation"": {""Type"": ""ACTIVATOR"", ""Name"": ""ACTIVATOR""}, ""DirectedEntity"": {""Type"": ""GENE-N"", ""Name"": ""KARs""}}, {""DirectionalEntity"": {""Type"": ""CHEMICAL"", ""Name"": ""Cl-""}, ""Relation"": {""Type"": ""ACTIVATOR"", ""Name"": ""ACTIVATOR""}, ""DirectedEntity"": {""Type"": ""GENE-N"", ""Name"": ""KARs""}}]"
"Neurochemical properties of ramelteon (TAK-375), a selective MT1/MT2 receptor agonist.
Ramelteon (TAK-375) is a novel melatonin receptor agonist currently under investigation for the treatment of insomnia. This study describes the neurochemical and receptor binding characteristics of ramelteon in vitro. Ramelteon showed very high affinity for human MT1 (Mel1a) and MT2 (Mel1b) receptors (expressed in Chinese hamster ovary [CHO] cells), and chick forebrain melatonin receptors (consisting of Mel1a and Mel1c receptors) with Ki values of 14.0, 112, and 23.1 pM, respectively, making the affinities of ramelteon for these receptors 3-16 times higher than those of melatonin. The affinity of ramelteon for hamster brain MT3 binding sites was extremely weak (Ki: 2.65 microM) compared to melatonin's affinity for the MT3 binding site (Ki: 24.1 nM). In addition, ramelteon showed no measurable affinity for a large number of ligand binding sites (including benzodiazepine receptors, dopamine receptors, opiate receptors, ion channels, and transporters) and no effect on the activity of various enzymes. Ramelteon inhibited forskolin-stimulated cAMP production in the CHO cells that express the human MT1 or MT2 receptors. Taken together, these results indicate that ramelteon is a potent and highly selective agonist of MT1/MT2 melatonin receptors.","[""Relation-DIRECT-REGULATOR"", ""DirectedEntity-GENE-N"", ""Relation-AGONIST"", ""DirectionalEntity-CHEMICAL"", ""DirectedEntity-GENE-Y""]","[{""DirectionalEntity"": {""Type"": ""CHEMICAL"", ""Name"": ""ramelteon""}, ""Relation"": {""Type"": ""AGONIST"", ""Name"": ""AGONIST""}, ""DirectedEntity"": {""Type"": ""GENE-Y"", ""Name"": ""MT1""}}, {""DirectionalEntity"": {""Type"": ""CHEMICAL"", ""Name"": ""TAK-375""}, ""Relation"": {""Type"": ""AGONIST"", ""Name"": ""AGONIST""}, ""DirectedEntity"": {""Type"": ""GENE-Y"", ""Name"": ""MT1""}}, {""DirectionalEntity"": {""Type"": ""CHEMICAL"", ""Name"": ""ramelteon""}, ""Relation"": {""Type"": ""AGONIST"", ""Name"": ""AGONIST""}, ""DirectedEntity"": {""Type"": ""GENE-Y"", ""Name"": ""MT2 receptor""}}, {""DirectionalEntity"": {""Type"": ""CHEMICAL"", ""Name"": ""TAK-375""}, ""Relation"": {""Type"": ""AGONIST"", ""Name"": ""AGONIST""}, ""DirectedEntity"": {""Type"": ""GENE-Y"", ""Name"": ""MT2 receptor""}}, {""DirectionalEntity"": {""Type"": ""CHEMICAL"", ""Name"": ""Ramelteon""}, ""Relation"": {""Type"": ""AGONIST"", ""Name"": ""AGONIST""}, ""DirectedEntity"": {""Type"": ""GENE-N"", ""Name"": ""melatonin receptor""}}, {""DirectionalEntity"": {""Type"": ""CHEMICAL"", ""Name"": ""TAK-375""}, ""Relation"": {""Type"": ""AGONIST"", ""Name"": ""AGONIST""}, ""DirectedEntity"": {""Type"": ""GENE-N"", ""Name"": ""melatonin receptor""}}, {""DirectionalEntity"": {""Type"": ""CHEMICAL"", ""Name"": ""Ramelteon""}, ""Relation"": {""Type"": ""DIRECT-REGULATOR"", ""Name"": ""DIRECT-REGULATOR""}, ""DirectedEntity"": {""Type"": ""GENE-Y"", ""Name"": ""human MT1""}}, {""DirectionalEntity"": {""Type"": ""CHEMICAL"", ""Name"": ""Ramelteon""}, ""Relation"": {""Type"": ""DIRECT-REGULATOR"", ""Name"": ""DIRECT-REGULATOR""}, ""DirectedEntity"": {""Type"": ""GENE-Y"", ""Name"": ""Mel1a""}}, {""DirectionalEntity"": {""Type"": ""CHEMICAL"", ""Name"": ""Ramelteon""}, ""Relation"": {""Type"": ""DIRECT-REGULATOR"", ""Name"": ""DIRECT-REGULATOR""}, ""DirectedEntity"": {""Type"": ""GENE-Y"", ""Name"": ""MT2""}}, {""DirectionalEntity"": {""Type"": ""CHEMICAL"", ""Name"": ""Ramelteon""}, ""Relation"": {""Type"": ""DIRECT-REGULATOR"", ""Name"": ""DIRECT-REGULATOR""}, ""DirectedEntity"": {""Type"": ""GENE-Y"", ""Name"": ""Mel1b""}}, {""DirectionalEntity"": {""Type"": ""CHEMICAL"", ""Name"": ""Ramelteon""}, ""Relation"": {""Type"": ""DIRECT-REGULATOR"", ""Name"": ""DIRECT-REGULATOR""}, ""DirectedEntity"": {""Type"": ""GENE-Y"", ""Name"": ""Mel1a""}}, {""DirectionalEntity"": {""Type"": ""CHEMICAL"", ""Name"": ""Ramelteon""}, ""Relation"": {""Type"": ""DIRECT-REGULATOR"", ""Name"": ""DIRECT-REGULATOR""}, ""DirectedEntity"": {""Type"": ""GENE-Y"", ""Name"": ""Mel1c""}}, {""DirectionalEntity"": {""Type"": ""CHEMICAL"", ""Name"": ""ramelteon""}, ""Relation"": {""Type"": ""DIRECT-REGULATOR"", ""Name"": ""DIRECT-REGULATOR""}, ""DirectedEntity"": {""Type"": ""GENE-N"", ""Name"": ""MT3""}}, {""DirectionalEntity"": {""Type"": ""CHEMICAL"", ""Name"": ""ramelteon""}, ""Relation"": {""Type"": ""AGONIST"", ""Name"": ""AGONIST""}, ""DirectedEntity"": {""Type"": ""GENE-Y"", ""Name"": ""MT1""}}, {""DirectionalEntity"": {""Type"": ""CHEMICAL"", ""Name"": ""ramelteon""}, ""Relation"": {""Type"": ""AGONIST"", ""Name"": ""AGONIST""}, ""DirectedEntity"": {""Type"": ""GENE-Y"", ""Name"": ""MT2 melatonin receptors""}}]"
"High-throughput identification and characterization of novel, species-selective GPR35 agonists.
Drugs targeting the orphan receptor GPR35 have potential therapeutic application in a number of disease areas, including inflammation, metabolic disorders, nociception, and cardiovascular disease. Currently available surrogate GPR35 agonists identified from pharmacologically relevant compound libraries have limited utility due to the likelihood of off-target effects in vitro and in vivo and the variable potency that such ligands exhibit across species. We sought to identify and characterize novel GPR35 agonists to facilitate studies aimed at defining the physiologic role of GPR35. PathHunter β-arrestin recruitment technology was validated as a human GPR35 screening assay, and a high-throughput screen of 100,000 diverse low molecular weight compounds was conducted. Confirmed GPR35 agonists from five distinct chemotypes were selected for detailed characterization using both β-arrestin recruitment and G protein-dependent assays and each of the human, mouse, and rat GPR35 orthologs. These studies identified 4-{(Z)-[(2Z)-2-(2-fluorobenzylidene)-4-oxo-1,3-thiazolidin-5-ylidene]methyl}benzoic acid (compound 1) as the highest potency full agonist of human GPR35 yet described. As with certain other GPR35 agonists, compound 1 was markedly selective for human GPR35, but displayed elements of signal bias between β-arrestin-2 and G protein-dependent assays. Compound 1 also displayed competitive behavior when assessed against the human GPR35 antagonist, ML-145 (2-hydroxy-4-[4-(5Z)-5-[(E)-2-methyl-3-phenylprop-2-enylidene]-4-oxo-2-sulfanylidene-1,3-thiazolidin-3-yl]butanoylamino]benzoic acid). Of the other chemotypes studied, compounds 2 and 3 were selective for the human receptor, but compounds 4 and 5 demonstrated similar activity at human, rat, and mouse GPR35 orthologs. Further characterization of these compounds and related analogs is likely to facilitate a better understanding of GPR35 in health and disease.","[""DirectedEntity-GENE-Y"", ""Relation-AGONIST-ACTIVATOR"", ""DirectionalEntity-CHEMICAL"", ""Relation-ANTAGONIST""]","[{""DirectionalEntity"": {""Type"": ""CHEMICAL"", ""Name"": ""4-{(Z)-[(2Z)-2-(2-fluorobenzylidene)-4-oxo-1,3-thiazolidin-5-ylidene]methyl}benzoic acid""}, ""Relation"": {""Type"": ""AGONIST-ACTIVATOR"", ""Name"": ""AGONIST-ACTIVATOR""}, ""DirectedEntity"": {""Type"": ""GENE-Y"", ""Name"": ""human GPR35""}}, {""DirectionalEntity"": {""Type"": ""CHEMICAL"", ""Name"": ""ML-145""}, ""Relation"": {""Type"": ""ANTAGONIST"", ""Name"": ""ANTAGONIST""}, ""DirectedEntity"": {""Type"": ""GENE-Y"", ""Name"": ""human GPR35""}}, {""DirectionalEntity"": {""Type"": ""CHEMICAL"", ""Name"": ""2-hydroxy-4-[4-(5Z)-5-[(E)-2-methyl-3-phenylprop-2-enylidene]-4-oxo-2-sulfanylidene-1,3-thiazolidin-3-yl]butanoylamino]benzoic acid""}, ""Relation"": {""Type"": ""ANTAGONIST"", ""Name"": ""ANTAGONIST""}, ""DirectedEntity"": {""Type"": ""GENE-Y"", ""Name"": ""human GPR35""}}]"
"Nitrogen-containing bisphosphonates induce apoptosis of hematopoietic tumor cells via inhibition of Ras signaling pathways and Bim-mediated activation of the intrinsic apoptotic pathway.
Nitrogen-containing bisphosphonates (N-BPs) induce apoptosis in tumor cells by inhibiting the prenylation of small G-proteins. However, the details of the apoptosis-inducing mechanism remain obscure. The present study showed that the induction of apoptosis by N-BPs in hematopoietic tumor cells is mediated by mitochondrial apoptotic signaling pathways, which are activated by the suppression of geranylgeranyl pyrophosphate (GGPP) biosynthesis. Furthermore, N-BPs decreased the levels of phosphorylated extracellular signal-regulated kinase (ERK) and mTOR via suppression of Ras prenylation and enhanced Bim expression. The present results indicated that N-BPs induce apoptosis by decreasing the mitochondrial transmembrane potential, increasing the activation of caspase-9 and caspase-3, and enhancing Bim expression through inhibition of the Ras/MEK/ERK and Ras/mTOR pathways. The accumulation of N-BPs in bones suggests that they may act more effectively on tumors that have spread to bones or on Ras-variable tumors. This is the first study to show that the specific molecular pathways of N-BP-induced apoptosis.","[""DirectedEntity-GENE-N"", ""DirectionalEntity-CHEMICAL"", ""Relation-INDIRECT-DOWNREGULATOR"", ""Relation-ACTIVATOR"", ""Relation-INHIBITOR"", ""DirectedEntity-GENE-Y"", ""Relation-INDIRECT-UPREGULATOR""]","[{""DirectionalEntity"": {""Type"": ""CHEMICAL"", ""Name"": ""Nitrogen""}, ""Relation"": {""Type"": ""INHIBITOR"", ""Name"": ""INHIBITOR""}, ""DirectedEntity"": {""Type"": ""GENE-N"", ""Name"": ""Ras""}}, {""DirectionalEntity"": {""Type"": ""CHEMICAL"", ""Name"": ""bisphosphonates""}, ""Relation"": {""Type"": ""INHIBITOR"", ""Name"": ""INHIBITOR""}, ""DirectedEntity"": {""Type"": ""GENE-N"", ""Name"": ""Ras""}}, {""DirectionalEntity"": {""Type"": ""CHEMICAL"", ""Name"": ""Nitrogen""}, ""Relation"": {""Type"": ""ACTIVATOR"", ""Name"": ""ACTIVATOR""}, ""DirectedEntity"": {""Type"": ""GENE-Y"", ""Name"": ""Bim""}}, {""DirectionalEntity"": {""Type"": ""CHEMICAL"", ""Name"": ""bisphosphonates""}, ""Relation"": {""Type"": ""ACTIVATOR"", ""Name"": ""ACTIVATOR""}, ""DirectedEntity"": {""Type"": ""GENE-Y"", ""Name"": ""Bim""}}, {""DirectionalEntity"": {""Type"": ""CHEMICAL"", ""Name"": ""Nitrogen""}, ""Relation"": {""Type"": ""INHIBITOR"", ""Name"": ""INHIBITOR""}, ""DirectedEntity"": {""Type"": ""GENE-N"", ""Name"": ""G-proteins""}}, {""DirectionalEntity"": {""Type"": ""CHEMICAL"", ""Name"": ""bisphosphonates""}, ""Relation"": {""Type"": ""INHIBITOR"", ""Name"": ""INHIBITOR""}, ""DirectedEntity"": {""Type"": ""GENE-N"", ""Name"": ""G-proteins""}}, {""DirectionalEntity"": {""Type"": ""CHEMICAL"", ""Name"": ""N""}, ""Relation"": {""Type"": ""INHIBITOR"", ""Name"": ""INHIBITOR""}, ""DirectedEntity"": {""Type"": ""GENE-N"", ""Name"": ""G-proteins""}}, {""DirectionalEntity"": {""Type"": ""CHEMICAL"", ""Name"": ""BPs""}, ""Relation"": {""Type"": ""INHIBITOR"", ""Name"": ""INHIBITOR""}, ""DirectedEntity"": {""Type"": ""GENE-N"", ""Name"": ""G-proteins""}}, {""DirectionalEntity"": {""Type"": ""CHEMICAL"", ""Name"": ""BPs""}, ""Relation"": {""Type"": ""INDIRECT-DOWNREGULATOR"", ""Name"": ""INDIRECT-DOWNREGULATOR""}, ""DirectedEntity"": {""Type"": ""GENE-N"", ""Name"": ""phosphorylated extracellular signal-regulated kinase""}}, {""DirectionalEntity"": {""Type"": ""CHEMICAL"", ""Name"": ""BPs""}, ""Relation"": {""Type"": ""INDIRECT-DOWNREGULATOR"", ""Name"": ""INDIRECT-DOWNREGULATOR""}, ""DirectedEntity"": {""Type"": ""GENE-Y"", ""Name"": ""mTOR""}}, {""DirectionalEntity"": {""Type"": ""CHEMICAL"", ""Name"": ""BPs""}, ""Relation"": {""Type"": ""INDIRECT-DOWNREGULATOR"", ""Name"": ""INDIRECT-DOWNREGULATOR""}, ""DirectedEntity"": {""Type"": ""GENE-N"", ""Name"": ""ERK""}}, {""DirectionalEntity"": {""Type"": ""CHEMICAL"", ""Name"": ""N""}, ""Relation"": {""Type"": ""INDIRECT-DOWNREGULATOR"", ""Name"": ""INDIRECT-DOWNREGULATOR""}, ""DirectedEntity"": {""Type"": ""GENE-N"", ""Name"": ""phosphorylated extracellular signal-regulated kinase""}}, {""DirectionalEntity"": {""Type"": ""CHEMICAL"", ""Name"": ""N""}, ""Relation"": {""Type"": ""INDIRECT-DOWNREGULATOR"", ""Name"": ""INDIRECT-DOWNREGULATOR""}, ""DirectedEntity"": {""Type"": ""GENE-N"", ""Name"": ""ERK""}}, {""DirectionalEntity"": {""Type"": ""CHEMICAL"", ""Name"": ""N""}, ""Relation"": {""Type"": ""INDIRECT-DOWNREGULATOR"", ""Name"": ""INDIRECT-DOWNREGULATOR""}, ""DirectedEntity"": {""Type"": ""GENE-Y"", ""Name"": ""mTOR""}}, {""DirectionalEntity"": {""Type"": ""CHEMICAL"", ""Name"": ""N""}, ""Relation"": {""Type"": ""INHIBITOR"", ""Name"": ""INHIBITOR""}, ""DirectedEntity"": {""Type"": ""GENE-N"", ""Name"": ""Ras""}}, {""DirectionalEntity"": {""Type"": ""CHEMICAL"", ""Name"": ""BPs""}, ""Relation"": {""Type"": ""INHIBITOR"", ""Name"": ""INHIBITOR""}, ""DirectedEntity"": {""Type"": ""GENE-N"", ""Name"": ""Ras""}}, {""DirectionalEntity"": {""Type"": ""CHEMICAL"", ""Name"": ""N""}, ""Relation"": {""Type"": ""INDIRECT-UPREGULATOR"", ""Name"": ""INDIRECT-UPREGULATOR""}, ""DirectedEntity"": {""Type"": ""GENE-Y"", ""Name"": ""Bim""}}, {""DirectionalEntity"": {""Type"": ""CHEMICAL"", ""Name"": ""BPs""}, ""Relation"": {""Type"": ""INDIRECT-UPREGULATOR"", ""Name"": ""INDIRECT-UPREGULATOR""}, ""DirectedEntity"": {""Type"": ""GENE-Y"", ""Name"": ""Bim""}}, {""DirectionalEntity"": {""Type"": ""CHEMICAL"", ""Name"": ""BPs""}, ""Relation"": {""Type"": ""ACTIVATOR"", ""Name"": ""ACTIVATOR""}, ""DirectedEntity"": {""Type"": ""GENE-Y"", ""Name"": ""caspase-9""}}, {""DirectionalEntity"": {""Type"": ""CHEMICAL"", ""Name"": ""BPs""}, ""Relation"": {""Type"": ""ACTIVATOR"", ""Name"": ""ACTIVATOR""}, ""DirectedEntity"": {""Type"": ""GENE-Y"", ""Name"": ""caspase-3""}}, {""DirectionalEntity"": {""Type"": ""CHEMICAL"", ""Name"": ""BPs""}, ""Relation"": {""Type"": ""INDIRECT-UPREGULATOR"", ""Name"": ""INDIRECT-UPREGULATOR""}, ""DirectedEntity"": {""Type"": ""GENE-Y"", ""Name"": ""Bim""}}, {""DirectionalEntity"": {""Type"": ""CHEMICAL"", ""Name"": ""BPs""}, ""Relation"": {""Type"": ""INHIBITOR"", ""Name"": ""INHIBITOR""}, ""DirectedEntity"": {""Type"": ""GENE-N"", ""Name"": ""Ras""}}, {""DirectionalEntity"": {""Type"": ""CHEMICAL"", ""Name"": ""BPs""}, ""Relation"": {""Type"": ""INHIBITOR"", ""Name"": ""INHIBITOR""}, ""DirectedEntity"": {""Type"": ""GENE-N"", ""Name"": ""MEK""}}, {""DirectionalEntity"": {""Type"": ""CHEMICAL"", ""Name"": ""BPs""}, ""Relation"": {""Type"": ""INHIBITOR"", ""Name"": ""INHIBITOR""}, ""DirectedEntity"": {""Type"": ""GENE-N"", ""Name"": ""ERK""}}, {""DirectionalEntity"": {""Type"": ""CHEMICAL"", ""Name"": ""BPs""}, ""Relation"": {""Type"": ""INHIBITOR"", ""Name"": ""INHIBITOR""}, ""DirectedEntity"": {""Type"": ""GENE-N"", ""Name"": ""Ras""}}, {""DirectionalEntity"": {""Type"": ""CHEMICAL"", ""Name"": ""BPs""}, ""Relation"": {""Type"": ""INHIBITOR"", ""Name"": ""INHIBITOR""}, ""DirectedEntity"": {""Type"": ""GENE-Y"", ""Name"": ""mTOR""}}, {""DirectionalEntity"": {""Type"": ""CHEMICAL"", ""Name"": ""N""}, ""Relation"": {""Type"": ""ACTIVATOR"", ""Name"": ""ACTIVATOR""}, ""DirectedEntity"": {""Type"": ""GENE-Y"", ""Name"": ""caspase-9""}}, {""DirectionalEntity"": {""Type"": ""CHEMICAL"", ""Name"": ""N""}, ""Relation"": {""Type"": ""ACTIVATOR"", ""Name"": ""ACTIVATOR""}, ""DirectedEntity"": {""Type"": ""GENE-Y"", ""Name"": ""caspase-3""}}, {""DirectionalEntity"": {""Type"": ""CHEMICAL"", ""Name"": ""N""}, ""Relation"": {""Type"": ""INDIRECT-UPREGULATOR"", ""Name"": ""INDIRECT-UPREGULATOR""}, ""DirectedEntity"": {""Type"": ""GENE-Y"", ""Name"": ""Bim""}}, {""DirectionalEntity"": {""Type"": ""CHEMICAL"", ""Name"": ""N""}, ""Relation"": {""Type"": ""INHIBITOR"", ""Name"": ""INHIBITOR""}, ""DirectedEntity"": {""Type"": ""GENE-N"", ""Name"": ""Ras""}}, {""DirectionalEntity"": {""Type"": ""CHEMICAL"", ""Name"": ""N""}, ""Relation"": {""Type"": ""INHIBITOR"", ""Name"": ""INHIBITOR""}, ""DirectedEntity"": {""Type"": ""GENE-N"", ""Name"": ""MEK""}}, {""DirectionalEntity"": {""Type"": ""CHEMICAL"", ""Name"": ""N""}, ""Relation"": {""Type"": ""INHIBITOR"", ""Name"": ""INHIBITOR""}, ""DirectedEntity"": {""Type"": ""GENE-N"", ""Name"": ""ERK""}}, {""DirectionalEntity"": {""Type"": ""CHEMICAL"", ""Name"": ""N""}, ""Relation"": {""Type"": ""INHIBITOR"", ""Name"": ""INHIBITOR""}, ""DirectedEntity"": {""Type"": ""GENE-N"", ""Name"": ""Ras""}}, {""DirectionalEntity"": {""Type"": ""CHEMICAL"", ""Name"": ""N""}, ""Relation"": {""Type"": ""INHIBITOR"", ""Name"": ""INHIBITOR""}, ""DirectedEntity"": {""Type"": ""GENE-Y"", ""Name"": ""mTOR""}}]"
"A potential role for cyclized quinones derived from dopamine, DOPA, and 3,4-dihydroxyphenylacetic acid in proteasomal inhibition.
We examined the ability of oxidation products of dopamine, DOPA, and 3,4-dihydroxyphenylacetic acid (DOPAC) to inhibit proteasomal activity. Dopamine, DOPA, and DOPAC underwent tyrosinase-catalyzed oxidation to generate aminochrome, dopachrome, and furanoquinone, respectively. In these studies, the oxidation of dopamine by tyrosinase generated product(s) that inhibited the proteasome, and proteasomal inhibition correlated with the presence of the UV-visible spectrum of aminochrome. The addition of superoxide dismutase and catalase did not prevent proteasomal inhibition. The addition of NADH and the quinone reductase NAD(P)H:quinone oxidoreductase 1 (NQO1) protected against aminochrome-induced proteasome inhibition. Although NQO1 protected against dopamine-induced proteasomal inhibition, the metabolism of aminochrome by NQO1 led to oxygen uptake because of the generation of a redox-labile cyclized hydroquinone, further demonstrating the lack of involvement of oxygen radicals in proteasomal inhibition. DOPA underwent tyrosinase-catalyzed oxidation to form dopachrome, and similar to aminochrome, proteasomal inhibition correlated with the presence of a dopachrome UV-visible spectrum. The inclusion of NQO1 did not protect against proteasomal inhibition induced by dopachrome. Oxidation of DOPAC by tyrosinase generated furanoquinone, which was a poor proteasome inhibitor. These studies demonstrate that oxidation products, including cyclized quinones derived from dopamine and related compounds, rather than oxygen radicals have the ability to inhibit the proteasome. They also suggest an important protective role for NQO1 in protecting against dopamine-induced proteasomal inhibition. The ability of endogenous intermediates formed during dopaminergic metabolism to cause proteasomal inhibition provides a potential basis for the selectivity of dopaminergic neuron damage in Parkinson's disease.","[""Relation-INHIBITOR"", ""DirectedEntity-GENE-N"", ""DirectionalEntity-CHEMICAL"", ""Relation-SUBSTRATE"", ""Relation-PRODUCT-OF"", ""DirectedEntity-GENE-Y""]","[{""DirectionalEntity"": {""Type"": ""CHEMICAL"", ""Name"": ""Dopamine""}, ""Relation"": {""Type"": ""SUBSTRATE"", ""Name"": ""SUBSTRATE""}, ""DirectedEntity"": {""Type"": ""GENE-Y"", ""Name"": ""tyrosinase""}}, {""DirectionalEntity"": {""Type"": ""CHEMICAL"", ""Name"": ""DOPA""}, ""Relation"": {""Type"": ""SUBSTRATE"", ""Name"": ""SUBSTRATE""}, ""DirectedEntity"": {""Type"": ""GENE-Y"", ""Name"": ""tyrosinase""}}, {""DirectionalEntity"": {""Type"": ""CHEMICAL"", ""Name"": ""DOPAC""}, ""Relation"": {""Type"": ""SUBSTRATE"", ""Name"": ""SUBSTRATE""}, ""DirectedEntity"": {""Type"": ""GENE-Y"", ""Name"": ""tyrosinase""}}, {""DirectionalEntity"": {""Type"": ""CHEMICAL"", ""Name"": ""aminochrome""}, ""Relation"": {""Type"": ""PRODUCT-OF"", ""Name"": ""PRODUCT-OF""}, ""DirectedEntity"": {""Type"": ""GENE-Y"", ""Name"": ""tyrosinase""}}, {""DirectionalEntity"": {""Type"": ""CHEMICAL"", ""Name"": ""dopachrome""}, ""Relation"": {""Type"": ""PRODUCT-OF"", ""Name"": ""PRODUCT-OF""}, ""DirectedEntity"": {""Type"": ""GENE-Y"", ""Name"": ""tyrosinase""}}, {""DirectionalEntity"": {""Type"": ""CHEMICAL"", ""Name"": ""furanoquinone""}, ""Relation"": {""Type"": ""PRODUCT-OF"", ""Name"": ""PRODUCT-OF""}, ""DirectedEntity"": {""Type"": ""GENE-Y"", ""Name"": ""tyrosinase""}}, {""DirectionalEntity"": {""Type"": ""CHEMICAL"", ""Name"": ""dopamine""}, ""Relation"": {""Type"": ""SUBSTRATE"", ""Name"": ""SUBSTRATE""}, ""DirectedEntity"": {""Type"": ""GENE-Y"", ""Name"": ""tyrosinase""}}, {""DirectionalEntity"": {""Type"": ""CHEMICAL"", ""Name"": ""aminochrome""}, ""Relation"": {""Type"": ""INHIBITOR"", ""Name"": ""INHIBITOR""}, ""DirectedEntity"": {""Type"": ""GENE-N"", ""Name"": ""proteasome""}}, {""DirectionalEntity"": {""Type"": ""CHEMICAL"", ""Name"": ""aminochrome""}, ""Relation"": {""Type"": ""PRODUCT-OF"", ""Name"": ""PRODUCT-OF""}, ""DirectedEntity"": {""Type"": ""GENE-Y"", ""Name"": ""tyrosinase""}}, {""DirectionalEntity"": {""Type"": ""CHEMICAL"", ""Name"": ""aminochrome""}, ""Relation"": {""Type"": ""INHIBITOR"", ""Name"": ""INHIBITOR""}, ""DirectedEntity"": {""Type"": ""GENE-N"", ""Name"": ""proteasome""}}, {""DirectionalEntity"": {""Type"": ""CHEMICAL"", ""Name"": ""aminochrome""}, ""Relation"": {""Type"": ""SUBSTRATE"", ""Name"": ""SUBSTRATE""}, ""DirectedEntity"": {""Type"": ""GENE-N"", ""Name"": ""NQO1""}}, {""DirectionalEntity"": {""Type"": ""CHEMICAL"", ""Name"": ""hydroquinone""}, ""Relation"": {""Type"": ""PRODUCT-OF"", ""Name"": ""PRODUCT-OF""}, ""DirectedEntity"": {""Type"": ""GENE-N"", ""Name"": ""NQO1""}}, {""DirectionalEntity"": {""Type"": ""CHEMICAL"", ""Name"": ""dopachrome""}, ""Relation"": {""Type"": ""PRODUCT-OF"", ""Name"": ""PRODUCT-OF""}, ""DirectedEntity"": {""Type"": ""GENE-Y"", ""Name"": ""tyrosinase""}}, {""DirectionalEntity"": {""Type"": ""CHEMICAL"", ""Name"": ""DOPA""}, ""Relation"": {""Type"": ""SUBSTRATE"", ""Name"": ""SUBSTRATE""}, ""DirectedEntity"": {""Type"": ""GENE-Y"", ""Name"": ""tyrosinase""}}, {""DirectionalEntity"": {""Type"": ""CHEMICAL"", ""Name"": ""DOPAC""}, ""Relation"": {""Type"": ""SUBSTRATE"", ""Name"": ""SUBSTRATE""}, ""DirectedEntity"": {""Type"": ""GENE-Y"", ""Name"": ""tyrosinase""}}, {""DirectionalEntity"": {""Type"": ""CHEMICAL"", ""Name"": ""furanoquinone""}, ""Relation"": {""Type"": ""PRODUCT-OF"", ""Name"": ""PRODUCT-OF""}, ""DirectedEntity"": {""Type"": ""GENE-Y"", ""Name"": ""tyrosinase""}}, {""DirectionalEntity"": {""Type"": ""CHEMICAL"", ""Name"": ""quinones""}, ""Relation"": {""Type"": ""INHIBITOR"", ""Name"": ""INHIBITOR""}, ""DirectedEntity"": {""Type"": ""GENE-N"", ""Name"": ""proteasome""}}]"
"Evaluation of histamine H1-, H2-, and H3-receptor ligands at the human histamine H4 receptor: identification of 4-methylhistamine as the first potent and selective H4 receptor agonist.
The histamine H(4) receptor (H(4)R) is involved in the chemotaxis of leukocytes and mast cells to sites of inflammation and is suggested to be a potential drug target for asthma and allergy. So far, selective H(4)R agonists have not been identified. In the present study, we therefore evaluated the human H(4)R (hH(4)R) for its interaction with various known histaminergic ligands. Almost all of the tested H(1)R and H(2)R antagonists, including several important therapeutics, displaced less than 30% of specific [(3)H]histamine binding to the hH(4)R at concentrations up to 10 microM. Most of the tested H(2)R agonists and imidazole-based H(3)R ligands show micromolar-to-nanomolar range hH(4)R affinity, and these ligands exert different intrinsic hH(4)R activities, ranging from full agonists to inverse agonists. Interestingly, we identified 4-methylhistamine as a high-affinity H(4)R ligand (K(i) = 50 nM) that has a >100-fold selectivity for the hH(4)R over the other histamine receptor subtypes. Moreover, 4-methylhistamine potently activated the hH(4)R (pEC(50) = 7.4 +/- 0.1; alpha = 1), and this response was competitively antagonized by the selective H(4)R antagonist JNJ 7777120 [1-[(5-chloro-1H-indol-2-yl)-carbonyl]-4-methylpiperazine] (pA(2) = 7.8). The identification of 4-methylhistamine as a potent H(4)R agonist is of major importance for future studies to unravel the physiological roles of the H(4)R.","[""Relation-DIRECT-REGULATOR"", ""DirectedEntity-GENE-N"", ""Relation-AGONIST"", ""DirectionalEntity-CHEMICAL"", ""Relation-ACTIVATOR"", ""Relation-AGONIST-ACTIVATOR"", ""Relation-AGONIST-INHIBITOR"", ""Relation-ANTAGONIST"", ""DirectedEntity-GENE-Y""]","[{""DirectionalEntity"": {""Type"": ""CHEMICAL"", ""Name"": ""4-methylhistamine""}, ""Relation"": {""Type"": ""AGONIST"", ""Name"": ""AGONIST""}, ""DirectedEntity"": {""Type"": ""GENE-Y"", ""Name"": ""H4 receptor""}}, {""DirectionalEntity"": {""Type"": ""CHEMICAL"", ""Name"": ""[(3)H]histamine""}, ""Relation"": {""Type"": ""DIRECT-REGULATOR"", ""Name"": ""DIRECT-REGULATOR""}, ""DirectedEntity"": {""Type"": ""GENE-Y"", ""Name"": ""hH(4)R""}}, {""DirectionalEntity"": {""Type"": ""CHEMICAL"", ""Name"": ""imidazole""}, ""Relation"": {""Type"": ""DIRECT-REGULATOR"", ""Name"": ""DIRECT-REGULATOR""}, ""DirectedEntity"": {""Type"": ""GENE-Y"", ""Name"": ""H(3)R""}}, {""DirectionalEntity"": {""Type"": ""CHEMICAL"", ""Name"": ""imidazole""}, ""Relation"": {""Type"": ""DIRECT-REGULATOR"", ""Name"": ""DIRECT-REGULATOR""}, ""DirectedEntity"": {""Type"": ""GENE-Y"", ""Name"": ""hH(4)R""}}, {""DirectionalEntity"": {""Type"": ""CHEMICAL"", ""Name"": ""imidazole""}, ""Relation"": {""Type"": ""AGONIST-ACTIVATOR"", ""Name"": ""AGONIST-ACTIVATOR""}, ""DirectedEntity"": {""Type"": ""GENE-Y"", ""Name"": ""hH(4)R""}}, {""DirectionalEntity"": {""Type"": ""CHEMICAL"", ""Name"": ""imidazole""}, ""Relation"": {""Type"": ""AGONIST-INHIBITOR"", ""Name"": ""AGONIST-INHIBITOR""}, ""DirectedEntity"": {""Type"": ""GENE-Y"", ""Name"": ""hH(4)R""}}, {""DirectionalEntity"": {""Type"": ""CHEMICAL"", ""Name"": ""4-methylhistamine""}, ""Relation"": {""Type"": ""DIRECT-REGULATOR"", ""Name"": ""DIRECT-REGULATOR""}, ""DirectedEntity"": {""Type"": ""GENE-Y"", ""Name"": ""H(4)R""}}, {""DirectionalEntity"": {""Type"": ""CHEMICAL"", ""Name"": ""4-methylhistamine""}, ""Relation"": {""Type"": ""DIRECT-REGULATOR"", ""Name"": ""DIRECT-REGULATOR""}, ""DirectedEntity"": {""Type"": ""GENE-Y"", ""Name"": ""hH(4)R""}}, {""DirectionalEntity"": {""Type"": ""CHEMICAL"", ""Name"": ""4-methylhistamine""}, ""Relation"": {""Type"": ""DIRECT-REGULATOR"", ""Name"": ""DIRECT-REGULATOR""}, ""DirectedEntity"": {""Type"": ""GENE-N"", ""Name"": ""histamine receptor""}}, {""DirectionalEntity"": {""Type"": ""CHEMICAL"", ""Name"": ""4-methylhistamine""}, ""Relation"": {""Type"": ""ACTIVATOR"", ""Name"": ""ACTIVATOR""}, ""DirectedEntity"": {""Type"": ""GENE-Y"", ""Name"": ""hH(4)R""}}, {""DirectionalEntity"": {""Type"": ""CHEMICAL"", ""Name"": ""JNJ 7777120""}, ""Relation"": {""Type"": ""ANTAGONIST"", ""Name"": ""ANTAGONIST""}, ""DirectedEntity"": {""Type"": ""GENE-Y"", ""Name"": ""H(4)R""}}, {""DirectionalEntity"": {""Type"": ""CHEMICAL"", ""Name"": ""1-[(5-chloro-1H-indol-2-yl)-carbonyl]-4-methylpiperazine""}, ""Relation"": {""Type"": ""ANTAGONIST"", ""Name"": ""ANTAGONIST""}, ""DirectedEntity"": {""Type"": ""GENE-Y"", ""Name"": ""H(4)R""}}, {""DirectionalEntity"": {""Type"": ""CHEMICAL"", ""Name"": ""4-methylhistamine""}, ""Relation"": {""Type"": ""AGONIST"", ""Name"": ""AGONIST""}, ""DirectedEntity"": {""Type"": ""GENE-Y"", ""Name"": ""H(4)R""}}]"
"L-2-hydroxyglutaric aciduria, a defect of metabolite repair.
L-2-hydroxyglutaric aciduria is a metabolic disorder in which L-2-hydroxyglutarate accumulates as a result of a deficiency in FAD-linked L-2-hydroxyglutarate dehydrogenase, a mitochondrial enzyme converting L-2-hydroxyglutarate to alpha-ketoglutarate. The origin of the L-2-hydroxyglutarate, which accumulates in this disorder, is presently unknown. The oxidation-reduction potential of the 2-hydroxyglutarate/alpha-ketoglutarate couple is such that L-2-hydroxyglutarate could potentially be produced through the reduction of alpha-ketoglutarate by a NAD- or NADP-linked oxidoreductase. In fractions of rat liver cytosolic extracts that had been chromatographed on an anion exchanger we detected an enzyme reducing alpha-ketoglutarate in the presence of NADH. This enzyme co-purified with cytosolic L-malate dehydrogenase (cMDH) upon further chromatography on Blue Sepharose. Mitochondrial fractions also contained an NADH-linked, 'alpha-ketoglutarate reductase', which similarly co-purified with mitochondrial L-malate dehydrogenase (mMDH). Purified mMDH catalysed the reduction of alpha-ketoglutarate to L-2-hydroxyglutarate with a catalytic efficiency that was about 10(7)-fold lower than that observed with oxaloacetate. For the cytosolic enzyme, this ratio amounted to 10(8), indicating that this enzyme is more specific. Both cMDH and mMDH are highly active in tissues and alpha-ketoglutarate is much more abundant than oxaloacetate and more concentrated in mitochondria than in the cytosol. As a result of this, the weak activity of mMDH on alpha-ketoglutarate is sufficient to account for the amount of L-2-hydroxyglutarate that is excreted by patients deficient in FAD-linked L-2-hydroxyglutarate dehydrogenase. The latter enzyme appears, therefore, to be responsible for a 'metabolite repair' phenomenon and to belong to the expanding class of 'house-cleaning' enzymes.","[""DirectedEntity-GENE-N"", ""DirectionalEntity-CHEMICAL"", ""Relation-SUBSTRATE_PRODUCT-OF"", ""Relation-SUBSTRATE"", ""Relation-PRODUCT-OF"", ""DirectedEntity-GENE-Y""]","[{""DirectionalEntity"": {""Type"": ""CHEMICAL"", ""Name"": ""L-2-hydroxyglutarate""}, ""Relation"": {""Type"": ""SUBSTRATE"", ""Name"": ""SUBSTRATE""}, ""DirectedEntity"": {""Type"": ""GENE-Y"", ""Name"": ""L-2-hydroxyglutarate dehydrogenase""}}, {""DirectionalEntity"": {""Type"": ""CHEMICAL"", ""Name"": ""L-2-hydroxyglutarate""}, ""Relation"": {""Type"": ""SUBSTRATE"", ""Name"": ""SUBSTRATE""}, ""DirectedEntity"": {""Type"": ""GENE-Y"", ""Name"": ""L-2-hydroxyglutarate dehydrogenase""}}, {""DirectionalEntity"": {""Type"": ""CHEMICAL"", ""Name"": ""alpha-ketoglutarate""}, ""Relation"": {""Type"": ""PRODUCT-OF"", ""Name"": ""PRODUCT-OF""}, ""DirectedEntity"": {""Type"": ""GENE-Y"", ""Name"": ""L-2-hydroxyglutarate dehydrogenase""}}, {""DirectionalEntity"": {""Type"": ""CHEMICAL"", ""Name"": ""alpha-ketoglutarate""}, ""Relation"": {""Type"": ""SUBSTRATE"", ""Name"": ""SUBSTRATE""}, ""DirectedEntity"": {""Type"": ""GENE-Y"", ""Name"": ""mMDH""}}, {""DirectionalEntity"": {""Type"": ""CHEMICAL"", ""Name"": ""L-2-hydroxyglutarate""}, ""Relation"": {""Type"": ""PRODUCT-OF"", ""Name"": ""PRODUCT-OF""}, ""DirectedEntity"": {""Type"": ""GENE-Y"", ""Name"": ""mMDH""}}, {""DirectionalEntity"": {""Type"": ""CHEMICAL"", ""Name"": ""L-2-hydroxyglutarate""}, ""Relation"": {""Type"": ""SUBSTRATE"", ""Name"": ""SUBSTRATE""}, ""DirectedEntity"": {""Type"": ""GENE-Y"", ""Name"": ""L-2-hydroxyglutarate dehydrogenase""}}, {""DirectionalEntity"": {""Type"": ""CHEMICAL"", ""Name"": ""alpha-ketoglutarate""}, ""Relation"": {""Type"": ""SUBSTRATE"", ""Name"": ""SUBSTRATE""}, ""DirectedEntity"": {""Type"": ""GENE-Y"", ""Name"": ""mMDH""}}, {""DirectionalEntity"": {""Type"": ""CHEMICAL"", ""Name"": ""alpha-ketoglutarate""}, ""Relation"": {""Type"": ""SUBSTRATE"", ""Name"": ""SUBSTRATE""}, ""DirectedEntity"": {""Type"": ""GENE-N"", ""Name"": ""NAD- or NADP-linked oxidoreductase""}}, {""DirectionalEntity"": {""Type"": ""CHEMICAL"", ""Name"": ""L-2-hydroxyglutarate""}, ""Relation"": {""Type"": ""PRODUCT-OF"", ""Name"": ""PRODUCT-OF""}, ""DirectedEntity"": {""Type"": ""GENE-N"", ""Name"": ""NAD- or NADP-linked oxidoreductase""}}, {""DirectionalEntity"": {""Type"": ""CHEMICAL"", ""Name"": ""oxaloacetate""}, ""Relation"": {""Type"": ""SUBSTRATE_PRODUCT-OF"", ""Name"": ""SUBSTRATE_PRODUCT-OF""}, ""DirectedEntity"": {""Type"": ""GENE-Y"", ""Name"": ""mMDH""}}, {""DirectionalEntity"": {""Type"": ""CHEMICAL"", ""Name"": ""oxaloacetate""}, ""Relation"": {""Type"": ""SUBSTRATE"", ""Name"": ""SUBSTRATE""}, ""DirectedEntity"": {""Type"": ""GENE-Y"", ""Name"": ""cMDH""}}, {""DirectionalEntity"": {""Type"": ""CHEMICAL"", ""Name"": ""oxaloacetate""}, ""Relation"": {""Type"": ""SUBSTRATE_PRODUCT-OF"", ""Name"": ""SUBSTRATE_PRODUCT-OF""}, ""DirectedEntity"": {""Type"": ""GENE-Y"", ""Name"": ""mMDH""}}]"
"Selective brain region activation by histamine H3 receptor antagonist/inverse agonist ABT-239 enhances acetylcholine and histamine release and increases c-Fos expression.
Histamine axons originate solely from the tuberomamillary nucleus (TMN) to innervate almost all brain regions. This feature is consistent with a function for histamine over a host of physiological processes, including regulation of appetite, body temperature, cognitive processes, pain perception and sleep-wake cycle. An important question is whether these diverse physiological roles are served by different histamine neuronal subpopulations. Here we report that systemic administration of the non-imidazole histamine H3 receptor antagonist 4-(2-{2-[(2R)-2-methylpyrrolidinyl]ethyl}-benzofuran-5-yl)benzonitrile (ABT-239, 3 mg/kg) increased c-Fos expression dose-dependently in rat cortex and nucleus basalis magnocellularis (NBM) but not in the nucleus accumbens (NAcc) nor striatum, and augmented acetylcholine and histamine release from rat prefrontal cortex. To further understand functional histaminergic pathways in the brain, dual-probe microdialysis was used to pharmacologically block H3 receptors in the TMN. Perfusion of the TMN with ABT-239 (10 μM) increased histamine release from the TMN, NBM, and cortex, but not from the striatum or NAcc. When administered locally, ABT-239 increased histamine release from the NBM, but not from the NAcc. Systemic as well as intra-TMN administration of ABT-239 increased c-Fos expression in the NBM, and cortex, but not in the striatum or NAcc. Thus, as defined by their sensitivity to ABT-239, histaminergic neurons establish distinct pathways according to their terminal projections, and can differentially modulate neurotransmitter release in a brain region-specific manner. This implies independent functions of subsets of histamine neurons according to their terminal projections, with relevant consequences for the development of specific compounds that affect only subsets of histamine neurones, thus increasing target specificity.","[""DirectionalEntity-CHEMICAL"", ""Relation-AGONIST-INHIBITOR"", ""Relation-ANTAGONIST"", ""DirectedEntity-GENE-Y"", ""Relation-INDIRECT-UPREGULATOR""]","[{""DirectionalEntity"": {""Type"": ""CHEMICAL"", ""Name"": ""ABT-239""}, ""Relation"": {""Type"": ""AGONIST-INHIBITOR"", ""Name"": ""AGONIST-INHIBITOR""}, ""DirectedEntity"": {""Type"": ""GENE-Y"", ""Name"": ""histamine H3 receptor""}}, {""DirectionalEntity"": {""Type"": ""CHEMICAL"", ""Name"": ""4-(2-{2-[(2R)-2-methylpyrrolidinyl]ethyl}-benzofuran-5-yl)benzonitrile""}, ""Relation"": {""Type"": ""ANTAGONIST"", ""Name"": ""ANTAGONIST""}, ""DirectedEntity"": {""Type"": ""GENE-Y"", ""Name"": ""histamine H3 receptor""}}, {""DirectionalEntity"": {""Type"": ""CHEMICAL"", ""Name"": ""ABT-239""}, ""Relation"": {""Type"": ""ANTAGONIST"", ""Name"": ""ANTAGONIST""}, ""DirectedEntity"": {""Type"": ""GENE-Y"", ""Name"": ""histamine H3 receptor""}}, {""DirectionalEntity"": {""Type"": ""CHEMICAL"", ""Name"": ""ABT-239""}, ""Relation"": {""Type"": ""ANTAGONIST"", ""Name"": ""ANTAGONIST""}, ""DirectedEntity"": {""Type"": ""GENE-Y"", ""Name"": ""histamine H3 receptor""}}, {""DirectionalEntity"": {""Type"": ""CHEMICAL"", ""Name"": ""ABT-239""}, ""Relation"": {""Type"": ""INDIRECT-UPREGULATOR"", ""Name"": ""INDIRECT-UPREGULATOR""}, ""DirectedEntity"": {""Type"": ""GENE-Y"", ""Name"": ""c-Fos""}}, {""DirectionalEntity"": {""Type"": ""CHEMICAL"", ""Name"": ""4-(2-{2-[(2R)-2-methylpyrrolidinyl]ethyl}-benzofuran-5-yl)benzonitrile""}, ""Relation"": {""Type"": ""INDIRECT-UPREGULATOR"", ""Name"": ""INDIRECT-UPREGULATOR""}, ""DirectedEntity"": {""Type"": ""GENE-Y"", ""Name"": ""c-Fos""}}, {""DirectionalEntity"": {""Type"": ""CHEMICAL"", ""Name"": ""ABT-239""}, ""Relation"": {""Type"": ""INDIRECT-UPREGULATOR"", ""Name"": ""INDIRECT-UPREGULATOR""}, ""DirectedEntity"": {""Type"": ""GENE-Y"", ""Name"": ""c-Fos""}}, {""DirectionalEntity"": {""Type"": ""CHEMICAL"", ""Name"": ""ABT-239""}, ""Relation"": {""Type"": ""INDIRECT-UPREGULATOR"", ""Name"": ""INDIRECT-UPREGULATOR""}, ""DirectedEntity"": {""Type"": ""GENE-Y"", ""Name"": ""c-Fos""}}]"
"Ramelteon: TAK 375.
Ramelteon [TAK 375] is a melatonin (MT1/MT2) receptor agonist that is being developed by Takeda as a treatment for sleep disorders. It is undergoing regulatory review in the US, phase III trials in Europe, and phase II trials in Japan for the treatment of insomnia. Phase II trials are also being conducted in the US for the treatment of circadian rhythm sleep disordersIn September 2004, Takeda submitted an NDA to the US FDA for ramelteon for the treatment of insomnia. In May 2003, data presented at the 156th Annual Meeting of the American Psychiatric Association report that ramelteon is highly selective for the MT1 receptor, and has greater affinity, selectivity and potency than melatonin.","[""DirectedEntity-GENE-Y"", ""DirectionalEntity-CHEMICAL"", ""Relation-AGONIST""]","[{""DirectionalEntity"": {""Type"": ""CHEMICAL"", ""Name"": ""Ramelteon""}, ""Relation"": {""Type"": ""AGONIST"", ""Name"": ""AGONIST""}, ""DirectedEntity"": {""Type"": ""GENE-Y"", ""Name"": ""MT1""}}, {""DirectionalEntity"": {""Type"": ""CHEMICAL"", ""Name"": ""Ramelteon""}, ""Relation"": {""Type"": ""AGONIST"", ""Name"": ""AGONIST""}, ""DirectedEntity"": {""Type"": ""GENE-Y"", ""Name"": ""MT2""}}, {""DirectionalEntity"": {""Type"": ""CHEMICAL"", ""Name"": ""TAK 375""}, ""Relation"": {""Type"": ""AGONIST"", ""Name"": ""AGONIST""}, ""DirectedEntity"": {""Type"": ""GENE-Y"", ""Name"": ""MT1""}}, {""DirectionalEntity"": {""Type"": ""CHEMICAL"", ""Name"": ""TAK 375""}, ""Relation"": {""Type"": ""AGONIST"", ""Name"": ""AGONIST""}, ""DirectedEntity"": {""Type"": ""GENE-Y"", ""Name"": ""MT2""}}]"
"Inhibition of human alcohol and aldehyde dehydrogenases by cimetidine and assessment of its effects on ethanol metabolism.
Previous studies have reported that cimetidine, an H2-receptor antagonist used to treat gastric and duodenal ulcers, can inhibit alcohol dehydrogenases (ADHs) and ethanol metabolism. Human alcohol dehydrogenases and aldehyde dehydrogenases (ALDHs), the principal enzymes responsible for metabolism of ethanol, are complex enzyme families that exhibit functional polymorphisms among ethnic groups and distinct tissue distributions. We investigated the inhibition by cimetidine of alcohol oxidation by recombinant human ADH1A, ADH1B1, ADH1B2, ADH1B3, ADH1C1, ADH1C2, ADH2, and ADH4, and aldehyde oxidation by ALDH1A1 and ALDH2 at pH 7.5 and a cytosolic NAD(+) concentration. Cimetidine acted as competitive or noncompetitive inhibitors for the ADH and ALDH isozymes/allozymes with near mM inhibition constants. The metabolic interactions between cimetidine and ethanol/acetaldehyde were assessed by computer simulation using the inhibition equations and the determined kinetic constants. At therapeutic drug levels (0.015 mM) and physiologically relevant concentrations of ethanol (10 mM) and acetaldehyde (10 μM) in target tissues, cimetidine could weakly inhibit (<5%) the activities of ADH1B2 and ADH1B3 in liver, ADH2 in liver and small intestine, ADH4 in stomach, and ALDH1A1 in the three tissues, but not significantly affect ADH1A, ADH1B1, ADH1C1/2, or ALDH2. At higher drug levels, which may accumulate in cells (0.2 mM), the activities of the weakly-inhibited enzymes may be decreased more significantly. The quantitative effects of cimetidine on metabolism of ethanol and other physiological substrates of ADHs need further investigation.","[""DirectedEntity-GENE-N"", ""DirectionalEntity-CHEMICAL"", ""Relation-SUBSTRATE"", ""Relation-ANTAGONIST"", ""Relation-INHIBITOR"", ""DirectedEntity-GENE-Y""]","[{""DirectionalEntity"": {""Type"": ""CHEMICAL"", ""Name"": ""cimetidine""}, ""Relation"": {""Type"": ""ANTAGONIST"", ""Name"": ""ANTAGONIST""}, ""DirectedEntity"": {""Type"": ""GENE-Y"", ""Name"": ""H2-receptor""}}, {""DirectionalEntity"": {""Type"": ""CHEMICAL"", ""Name"": ""cimetidine""}, ""Relation"": {""Type"": ""INHIBITOR"", ""Name"": ""INHIBITOR""}, ""DirectedEntity"": {""Type"": ""GENE-N"", ""Name"": ""alcohol dehydrogenases""}}, {""DirectionalEntity"": {""Type"": ""CHEMICAL"", ""Name"": ""cimetidine""}, ""Relation"": {""Type"": ""INHIBITOR"", ""Name"": ""INHIBITOR""}, ""DirectedEntity"": {""Type"": ""GENE-N"", ""Name"": ""ADHs""}}, {""DirectionalEntity"": {""Type"": ""CHEMICAL"", ""Name"": ""ethanol""}, ""Relation"": {""Type"": ""SUBSTRATE"", ""Name"": ""SUBSTRATE""}, ""DirectedEntity"": {""Type"": ""GENE-N"", ""Name"": ""Human alcohol dehydrogenases""}}, {""DirectionalEntity"": {""Type"": ""CHEMICAL"", ""Name"": ""ethanol""}, ""Relation"": {""Type"": ""SUBSTRATE"", ""Name"": ""SUBSTRATE""}, ""DirectedEntity"": {""Type"": ""GENE-N"", ""Name"": ""aldehyde dehydrogenases""}}, {""DirectionalEntity"": {""Type"": ""CHEMICAL"", ""Name"": ""Cimetidine""}, ""Relation"": {""Type"": ""INHIBITOR"", ""Name"": ""INHIBITOR""}, ""DirectedEntity"": {""Type"": ""GENE-N"", ""Name"": ""ADH""}}, {""DirectionalEntity"": {""Type"": ""CHEMICAL"", ""Name"": ""Cimetidine""}, ""Relation"": {""Type"": ""INHIBITOR"", ""Name"": ""INHIBITOR""}, ""DirectedEntity"": {""Type"": ""GENE-N"", ""Name"": ""ALDH""}}, {""DirectionalEntity"": {""Type"": ""CHEMICAL"", ""Name"": ""ethanol""}, ""Relation"": {""Type"": ""SUBSTRATE"", ""Name"": ""SUBSTRATE""}, ""DirectedEntity"": {""Type"": ""GENE-N"", ""Name"": ""ALDHs""}}, {""DirectionalEntity"": {""Type"": ""CHEMICAL"", ""Name"": ""ethanol""}, ""Relation"": {""Type"": ""SUBSTRATE"", ""Name"": ""SUBSTRATE""}, ""DirectedEntity"": {""Type"": ""GENE-N"", ""Name"": ""alcohol dehydrogenases""}}, {""DirectionalEntity"": {""Type"": ""CHEMICAL"", ""Name"": ""ethanol""}, ""Relation"": {""Type"": ""SUBSTRATE"", ""Name"": ""SUBSTRATE""}, ""DirectedEntity"": {""Type"": ""GENE-N"", ""Name"": ""ADHs""}}, {""DirectionalEntity"": {""Type"": ""CHEMICAL"", ""Name"": ""ethanol""}, ""Relation"": {""Type"": ""SUBSTRATE"", ""Name"": ""SUBSTRATE""}, ""DirectedEntity"": {""Type"": ""GENE-N"", ""Name"": ""ADHs""}}, {""DirectionalEntity"": {""Type"": ""CHEMICAL"", ""Name"": ""cimetidine""}, ""Relation"": {""Type"": ""INHIBITOR"", ""Name"": ""INHIBITOR""}, ""DirectedEntity"": {""Type"": ""GENE-N"", ""Name"": ""ADHs""}}, {""DirectionalEntity"": {""Type"": ""CHEMICAL"", ""Name"": ""ethanol""}, ""Relation"": {""Type"": ""SUBSTRATE"", ""Name"": ""SUBSTRATE""}, ""DirectedEntity"": {""Type"": ""GENE-Y"", ""Name"": ""ADH1B2""}}, {""DirectionalEntity"": {""Type"": ""CHEMICAL"", ""Name"": ""ethanol""}, ""Relation"": {""Type"": ""SUBSTRATE"", ""Name"": ""SUBSTRATE""}, ""DirectedEntity"": {""Type"": ""GENE-Y"", ""Name"": ""ADH1B3""}}, {""DirectionalEntity"": {""Type"": ""CHEMICAL"", ""Name"": ""ethanol""}, ""Relation"": {""Type"": ""SUBSTRATE"", ""Name"": ""SUBSTRATE""}, ""DirectedEntity"": {""Type"": ""GENE-Y"", ""Name"": ""ADH1A""}}, {""DirectionalEntity"": {""Type"": ""CHEMICAL"", ""Name"": ""ethanol""}, ""Relation"": {""Type"": ""SUBSTRATE"", ""Name"": ""SUBSTRATE""}, ""DirectedEntity"": {""Type"": ""GENE-Y"", ""Name"": ""ADH1B1""}}, {""DirectionalEntity"": {""Type"": ""CHEMICAL"", ""Name"": ""ethanol""}, ""Relation"": {""Type"": ""SUBSTRATE"", ""Name"": ""SUBSTRATE""}, ""DirectedEntity"": {""Type"": ""GENE-Y"", ""Name"": ""ALDH2""}}, {""DirectionalEntity"": {""Type"": ""CHEMICAL"", ""Name"": ""ethanol""}, ""Relation"": {""Type"": ""SUBSTRATE"", ""Name"": ""SUBSTRATE""}, ""DirectedEntity"": {""Type"": ""GENE-Y"", ""Name"": ""ADH2""}}, {""DirectionalEntity"": {""Type"": ""CHEMICAL"", ""Name"": ""ethanol""}, ""Relation"": {""Type"": ""SUBSTRATE"", ""Name"": ""SUBSTRATE""}, ""DirectedEntity"": {""Type"": ""GENE-N"", ""Name"": ""ADH4""}}, {""DirectionalEntity"": {""Type"": ""CHEMICAL"", ""Name"": ""ethanol""}, ""Relation"": {""Type"": ""SUBSTRATE"", ""Name"": ""SUBSTRATE""}, ""DirectedEntity"": {""Type"": ""GENE-Y"", ""Name"": ""ALDH1A1""}}, {""DirectionalEntity"": {""Type"": ""CHEMICAL"", ""Name"": ""acetaldehyde""}, ""Relation"": {""Type"": ""SUBSTRATE"", ""Name"": ""SUBSTRATE""}, ""DirectedEntity"": {""Type"": ""GENE-Y"", ""Name"": ""ALDH1A1""}}]"
"Comparison of ophthalmic beta-blocking agents.
Glaucoma is described, and the chemistry, pharmacology, pharmacokinetics, clinical efficacy, adverse effects, and dosage and administration of betaxolol and levobunolol in comparison with timolol are reviewed. Betaxolol and levobunolol are two beta-adrenergic blocking agents being marketed as ophthalmic solutions for treatment of primary open-angle glaucoma (POAG) and ocular hypertension (OHT). Betaxolol is a relatively cardioselective beta-adrenergic blocker, while levobunolol is a nonselective beta-adrenergic blocking agent. Double-blind comparative trials have suggested that betaxolol has an equal to slightly lower efficacy and levobunolol has equal efficacy in reducing intraocular pressure (IOP) compared with timolol, the first ophthalmic beta blocker. A mean reduction in intraocular pressure of 15-35% occurs with both betaxolol and levobunolol and is reported to be maintained with prolonged use. Betaxolol is associated with a higher (25%) incidence of local ocular adverse reactions than timolol. However, betaxolol produces less systemic beta 2- and possibly beta 1-adrenergic receptor blockade than either timolol or levobunolol. Betaxolol may be relatively safer to use in patients with reactive airway disease than either timolol or levobunolol. Levobunolol causes a similar to greater incidence of local ocular adverse reactions and similar systemic beta blockade compared with timolol. Levobunolol may possibly be longer acting than timolol, allowing more patients to be controlled by once-daily dosing. Betaxolol and levobunolol appear to be similar to timolol in controlling IOP in patients with POAG and OHT; additional experience with these agents is needed to assess the advantages and disadvantages of each agent.","[""Relation-INHIBITOR"", ""DirectedEntity-GENE-Y"", ""DirectionalEntity-CHEMICAL""]","[{""DirectionalEntity"": {""Type"": ""CHEMICAL"", ""Name"": ""betaxolol""}, ""Relation"": {""Type"": ""INHIBITOR"", ""Name"": ""INHIBITOR""}, ""DirectedEntity"": {""Type"": ""GENE-Y"", ""Name"": ""beta 1-adrenergic receptor""}}, {""DirectionalEntity"": {""Type"": ""CHEMICAL"", ""Name"": ""timolol""}, ""Relation"": {""Type"": ""INHIBITOR"", ""Name"": ""INHIBITOR""}, ""DirectedEntity"": {""Type"": ""GENE-Y"", ""Name"": ""beta 1-adrenergic receptor""}}, {""DirectionalEntity"": {""Type"": ""CHEMICAL"", ""Name"": ""levobunolol""}, ""Relation"": {""Type"": ""INHIBITOR"", ""Name"": ""INHIBITOR""}, ""DirectedEntity"": {""Type"": ""GENE-Y"", ""Name"": ""beta 1-adrenergic receptor""}}]"
"Assessment of effects of IR and IPC on activities of cytochrome P450 isozymes in rats by a five-drug cocktail approach.
Abstract Background and objective: To evaluate the effects of ischemia and reperfusion (IR) and ischemic preconditioning (IPC) on the metabolic activities of cytochrome P450 (CYP) isozymes in rats by a five-drug cocktail approach. Methods: Cocktail approach was used to evaluate the influence of IR and IPC on the activities of CYP1A2, CYP2C9, CYP2E1, CYP2D6 and CYP3A4, which were reflected by the changes of pharmacokinetic parameters of five specific probe drugs: caffeine, chlorzoxazone, tolbutamide, metoprolol and midazolam, respectively. Rats were randomly divided into IR, IPC and sham groups, and then injected the mixture of five probe drugs. Blood samples were collected at a series of time-points and the concentrations of probe drugs in plasma were determined by a HPLC method with UV detection. The pharmacokinetic parameters were calculated by the software of DAS 2.0. Results: The parameters including t(1/2β), CLs, AUC, MRT and K(10) exhibited a similar tendency for both IR and IPC groups. Compared with sham group, CLs and K(10) of five probe drugs were significantly lower (p < 0.05), AUC and t(1/2β) of five or some probe drugs were significantly increased in IR and IPC groups (p < 0.05). Compared with IPC group, CLs of five probe drugs were decreased and AUC were significantly increased in the IR group (p < 0.05). Conclusion: IR can variably decrease the activities of CYP isozymes in rats and this decrease can be attenuated by IPC.","[""Relation-DIRECT-REGULATOR"", ""DirectedEntity-GENE-Y"", ""DirectionalEntity-CHEMICAL""]","[{""DirectionalEntity"": {""Type"": ""CHEMICAL"", ""Name"": ""caffeine""}, ""Relation"": {""Type"": ""DIRECT-REGULATOR"", ""Name"": ""DIRECT-REGULATOR""}, ""DirectedEntity"": {""Type"": ""GENE-Y"", ""Name"": ""CYP1A2""}}, {""DirectionalEntity"": {""Type"": ""CHEMICAL"", ""Name"": ""chlorzoxazone""}, ""Relation"": {""Type"": ""DIRECT-REGULATOR"", ""Name"": ""DIRECT-REGULATOR""}, ""DirectedEntity"": {""Type"": ""GENE-Y"", ""Name"": ""CYP2C9""}}, {""DirectionalEntity"": {""Type"": ""CHEMICAL"", ""Name"": ""tolbutamide""}, ""Relation"": {""Type"": ""DIRECT-REGULATOR"", ""Name"": ""DIRECT-REGULATOR""}, ""DirectedEntity"": {""Type"": ""GENE-Y"", ""Name"": ""CYP2E1""}}, {""DirectionalEntity"": {""Type"": ""CHEMICAL"", ""Name"": ""metoprolol""}, ""Relation"": {""Type"": ""DIRECT-REGULATOR"", ""Name"": ""DIRECT-REGULATOR""}, ""DirectedEntity"": {""Type"": ""GENE-Y"", ""Name"": ""CYP2D6""}}, {""DirectionalEntity"": {""Type"": ""CHEMICAL"", ""Name"": ""midazolam""}, ""Relation"": {""Type"": ""DIRECT-REGULATOR"", ""Name"": ""DIRECT-REGULATOR""}, ""DirectedEntity"": {""Type"": ""GENE-Y"", ""Name"": ""CYP3A4""}}]"
"6-OHDA-induced apoptosis and mitochondrial dysfunction are mediated by early modulation of intracellular signals and interaction of Nrf2 and NF-κB factors.
6-Hydroxydopamine (6-OHDA) is a neurotoxin that generates an experimental model of Parkinson's disease in rodents and is commonly employed to induce a lesion in dopaminergic pathways. The characterization of those molecular mechanisms linked to 6-OHDA-induced early toxicity is needed to better understand the cellular events further leading to neurodegeneration. The present work explored how 6-OHDA triggers early downstream signaling pathways that activate neurotoxicity in the rat striatum. Mitochondrial function, caspases-dependent apoptosis, kinases signaling (Akt, ERK 1/2, SAP/JNK and p38) and crosstalk between nuclear factor kappa B (NF-κB) and nuclear factor-erythroid-2-related factor 2 (Nrf2) were evaluated at early times post-lesion. We found that 6-OHDA initiates cell damage via mitochondrial complex I inhibition, cytochrome c and apoptosis-inducing factor (AIF) release, as well as activation of caspases 9 and 3 to induce apoptosis, kinase signaling modulation and NF-κB-mediated inflammatory responses, accompanied by inhibition of antioxidant systems regulated by the Nrf2 pathway. Our results suggest that kinases SAP/JNK and p38 up-regulation may play a role in the early stages of 6-OHDA toxicity to trigger intrinsic pathways for apoptosis and enhanced NF-κB activation. In turn, these cellular events inhibit the activation of cytoprotective mechanisms, thereby leading to a condition of general damage.","[""DirectedEntity-GENE-N"", ""DirectionalEntity-CHEMICAL"", ""Relation-ACTIVATOR"", ""Relation-INHIBITOR"", ""DirectedEntity-GENE-Y"", ""Relation-INDIRECT-UPREGULATOR""]","[{""DirectionalEntity"": {""Type"": ""CHEMICAL"", ""Name"": ""6-OHDA""}, ""Relation"": {""Type"": ""INHIBITOR"", ""Name"": ""INHIBITOR""}, ""DirectedEntity"": {""Type"": ""GENE-N"", ""Name"": ""mitochondrial complex I""}}, {""DirectionalEntity"": {""Type"": ""CHEMICAL"", ""Name"": ""6-OHDA""}, ""Relation"": {""Type"": ""INDIRECT-UPREGULATOR"", ""Name"": ""INDIRECT-UPREGULATOR""}, ""DirectedEntity"": {""Type"": ""GENE-Y"", ""Name"": ""cytochrome c""}}, {""DirectionalEntity"": {""Type"": ""CHEMICAL"", ""Name"": ""6-OHDA""}, ""Relation"": {""Type"": ""INDIRECT-UPREGULATOR"", ""Name"": ""INDIRECT-UPREGULATOR""}, ""DirectedEntity"": {""Type"": ""GENE-N"", ""Name"": ""apoptosis-inducing factor""}}, {""DirectionalEntity"": {""Type"": ""CHEMICAL"", ""Name"": ""6-OHDA""}, ""Relation"": {""Type"": ""INDIRECT-UPREGULATOR"", ""Name"": ""INDIRECT-UPREGULATOR""}, ""DirectedEntity"": {""Type"": ""GENE-N"", ""Name"": ""AIF""}}, {""DirectionalEntity"": {""Type"": ""CHEMICAL"", ""Name"": ""6-OHDA""}, ""Relation"": {""Type"": ""ACTIVATOR"", ""Name"": ""ACTIVATOR""}, ""DirectedEntity"": {""Type"": ""GENE-N"", ""Name"": ""NF-κB""}}]"
"Circulating protein biomarkers of pharmacodynamic activity of sunitinib in patients with metastatic renal cell carcinoma: modulation of VEGF and VEGF-related proteins.
BACKGROUND: Sunitinib malate (SUTENT) is an oral, multitargeted tyrosine kinase inhibitor, approved multinationally for the treatment of advanced RCC and of imatinib-resistant or - intolerant GIST. The purpose of this study was to explore potential biomarkers of sunitinib pharmacological activity via serial assessment of plasma levels of four soluble proteins from patients in a phase II study of advanced RCC: VEGF, soluble VEGFR-2 (sVEGFR-2), placenta growth factor (PlGF), and a novel soluble variant of VEGFR-3 (sVEGFR-3). METHODS: Sunitinib was administered at 50 mg/day on a 4/2 schedule (4 weeks on treatment, 2 weeks off treatment) to 63 patients with metastatic RCC after failure of first-line cytokine therapy. Predose plasma samples were collected on days 1 and 28 of each cycle and analyzed via ELISA. RESULTS: At the end of cycle 1, VEGF and PlGF levels increased >3-fold (relative to baseline) in 24/54 (44%) and 22/55 (40%) cases, respectively (P < 0.001). sVEGFR-2 levels decreased >or= 30% in 50/55 (91%) cases and >or= 20% in all cases (P < 0.001) during cycle 1, while sVEGFR-3 levels were decreased >or= 30% in 48 of 55 cases (87%), and >or= 20% in all but 2 cases. These levels tended to return to near-baseline after 2 weeks off treatment, indicating that these effects were dependent on drug exposure. Overall, significantly larger changes in VEGF, sVEGFR-2, and sVEGFR-3 levels were observed in patients exhibiting objective tumor response compared with those exhibiting stable disease or disease progression (P < 0.05 for each analyte; analysis not done for PlGF). CONCLUSION: Sunitinib treatment in advanced RCC patients leads to modulation of plasma levels of circulating proteins involved in VEGF signaling, including soluble forms of two VEGF receptors. This panel of proteins may be of value as biomarkers of the pharmacological and clinical activity of sunitinib in RCC, and of angiogenic processes in cancer and other diseases.","[""Relation-INHIBITOR"", ""DirectedEntity-GENE-N"", ""DirectionalEntity-CHEMICAL""]","[{""DirectionalEntity"": {""Type"": ""CHEMICAL"", ""Name"": ""Sunitinib malate""}, ""Relation"": {""Type"": ""INHIBITOR"", ""Name"": ""INHIBITOR""}, ""DirectedEntity"": {""Type"": ""GENE-N"", ""Name"": ""tyrosine kinase""}}, {""DirectionalEntity"": {""Type"": ""CHEMICAL"", ""Name"": ""SUTENT""}, ""Relation"": {""Type"": ""INHIBITOR"", ""Name"": ""INHIBITOR""}, ""DirectedEntity"": {""Type"": ""GENE-N"", ""Name"": ""tyrosine kinase""}}]"
"Chromosomal mapping of two members of the human glutamate dehydrogenase (GLUD) gene family to chromosomes 10q22.3-q23 and Xq22-q23.
Glutamate dehydrogenase (GLUD) is an important mitochondrial enzyme that participates in neuronal transmission by catalyzing the deamination of L-glutamate, which serves as a potent excitatory neurotransmitter. The direct involvement of GLUD in the pathogenesis of certain human neurodegenerative disorders has been suggested recently. To investigate its possible role in the induction and progression of these disorders, we have initiated studies focusing on the chromosomal organization of the several members of the GLUD family and their functional status. In the present study using a panel of human x rodent somatic cell hybrids and in situ hybridization to metaphase chromosomes, we documented that the members of the GLUD gene family are dispersed in the human genome. The functional GLUD1 gene was mapped to chromosome 10q22.3-q23, and an intronless processed gene (GLUDP1) to chromosome Xq22-q23, while the truncated intron-containing GLUD pseudogene GLUDP2 was also assigned on chromosome 10, but not closely linked to the GLUD1 gene. These results provide novel information concerning the chromosomal organization of the human GLUD gene family.","[""Relation-SUBSTRATE"", ""DirectedEntity-GENE-N"", ""DirectionalEntity-CHEMICAL""]","[{""DirectionalEntity"": {""Type"": ""CHEMICAL"", ""Name"": ""L-glutamate""}, ""Relation"": {""Type"": ""SUBSTRATE"", ""Name"": ""SUBSTRATE""}, ""DirectedEntity"": {""Type"": ""GENE-N"", ""Name"": ""GLUD""}}, {""DirectionalEntity"": {""Type"": ""CHEMICAL"", ""Name"": ""L-glutamate""}, ""Relation"": {""Type"": ""SUBSTRATE"", ""Name"": ""SUBSTRATE""}, ""DirectedEntity"": {""Type"": ""GENE-N"", ""Name"": ""Glutamate dehydrogenase""}}]"
"Imiquimod, a Toll-like receptor-7 agonist, induces perforin in cytotoxic T lymphocytes in vitro.
Imiquimod (IMQ), an activator of Toll-like receptor-7 (TLR-7), induces by several routes a profound anti-viral and anti-tumor effect in vivo. Physiologically, the immune system is using perforin-containing granules of cytotoxic T lymphocytes (CTL) towards the same biological purpose. This functional synergism prompted our current experiments addressing the question whether IMQ may influence perforin-release and/or induce perforin in CTLs in vitro. In peripheral lymphocytes of healthy and diseased subjects, IMQ induced a significant increase of perforin(+) CTLs within 12h in all experiments performed. This effect was most pronounced in CTLs of patients suffering from atopic dermatitis, a model disorder for subnormal perforin expression: as compared to perforin(+) CTLs detected at time point zero (100%), up to 270% of perforin(+) CTLs were induced by 2.5 microg/ml [corrected] IMQ. Perforin release from peripheral blood CTLs after PMA/ionomycin-stimulation was not influenced significantly by IMQ. Thus, the biological activity of IMQ appears to exceed its previously known functions, inasmuch as it boosts up significantly the perforin-granule system.","[""Relation-AGONIST"", ""DirectionalEntity-CHEMICAL"", ""Relation-ACTIVATOR"", ""DirectedEntity-GENE-Y"", ""Relation-INDIRECT-UPREGULATOR""]","[{""DirectionalEntity"": {""Type"": ""CHEMICAL"", ""Name"": ""Imiquimod""}, ""Relation"": {""Type"": ""AGONIST"", ""Name"": ""AGONIST""}, ""DirectedEntity"": {""Type"": ""GENE-Y"", ""Name"": ""Toll-like receptor-7""}}, {""DirectionalEntity"": {""Type"": ""CHEMICAL"", ""Name"": ""Imiquimod""}, ""Relation"": {""Type"": ""ACTIVATOR"", ""Name"": ""ACTIVATOR""}, ""DirectedEntity"": {""Type"": ""GENE-Y"", ""Name"": ""Toll-like receptor-7""}}, {""DirectionalEntity"": {""Type"": ""CHEMICAL"", ""Name"": ""Imiquimod""}, ""Relation"": {""Type"": ""ACTIVATOR"", ""Name"": ""ACTIVATOR""}, ""DirectedEntity"": {""Type"": ""GENE-Y"", ""Name"": ""TLR-7""}}, {""DirectionalEntity"": {""Type"": ""CHEMICAL"", ""Name"": ""IMQ""}, ""Relation"": {""Type"": ""ACTIVATOR"", ""Name"": ""ACTIVATOR""}, ""DirectedEntity"": {""Type"": ""GENE-Y"", ""Name"": ""Toll-like receptor-7""}}, {""DirectionalEntity"": {""Type"": ""CHEMICAL"", ""Name"": ""IMQ""}, ""Relation"": {""Type"": ""ACTIVATOR"", ""Name"": ""ACTIVATOR""}, ""DirectedEntity"": {""Type"": ""GENE-Y"", ""Name"": ""TLR-7""}}, {""DirectionalEntity"": {""Type"": ""CHEMICAL"", ""Name"": ""IMQ""}, ""Relation"": {""Type"": ""INDIRECT-UPREGULATOR"", ""Name"": ""INDIRECT-UPREGULATOR""}, ""DirectedEntity"": {""Type"": ""GENE-Y"", ""Name"": ""perforin""}}, {""DirectionalEntity"": {""Type"": ""CHEMICAL"", ""Name"": ""IMQ""}, ""Relation"": {""Type"": ""INDIRECT-UPREGULATOR"", ""Name"": ""INDIRECT-UPREGULATOR""}, ""DirectedEntity"": {""Type"": ""GENE-Y"", ""Name"": ""perforin""}}, {""DirectionalEntity"": {""Type"": ""CHEMICAL"", ""Name"": ""IMQ""}, ""Relation"": {""Type"": ""INDIRECT-UPREGULATOR"", ""Name"": ""INDIRECT-UPREGULATOR""}, ""DirectedEntity"": {""Type"": ""GENE-Y"", ""Name"": ""perforin""}}]"
"Cynomolgus monkey as a potential model to assess drug interactions involving hepatic organic anion transporting polypeptides: in vitro, in vivo, and in vitro-to-in vivo extrapolation.
Organic anion-transporting polypeptides (OATP) 1B1, 1B3, and 2B1 can serve as the loci of drug-drug interactions (DDIs). In the present work, the cynomolgus monkey was evaluated as a potential model for studying OATP-mediated DDIs. Three cynomolgus monkey OATPs (cOATPs), with a high degree of amino acid sequence identity (91.9, 93.5, and 96.6% for OATP1B1, 1B3, and 2B1, respectively) to their human counterparts, were cloned, expressed, and characterized. The cOATPs were stably transfected in human embryonic kidney cells and were functionally similar to the corresponding human OATPs (hOATPs), as evident from the similar uptake rate of typical substrates (estradiol-17β-d-glucuronide, cholecystokinin octapeptide, and estrone-3-sulfate). Moreover, six known hOATP inhibitors exhibited similar IC(50) values against cOATPs. To further evaluate the appropriateness of the cynomolgus monkey as a model, a known hOATP substrate [rosuvastatin (RSV)]-inhibitor [rifampicin (RIF)] pair was examined in vitro; the monkey-derived parameters (RSV K(m) and RIF IC(50)) were similar (within 3.5-fold) to those obtained with hOATPs and human primary hepatocytes. In vivo, the area under the plasma concentration-time curve of RSV (3 mg/kg, oral) given 1 hour after a single RIF dose (15 mg/kg, oral) was increased 2.9-fold in cynomolgus monkeys, consistent with the value (3.0-fold) reported in humans. A number of in vitro-in vivo extrapolation approaches, considering the fraction of the pathways affected and free versus total inhibitor concentrations, were also explored. It is concluded that the cynomolgus monkey has the potential to serve as a useful model for the assessment of OATP-mediated DDIs in a nonclinical setting.","[""DirectedEntity-GENE-N"", ""Relation-PART-OF"", ""DirectionalEntity-CHEMICAL""]","[{""DirectionalEntity"": {""Type"": ""CHEMICAL"", ""Name"": ""amino acid""}, ""Relation"": {""Type"": ""PART-OF"", ""Name"": ""PART-OF""}, ""DirectedEntity"": {""Type"": ""GENE-N"", ""Name"": ""cynomolgus monkey OATPs""}}, {""DirectionalEntity"": {""Type"": ""CHEMICAL"", ""Name"": ""amino acid""}, ""Relation"": {""Type"": ""PART-OF"", ""Name"": ""PART-OF""}, ""DirectedEntity"": {""Type"": ""GENE-N"", ""Name"": ""cOATPs""}}]"
"In vitro evaluation of (99m)Tc-EDDA/tricine-HYNIC-Q-Litorin in gastrin-releasing peptide receptor positive tumor cell lines.
Abstract Bombesin and its derivatives exhibit a high affinity for gastrin-releasing peptide receptor (GRPr), which is over-expressed in a variety of human cancers (prostate, pancreatic, lung, etc.). The aim of this study was to investigate the in vitro potential of the hydrazinonicotinamide (HYNIC)-Q-Litorin. (99m)Tc labeling was performed by using different co-ligands: tricine and ethylenediamine diacetic acid (EDDA). The radiochemical stability of radiolabeled peptide conjugates was checked at room temperature and in cysteine solution up to 24 h. The in vitro cell uptake of (99m)Tc-EDDA-HYNIC-Q-Litorin and (99m)Tc-tricine-HYNIC-Q-Litorin were evaluated on pancreatic tumor and control cell lines. Optimum specific activity and incubation time were determined for all the cell lines. The results showed that the cell uptake of the radiolabeled peptide conjugates in tumor cell lines were higher than in the control cell line. The findings of this study indicated the need for further development of in vivo study as a radiopharmaceutical for pancreatic tumor imaging.","[""Relation-DIRECT-REGULATOR"", ""DirectedEntity-GENE-Y"", ""DirectionalEntity-CHEMICAL""]","[{""DirectionalEntity"": {""Type"": ""CHEMICAL"", ""Name"": ""Bombesin""}, ""Relation"": {""Type"": ""DIRECT-REGULATOR"", ""Name"": ""DIRECT-REGULATOR""}, ""DirectedEntity"": {""Type"": ""GENE-Y"", ""Name"": ""gastrin-releasing peptide receptor""}}, {""DirectionalEntity"": {""Type"": ""CHEMICAL"", ""Name"": ""Bombesin""}, ""Relation"": {""Type"": ""DIRECT-REGULATOR"", ""Name"": ""DIRECT-REGULATOR""}, ""DirectedEntity"": {""Type"": ""GENE-Y"", ""Name"": ""GRPr""}}]"
"Nicotine Kinetics in Zebra Finches in vivo and in vitro.
Nicotine enhances cognitive performance, and in the zebra finch (Taeniopygia guttata), which is a well-established model of cognition, the effect of nicotine on song production has been reported. Nicotine and cotinine plasma levels were assessed in vivo after s.c. injection of 0.18 mg/kg nicotine, a dose that elicits changes in song production. The half-life of nicotine elimination was 33 min, and levels were undetectable by 4h. Average plasma nicotine over 2 hours was 32 ng/ml, similar to levels seen in human smokers and rat models of nicotine behavior. Nicotine brain levels were 30 and 14 ng/g at 1 and 2 h after treatment. To understand the potential for drug interactions and regulation of nicotine metabolism in zebra finches, we characterized in vitro nicotine metabolism and the hepatic enzyme involved. In humans, cytochrome P450 (CYP) 2A6 metabolizes nicotine to cotinine, and CYP2A-like activity and protein have been reported in some birds. Zebra finch liver microsomes metabolized nicotine and bupropion (CYP2B substrate) but not coumarin (CYP2A substrate). Nicotine was metabolized to cotinine with a Km of 96 μM and Vmax of 56 pmol/min/mg. Nicotine and bupropion metabolism were inhibited by C-8-xanthate (specific CYP2B inhibitor) but not CYP2A-specific inhibitors, and hepatic levels of CYP2B-like but not CYP2A-like proteins correlated with nicotine (r = 0.52, p = 0.04) and bupropion metabolism (r = 0.81, p < 0.001), suggesting CYP2B-mediation of nicotine metabolism as seen in rats. These results will facilitate further investigation of nicotine's effects in zebra finches.","[""Relation-INHIBITOR"", ""DirectedEntity-GENE-N"", ""DirectionalEntity-CHEMICAL"", ""Relation-SUBSTRATE"", ""Relation-PRODUCT-OF"", ""DirectedEntity-GENE-Y""]","[{""DirectionalEntity"": {""Type"": ""CHEMICAL"", ""Name"": ""nicotine""}, ""Relation"": {""Type"": ""SUBSTRATE"", ""Name"": ""SUBSTRATE""}, ""DirectedEntity"": {""Type"": ""GENE-Y"", ""Name"": ""cytochrome P450 (CYP) 2A6""}}, {""DirectionalEntity"": {""Type"": ""CHEMICAL"", ""Name"": ""cotinine""}, ""Relation"": {""Type"": ""PRODUCT-OF"", ""Name"": ""PRODUCT-OF""}, ""DirectedEntity"": {""Type"": ""GENE-Y"", ""Name"": ""cytochrome P450 (CYP) 2A6""}}, {""DirectionalEntity"": {""Type"": ""CHEMICAL"", ""Name"": ""nicotine""}, ""Relation"": {""Type"": ""SUBSTRATE"", ""Name"": ""SUBSTRATE""}, ""DirectedEntity"": {""Type"": ""GENE-N"", ""Name"": ""CYP2B""}}, {""DirectionalEntity"": {""Type"": ""CHEMICAL"", ""Name"": ""bupropion""}, ""Relation"": {""Type"": ""SUBSTRATE"", ""Name"": ""SUBSTRATE""}, ""DirectedEntity"": {""Type"": ""GENE-N"", ""Name"": ""CYP2B""}}, {""DirectionalEntity"": {""Type"": ""CHEMICAL"", ""Name"": ""C-8-xanthate""}, ""Relation"": {""Type"": ""INHIBITOR"", ""Name"": ""INHIBITOR""}, ""DirectedEntity"": {""Type"": ""GENE-N"", ""Name"": ""CYP2B""}}, {""DirectionalEntity"": {""Type"": ""CHEMICAL"", ""Name"": ""Nicotine""}, ""Relation"": {""Type"": ""SUBSTRATE"", ""Name"": ""SUBSTRATE""}, ""DirectedEntity"": {""Type"": ""GENE-N"", ""Name"": ""CYP2B""}}, {""DirectionalEntity"": {""Type"": ""CHEMICAL"", ""Name"": ""bupropion""}, ""Relation"": {""Type"": ""SUBSTRATE"", ""Name"": ""SUBSTRATE""}, ""DirectedEntity"": {""Type"": ""GENE-N"", ""Name"": ""CYP2B""}}, {""DirectionalEntity"": {""Type"": ""CHEMICAL"", ""Name"": ""nicotine""}, ""Relation"": {""Type"": ""SUBSTRATE"", ""Name"": ""SUBSTRATE""}, ""DirectedEntity"": {""Type"": ""GENE-N"", ""Name"": ""CYP2B""}}, {""DirectionalEntity"": {""Type"": ""CHEMICAL"", ""Name"": ""nicotine""}, ""Relation"": {""Type"": ""SUBSTRATE"", ""Name"": ""SUBSTRATE""}, ""DirectedEntity"": {""Type"": ""GENE-N"", ""Name"": ""CYP2B""}}, {""DirectionalEntity"": {""Type"": ""CHEMICAL"", ""Name"": ""bupropion""}, ""Relation"": {""Type"": ""SUBSTRATE"", ""Name"": ""SUBSTRATE""}, ""DirectedEntity"": {""Type"": ""GENE-N"", ""Name"": ""CYP2B""}}]"
"TWIK-1, a ubiquitous human weakly inward rectifying K+ channel with a novel structure.
A new human weakly inward rectifying K+ channel, TWIK-1, has been isolated. This channel is 336 amino acids long and has four transmembrane domains. Unlike other mammalian K+ channels, it contains two pore-forming regions called P domains. Genes encoding structural homologues are present in the genome of Caenorhabditis elegans. TWIK-1 currents expressed in Xenopus oocytes are time-independent and present a nearly linear I-V relationship that saturated for depolarizations positive to O mV in the presence of internal Mg2+. This inward rectification is abolished in the absence of internal Mg2+. TWIK-1 has a unitary conductance of 34 pS and a kinetic behaviour that is dependent on the membrane potential. In the presence of internal Mg2+, the mean open times are 0.3 and 1.9 ms at -80 and +80 mV, respectively. The channel activity is up-regulated by activation of protein kinase C and down-regulated by internal acidification. Both types of regulation are indirect. TWIK-1 channel activity is blocked by Ba2+(IC50=100 microM), quinine (IC50=50 microM) and quinidine (IC50=95 microM). This channel is of particular interest because its mRNA is widely distributed in human tissues, and is particularly abundant in brain and heart. TWIK-1 channels are probably involved in the control of background K+ membrane conductances.","[""Relation-INHIBITOR"", ""DirectedEntity-GENE-Y"", ""Relation-SUBSTRATE"", ""DirectionalEntity-CHEMICAL""]","[{""DirectionalEntity"": {""Type"": ""CHEMICAL"", ""Name"": ""Ba2+""}, ""Relation"": {""Type"": ""INHIBITOR"", ""Name"": ""INHIBITOR""}, ""DirectedEntity"": {""Type"": ""GENE-Y"", ""Name"": ""TWIK-1""}}, {""DirectionalEntity"": {""Type"": ""CHEMICAL"", ""Name"": ""quinine""}, ""Relation"": {""Type"": ""INHIBITOR"", ""Name"": ""INHIBITOR""}, ""DirectedEntity"": {""Type"": ""GENE-Y"", ""Name"": ""TWIK-1""}}, {""DirectionalEntity"": {""Type"": ""CHEMICAL"", ""Name"": ""quinidine""}, ""Relation"": {""Type"": ""INHIBITOR"", ""Name"": ""INHIBITOR""}, ""DirectedEntity"": {""Type"": ""GENE-Y"", ""Name"": ""TWIK-1""}}, {""DirectionalEntity"": {""Type"": ""CHEMICAL"", ""Name"": ""K+""}, ""Relation"": {""Type"": ""SUBSTRATE"", ""Name"": ""SUBSTRATE""}, ""DirectedEntity"": {""Type"": ""GENE-Y"", ""Name"": ""TWIK-1""}}]"
"Quantitative analysis of the interaction of constitutive androstane receptor with chemicals and steroid receptor coactivator 1 using surface plasmon resonance biosensor systems: a case study of the Baikal seal (Pusa sibirica) and the mouse.
The constitutive androstane receptor (CAR) not only displays a high basal transcriptional activity but also acts as a ligand-dependent transcriptional factor. It is known that CAR exhibits different ligand profiles across species. However, the mechanisms underlying CAR activation by chemicals and the species-specific responses are not fully understood. The objectives of this study are to establish a high-throughput tool to screen CAR ligands and to clarify how CAR proteins from the Baikal seal (bsCAR) and the mouse (mCAR) interact with chemicals and steroid receptor coactivator 1 (SRC1). We developed the surface plasmon resonance (SPR) system to assess quantitatively the interaction of CAR with potential ligands and SRC1. The ligand-binding domain (LBD) of bsCAR and mCAR was synthesized in a wheat germ cell-free system. The purified CAR LBD was then immobilized on the sensor chip for the SPR assay, and the kinetics of direct interaction of CARs with ligand candidates was measured. Androstanol and androstenol, estrone, 17β-estradiol, TCPOBOP, and CITCO showed compound-specific but similar affinities for both CARs. The CAR-SRC1 interaction was ligand dependent but exhibited a different ligand profile between the seal and the mouse. The results of SRC1 interaction assay accounted for those of our previous in vitro CAR-mediated transactivation assay. In silico analyses also supported the results of CAR-SRC1 interaction; there is little structural difference in the ligand-binding pocket of bsCAR and mCAR, but there is a distinct discrimination in the helix 11 and 12 of these receptors, suggesting that the interaction of ligand-bound CAR and SRC1 is critical for determining species-specific and ligand-dependent transactivation over the basal activity. The SPR assays demonstrated a potential as a high-throughput screening tool of CAR ligands.","[""DirectedEntity-GENE-N"", ""Relation-DIRECT-REGULATOR"", ""DirectionalEntity-CHEMICAL""]","[{""DirectionalEntity"": {""Type"": ""CHEMICAL"", ""Name"": ""Androstanol""}, ""Relation"": {""Type"": ""DIRECT-REGULATOR"", ""Name"": ""DIRECT-REGULATOR""}, ""DirectedEntity"": {""Type"": ""GENE-N"", ""Name"": ""CARs""}}, {""DirectionalEntity"": {""Type"": ""CHEMICAL"", ""Name"": ""androstenol""}, ""Relation"": {""Type"": ""DIRECT-REGULATOR"", ""Name"": ""DIRECT-REGULATOR""}, ""DirectedEntity"": {""Type"": ""GENE-N"", ""Name"": ""CARs""}}, {""DirectionalEntity"": {""Type"": ""CHEMICAL"", ""Name"": ""estrone""}, ""Relation"": {""Type"": ""DIRECT-REGULATOR"", ""Name"": ""DIRECT-REGULATOR""}, ""DirectedEntity"": {""Type"": ""GENE-N"", ""Name"": ""CARs""}}, {""DirectionalEntity"": {""Type"": ""CHEMICAL"", ""Name"": ""17β-estradiol""}, ""Relation"": {""Type"": ""DIRECT-REGULATOR"", ""Name"": ""DIRECT-REGULATOR""}, ""DirectedEntity"": {""Type"": ""GENE-N"", ""Name"": ""CARs""}}, {""DirectionalEntity"": {""Type"": ""CHEMICAL"", ""Name"": ""TCPOBOP""}, ""Relation"": {""Type"": ""DIRECT-REGULATOR"", ""Name"": ""DIRECT-REGULATOR""}, ""DirectedEntity"": {""Type"": ""GENE-N"", ""Name"": ""CARs""}}, {""DirectionalEntity"": {""Type"": ""CHEMICAL"", ""Name"": ""CITCO""}, ""Relation"": {""Type"": ""DIRECT-REGULATOR"", ""Name"": ""DIRECT-REGULATOR""}, ""DirectedEntity"": {""Type"": ""GENE-N"", ""Name"": ""CARs""}}]"
"The primary structure of porcine aminoacylase 1 deduced from cDNA sequence.
A cDNA encoding the complete amino acid sequence of aminoacylase 1 (N-acylamino acid aminohydrolase, ACY-1) [EC 3.5.1.14], a dimeric metalloprotein having two Zn2+ in the molecule, which catalyzes the deacylation of N-acylated L-amino acids except L-aspartic acid, has been isolated from porcine kidney lambda gt10 cDNA library and sequenced. From sequence analysis of the cDNA and the N- and C-terminal amino acid analyses of the purified protein, it is deduced that porcine kidney ACY-1 consists of two identical subunits (M(r) 45,260), each of which consists of a single chain of 406 amino acids with acetylalanine at the N-terminus. A cDNA encoding porcine liver ACY-1 was also cloned. The amino acid sequence deduced from the nucleotide sequence of the cDNA from porcine liver was identical to that deduced for porcine kidney ACY-1. Northern blot analysis suggested that ACY-1 is more highly expressed in kidney than in liver. Comparison of the amino acid sequence of porcine ACY-1 with those of other Zn2+-binding metalloenzymes showed no significant homologies in either the overall sequence or the consensus sequences for the metal binding sites. This indicates that ACY-1 is a new type of metalloprotein.","[""DirectedEntity-GENE-N"", ""DirectionalEntity-CHEMICAL"", ""Relation-PART-OF"", ""Relation-SUBSTRATE"", ""DirectedEntity-GENE-Y""]","[{""DirectionalEntity"": {""Type"": ""CHEMICAL"", ""Name"": ""amino acid""}, ""Relation"": {""Type"": ""PART-OF"", ""Name"": ""PART-OF""}, ""DirectedEntity"": {""Type"": ""GENE-Y"", ""Name"": ""aminoacylase 1""}}, {""DirectionalEntity"": {""Type"": ""CHEMICAL"", ""Name"": ""amino acid""}, ""Relation"": {""Type"": ""PART-OF"", ""Name"": ""PART-OF""}, ""DirectedEntity"": {""Type"": ""GENE-Y"", ""Name"": ""N-acylamino acid aminohydrolase""}}, {""DirectionalEntity"": {""Type"": ""CHEMICAL"", ""Name"": ""amino acid""}, ""Relation"": {""Type"": ""PART-OF"", ""Name"": ""PART-OF""}, ""DirectedEntity"": {""Type"": ""GENE-Y"", ""Name"": ""ACY-1""}}, {""DirectionalEntity"": {""Type"": ""CHEMICAL"", ""Name"": ""amino acid""}, ""Relation"": {""Type"": ""PART-OF"", ""Name"": ""PART-OF""}, ""DirectedEntity"": {""Type"": ""GENE-Y"", ""Name"": ""EC 3.5.1.14""}}, {""DirectionalEntity"": {""Type"": ""CHEMICAL"", ""Name"": ""N-acylated L-amino acids""}, ""Relation"": {""Type"": ""SUBSTRATE"", ""Name"": ""SUBSTRATE""}, ""DirectedEntity"": {""Type"": ""GENE-Y"", ""Name"": ""aminoacylase 1""}}, {""DirectionalEntity"": {""Type"": ""CHEMICAL"", ""Name"": ""N-acylated L-amino acids""}, ""Relation"": {""Type"": ""SUBSTRATE"", ""Name"": ""SUBSTRATE""}, ""DirectedEntity"": {""Type"": ""GENE-Y"", ""Name"": ""N-acylamino acid aminohydrolase""}}, {""DirectionalEntity"": {""Type"": ""CHEMICAL"", ""Name"": ""N-acylated L-amino acids""}, ""Relation"": {""Type"": ""SUBSTRATE"", ""Name"": ""SUBSTRATE""}, ""DirectedEntity"": {""Type"": ""GENE-Y"", ""Name"": ""ACY-1""}}, {""DirectionalEntity"": {""Type"": ""CHEMICAL"", ""Name"": ""N-acylated L-amino acids""}, ""Relation"": {""Type"": ""SUBSTRATE"", ""Name"": ""SUBSTRATE""}, ""DirectedEntity"": {""Type"": ""GENE-Y"", ""Name"": ""EC 3.5.1.14""}}, {""DirectionalEntity"": {""Type"": ""CHEMICAL"", ""Name"": ""N-acylated L-amino acids""}, ""Relation"": {""Type"": ""SUBSTRATE"", ""Name"": ""SUBSTRATE""}, ""DirectedEntity"": {""Type"": ""GENE-N"", ""Name"": ""metalloprotein""}}, {""DirectionalEntity"": {""Type"": ""CHEMICAL"", ""Name"": ""N""}, ""Relation"": {""Type"": ""PART-OF"", ""Name"": ""PART-OF""}, ""DirectedEntity"": {""Type"": ""GENE-Y"", ""Name"": ""porcine kidney ACY-1""}}, {""DirectionalEntity"": {""Type"": ""CHEMICAL"", ""Name"": ""C""}, ""Relation"": {""Type"": ""PART-OF"", ""Name"": ""PART-OF""}, ""DirectedEntity"": {""Type"": ""GENE-Y"", ""Name"": ""porcine kidney ACY-1""}}, {""DirectionalEntity"": {""Type"": ""CHEMICAL"", ""Name"": ""amino acid""}, ""Relation"": {""Type"": ""PART-OF"", ""Name"": ""PART-OF""}, ""DirectedEntity"": {""Type"": ""GENE-Y"", ""Name"": ""porcine kidney ACY-1""}}, {""DirectionalEntity"": {""Type"": ""CHEMICAL"", ""Name"": ""amino acids""}, ""Relation"": {""Type"": ""PART-OF"", ""Name"": ""PART-OF""}, ""DirectedEntity"": {""Type"": ""GENE-Y"", ""Name"": ""porcine kidney ACY-1""}}, {""DirectionalEntity"": {""Type"": ""CHEMICAL"", ""Name"": ""acetylalanine""}, ""Relation"": {""Type"": ""PART-OF"", ""Name"": ""PART-OF""}, ""DirectedEntity"": {""Type"": ""GENE-Y"", ""Name"": ""porcine kidney ACY-1""}}, {""DirectionalEntity"": {""Type"": ""CHEMICAL"", ""Name"": ""N""}, ""Relation"": {""Type"": ""PART-OF"", ""Name"": ""PART-OF""}, ""DirectedEntity"": {""Type"": ""GENE-Y"", ""Name"": ""porcine kidney ACY-1""}}, {""DirectionalEntity"": {""Type"": ""CHEMICAL"", ""Name"": ""amino acid""}, ""Relation"": {""Type"": ""PART-OF"", ""Name"": ""PART-OF""}, ""DirectedEntity"": {""Type"": ""GENE-Y"", ""Name"": ""porcine ACY-1""}}, {""DirectionalEntity"": {""Type"": ""CHEMICAL"", ""Name"": ""amino acid""}, ""Relation"": {""Type"": ""PART-OF"", ""Name"": ""PART-OF""}, ""DirectedEntity"": {""Type"": ""GENE-N"", ""Name"": ""Zn2+-binding metalloenzymes""}}, {""DirectionalEntity"": {""Type"": ""CHEMICAL"", ""Name"": ""amino acid""}, ""Relation"": {""Type"": ""PART-OF"", ""Name"": ""PART-OF""}, ""DirectedEntity"": {""Type"": ""GENE-Y"", ""Name"": ""porcine kidney ACY-1""}}, {""DirectionalEntity"": {""Type"": ""CHEMICAL"", ""Name"": ""nucleotide""}, ""Relation"": {""Type"": ""PART-OF"", ""Name"": ""PART-OF""}, ""DirectedEntity"": {""Type"": ""GENE-Y"", ""Name"": ""porcine kidney ACY-1""}}]"
"Plasmacytoid dendritic cells produce cytokines and mature in response to the TLR7 agonists, imiquimod and resiquimod.
The immune response modifiers, imiquimod and resiquimod, are TLR7 agonists that induce type I interferon in numerous species, including humans. Recently, it was shown that plasmacytoid dendritic cells (pDC) are the primary interferon-producing cells in the blood in response to viral infections. Here, we characterize the activation of human pDC with the TLR7 agonists imiquimod and resiquimod. Results indicate that imiquimod and resiquimod induce IFN-alpha and IFN-omega from purified pDC, and pDC are the principle IFN-producing cells in the blood. Resiquimod-stimulated pDC also produce a number of other cytokines including TNF-alpha and IP-10. Resiquimod enhances co-stimulatory marker expression, CCR7 expression, and pDC viability. Resiquimod was compared throughout the study to the pDC survival factors, IL-3 and IFN-alpha; resiquimod more effectively matures pDC than either IL-3 or IFN-alpha alone. These results demonstrate that imidazoquinoline molecules directly induce pDC maturation as determined by cytokine induction, CCR7 and co-stimulatory marker expression and prolonging viability.","[""DirectedEntity-GENE-N"", ""Relation-AGONIST"", ""DirectionalEntity-CHEMICAL"", ""DirectedEntity-GENE-Y"", ""Relation-INDIRECT-UPREGULATOR""]","[{""DirectionalEntity"": {""Type"": ""CHEMICAL"", ""Name"": ""imiquimod""}, ""Relation"": {""Type"": ""AGONIST"", ""Name"": ""AGONIST""}, ""DirectedEntity"": {""Type"": ""GENE-Y"", ""Name"": ""TLR7""}}, {""DirectionalEntity"": {""Type"": ""CHEMICAL"", ""Name"": ""resiquimod""}, ""Relation"": {""Type"": ""AGONIST"", ""Name"": ""AGONIST""}, ""DirectedEntity"": {""Type"": ""GENE-Y"", ""Name"": ""TLR7""}}, {""DirectionalEntity"": {""Type"": ""CHEMICAL"", ""Name"": ""imiquimod""}, ""Relation"": {""Type"": ""AGONIST"", ""Name"": ""AGONIST""}, ""DirectedEntity"": {""Type"": ""GENE-Y"", ""Name"": ""TLR7""}}, {""DirectionalEntity"": {""Type"": ""CHEMICAL"", ""Name"": ""resiquimod""}, ""Relation"": {""Type"": ""AGONIST"", ""Name"": ""AGONIST""}, ""DirectedEntity"": {""Type"": ""GENE-Y"", ""Name"": ""TLR7""}}, {""DirectionalEntity"": {""Type"": ""CHEMICAL"", ""Name"": ""imiquimod""}, ""Relation"": {""Type"": ""INDIRECT-UPREGULATOR"", ""Name"": ""INDIRECT-UPREGULATOR""}, ""DirectedEntity"": {""Type"": ""GENE-N"", ""Name"": ""type I interferon""}}, {""DirectionalEntity"": {""Type"": ""CHEMICAL"", ""Name"": ""resiquimod""}, ""Relation"": {""Type"": ""INDIRECT-UPREGULATOR"", ""Name"": ""INDIRECT-UPREGULATOR""}, ""DirectedEntity"": {""Type"": ""GENE-N"", ""Name"": ""type I interferon""}}, {""DirectionalEntity"": {""Type"": ""CHEMICAL"", ""Name"": ""imiquimod""}, ""Relation"": {""Type"": ""AGONIST"", ""Name"": ""AGONIST""}, ""DirectedEntity"": {""Type"": ""GENE-Y"", ""Name"": ""TLR7""}}, {""DirectionalEntity"": {""Type"": ""CHEMICAL"", ""Name"": ""resiquimod""}, ""Relation"": {""Type"": ""AGONIST"", ""Name"": ""AGONIST""}, ""DirectedEntity"": {""Type"": ""GENE-Y"", ""Name"": ""TLR7""}}, {""DirectionalEntity"": {""Type"": ""CHEMICAL"", ""Name"": ""imiquimod""}, ""Relation"": {""Type"": ""INDIRECT-UPREGULATOR"", ""Name"": ""INDIRECT-UPREGULATOR""}, ""DirectedEntity"": {""Type"": ""GENE-N"", ""Name"": ""IFN-alpha""}}, {""DirectionalEntity"": {""Type"": ""CHEMICAL"", ""Name"": ""imiquimod""}, ""Relation"": {""Type"": ""INDIRECT-UPREGULATOR"", ""Name"": ""INDIRECT-UPREGULATOR""}, ""DirectedEntity"": {""Type"": ""GENE-N"", ""Name"": ""IFN-omega""}}, {""DirectionalEntity"": {""Type"": ""CHEMICAL"", ""Name"": ""Resiquimod""}, ""Relation"": {""Type"": ""INDIRECT-UPREGULATOR"", ""Name"": ""INDIRECT-UPREGULATOR""}, ""DirectedEntity"": {""Type"": ""GENE-N"", ""Name"": ""cytokines""}}, {""DirectionalEntity"": {""Type"": ""CHEMICAL"", ""Name"": ""Resiquimod""}, ""Relation"": {""Type"": ""INDIRECT-UPREGULATOR"", ""Name"": ""INDIRECT-UPREGULATOR""}, ""DirectedEntity"": {""Type"": ""GENE-Y"", ""Name"": ""TNF-alpha""}}, {""DirectionalEntity"": {""Type"": ""CHEMICAL"", ""Name"": ""Resiquimod""}, ""Relation"": {""Type"": ""INDIRECT-UPREGULATOR"", ""Name"": ""INDIRECT-UPREGULATOR""}, ""DirectedEntity"": {""Type"": ""GENE-Y"", ""Name"": ""IP-10""}}, {""DirectionalEntity"": {""Type"": ""CHEMICAL"", ""Name"": ""Resiquimod""}, ""Relation"": {""Type"": ""INDIRECT-UPREGULATOR"", ""Name"": ""INDIRECT-UPREGULATOR""}, ""DirectedEntity"": {""Type"": ""GENE-Y"", ""Name"": ""CCR7""}}, {""DirectionalEntity"": {""Type"": ""CHEMICAL"", ""Name"": ""imidazoquinoline""}, ""Relation"": {""Type"": ""INDIRECT-UPREGULATOR"", ""Name"": ""INDIRECT-UPREGULATOR""}, ""DirectedEntity"": {""Type"": ""GENE-N"", ""Name"": ""cytokine""}}]"
"Effect of N-acetyl cysteine (NAC), an organosulfur compound from Allium plants, on experimentally induced hepatic prefibrogenic events in wistar rat.
Aim of present study was to investigate the effect of NAC on experimental chronic hepatotoxicity models induced by carbon tetrachloride (CCl4) and thioacetamide (TAA). CCl4 toxicity was induced by administering 200μl CCl4 (diluted 2:3 in coconut oil)/100g body weight, p.o., twice weekly for 8 weeks. TAA toxicity was induced by administering 150mg/kg b. wt. of TAA i.p., twice weekly for 8 weeks. NAC treatment was started along with toxicants (CCl4 and TAA) for 8 weeks and continued for further 4 weeks. Self reversal group was kept without any treatment for 4 weeks after completion of toxicant treatments. Alanine aminotransferase (ALT), Aspartate aminotransferase (AST), Alkaline phosphatase (ALP), Bilirubin were measured in serum. Hydroxyproline (HP), lipid peroxidation (LPO), catalase (CAT), Glutathione peroxidase (GPx) and Glutathione (GSH) were determined in liver samples by colorimetric methods. Cytochrome P450 2E1 (CYP 450 2E1), activity was determined as hydroxylation of aniline in liver microsomes. General examination and histological analysis were also performed. Serum markers of liver damage (AST, ALT, ALP and Bilirubin) were increased by CCl4 and TAA intoxication (p<0.001), whereas co-treatment with NAC reversed such changes (p<0.001). HP was enhanced in toxicant groups (p<0.001 in CCl4 and TAA), but inhibited by NAC (p<0.001). LPO was increased while as GSH, CAT and GPx decreased by the administration of CCl4 and TAA (p<0.001); co-administration of NAC restored these liver markers to normal levels (p<0.001). Biochemical determinations were corroborated by general and histological findings. Keeping in view the biochemical and histopathological studies, it was concluded that CCl4 and TAA are strong hepatotoxic agents that produce liver fibrosis with close proximity to human etiology (micronodular cirrhosis) and NAC has a significant protective activity against CCl4 and TAA. NAC has also been validated as a model against oxidative burden in chronic liver pathology.","[""DirectedEntity-GENE-N"", ""DirectionalEntity-CHEMICAL"", ""Relation-INDIRECT-DOWNREGULATOR"", ""Relation-SUBSTRATE"", ""DirectedEntity-GENE-Y"", ""Relation-INDIRECT-UPREGULATOR""]","[{""DirectionalEntity"": {""Type"": ""CHEMICAL"", ""Name"": ""CCl4""}, ""Relation"": {""Type"": ""INDIRECT-UPREGULATOR"", ""Name"": ""INDIRECT-UPREGULATOR""}, ""DirectedEntity"": {""Type"": ""GENE-N"", ""Name"": ""AST""}}, {""DirectionalEntity"": {""Type"": ""CHEMICAL"", ""Name"": ""CCl4""}, ""Relation"": {""Type"": ""INDIRECT-UPREGULATOR"", ""Name"": ""INDIRECT-UPREGULATOR""}, ""DirectedEntity"": {""Type"": ""GENE-N"", ""Name"": ""ALT""}}, {""DirectionalEntity"": {""Type"": ""CHEMICAL"", ""Name"": ""CCl4""}, ""Relation"": {""Type"": ""INDIRECT-UPREGULATOR"", ""Name"": ""INDIRECT-UPREGULATOR""}, ""DirectedEntity"": {""Type"": ""GENE-N"", ""Name"": ""ALP""}}, {""DirectionalEntity"": {""Type"": ""CHEMICAL"", ""Name"": ""TAA""}, ""Relation"": {""Type"": ""INDIRECT-UPREGULATOR"", ""Name"": ""INDIRECT-UPREGULATOR""}, ""DirectedEntity"": {""Type"": ""GENE-N"", ""Name"": ""AST""}}, {""DirectionalEntity"": {""Type"": ""CHEMICAL"", ""Name"": ""TAA""}, ""Relation"": {""Type"": ""INDIRECT-UPREGULATOR"", ""Name"": ""INDIRECT-UPREGULATOR""}, ""DirectedEntity"": {""Type"": ""GENE-N"", ""Name"": ""ALT""}}, {""DirectionalEntity"": {""Type"": ""CHEMICAL"", ""Name"": ""TAA""}, ""Relation"": {""Type"": ""INDIRECT-UPREGULATOR"", ""Name"": ""INDIRECT-UPREGULATOR""}, ""DirectedEntity"": {""Type"": ""GENE-N"", ""Name"": ""ALP""}}, {""DirectionalEntity"": {""Type"": ""CHEMICAL"", ""Name"": ""NAC""}, ""Relation"": {""Type"": ""INDIRECT-DOWNREGULATOR"", ""Name"": ""INDIRECT-DOWNREGULATOR""}, ""DirectedEntity"": {""Type"": ""GENE-N"", ""Name"": ""AST""}}, {""DirectionalEntity"": {""Type"": ""CHEMICAL"", ""Name"": ""NAC""}, ""Relation"": {""Type"": ""INDIRECT-DOWNREGULATOR"", ""Name"": ""INDIRECT-DOWNREGULATOR""}, ""DirectedEntity"": {""Type"": ""GENE-N"", ""Name"": ""ALT""}}, {""DirectionalEntity"": {""Type"": ""CHEMICAL"", ""Name"": ""NAC""}, ""Relation"": {""Type"": ""INDIRECT-DOWNREGULATOR"", ""Name"": ""INDIRECT-DOWNREGULATOR""}, ""DirectedEntity"": {""Type"": ""GENE-N"", ""Name"": ""ALP""}}, {""DirectionalEntity"": {""Type"": ""CHEMICAL"", ""Name"": ""NAC""}, ""Relation"": {""Type"": ""INDIRECT-UPREGULATOR"", ""Name"": ""INDIRECT-UPREGULATOR""}, ""DirectedEntity"": {""Type"": ""GENE-Y"", ""Name"": ""CAT""}}, {""DirectionalEntity"": {""Type"": ""CHEMICAL"", ""Name"": ""NAC""}, ""Relation"": {""Type"": ""INDIRECT-UPREGULATOR"", ""Name"": ""INDIRECT-UPREGULATOR""}, ""DirectedEntity"": {""Type"": ""GENE-N"", ""Name"": ""GPx""}}, {""DirectionalEntity"": {""Type"": ""CHEMICAL"", ""Name"": ""aniline""}, ""Relation"": {""Type"": ""SUBSTRATE"", ""Name"": ""SUBSTRATE""}, ""DirectedEntity"": {""Type"": ""GENE-Y"", ""Name"": ""Cytochrome P450 2E1""}}, {""DirectionalEntity"": {""Type"": ""CHEMICAL"", ""Name"": ""aniline""}, ""Relation"": {""Type"": ""SUBSTRATE"", ""Name"": ""SUBSTRATE""}, ""DirectedEntity"": {""Type"": ""GENE-Y"", ""Name"": ""CYP 450 2E1""}}]"
"Effects of changeover from voglibose to acarbose on postprandial triglycerides in type 2 diabetes mellitus patients.
INTRODUCTION: In this study, we examined the effects of the alpha-glucosidase inhibitors acarbose and voglibose on postprandial plasma glucose and serum triglyceride levels in patients with type 2 diabetes mellitus. METHODS: Twenty-one Japanese patients with type 2 diabetes were enrolled in this study. Subjects had been treated with voglibose for at least 3 months. They underwent a 400 kcal balanced food meal tolerance test before and 8 weeks after the changeover from voglibose to acarbose. Subjects were divided into two groups: the first group (low-dose group; n=11) was changed over from 0.6 mg/day voglibose to 150 mg/day acarbose, and the other (high-dose group; n=10) from 0.9 mg/day voglibose to 300 mg/day acarbose. RESULTS: The increment rate of postprandial plasma glucose ([plasma glucose 2 hours after test meal - fasting glucose]/fasting glucose) decreased from 34.7%+/-23.9% to 25.0%+/-24.6% (P=0.13) in the low-dose group, and decreased significantly from 56.1%+/-53.1% to 31.5%+/-36.0% (P=0.03) in the high-dose group after changeover. However, there were no significant changes in blood glycated hemoglobin (HbA(1c)) levels before and after changeover in either group. The increment rate of postprandial serum triglyceride (TG) ([serum TG 2 hours after test meal - fasting TG]/fasting TG) decreased significantly only in the high-dose group (52.4%+/-60.0% to 24.3%+/-16.6%) (P=0.05). No significant changes in serum high-density lipoprotein cholesterol levels were observed in either group, whereas serum low-density lipoprotein cholesterol levels decreased significantly from 3.20+/-0.25 to 2.65+/-0.18 mmol/L (P=0.04), only in the high-dose group. CONCLUSIONS: In patients with type 2 diabetes our findings suggest that acarbose 300 mg/day is superior to voglibose 0.9 mg/day in improving postprandial hyperglycemia and hypertriglyceridemia.","[""Relation-INHIBITOR"", ""DirectedEntity-GENE-N"", ""DirectionalEntity-CHEMICAL""]","[{""DirectionalEntity"": {""Type"": ""CHEMICAL"", ""Name"": ""acarbose""}, ""Relation"": {""Type"": ""INHIBITOR"", ""Name"": ""INHIBITOR""}, ""DirectedEntity"": {""Type"": ""GENE-N"", ""Name"": ""alpha-glucosidase""}}, {""DirectionalEntity"": {""Type"": ""CHEMICAL"", ""Name"": ""voglibose""}, ""Relation"": {""Type"": ""INHIBITOR"", ""Name"": ""INHIBITOR""}, ""DirectedEntity"": {""Type"": ""GENE-N"", ""Name"": ""alpha-glucosidase""}}]"
"Discovery of novel 2-hydroxydiarylamide derivatives as TMPRSS4 inhibitors.
TMPRSS4 is a novel type II transmembrane serine protease that has been implicated in the invasion and metastasis of colon cancer cells. In this study, a novel series of 2-hydroxydiarylamide derivatives were synthesized and evaluated for inhibiting TMPRSS4 serine protease activity and suppressing cancer cell invasion. These derivatives demonstrated good inhibitory activity against TMPRSS4 serine protease, which correlated with the promising anti-invasive activity of colon cancer cells overexpressing TMPRSS4.","[""Relation-INHIBITOR"", ""DirectedEntity-GENE-N"", ""DirectedEntity-GENE-Y"", ""DirectionalEntity-CHEMICAL""]","[{""DirectionalEntity"": {""Type"": ""CHEMICAL"", ""Name"": ""2-hydroxydiarylamide""}, ""Relation"": {""Type"": ""INHIBITOR"", ""Name"": ""INHIBITOR""}, ""DirectedEntity"": {""Type"": ""GENE-Y"", ""Name"": ""TMPRSS4""}}, {""DirectionalEntity"": {""Type"": ""CHEMICAL"", ""Name"": ""2-hydroxydiarylamide""}, ""Relation"": {""Type"": ""INHIBITOR"", ""Name"": ""INHIBITOR""}, ""DirectedEntity"": {""Type"": ""GENE-Y"", ""Name"": ""TMPRSS4""}}, {""DirectionalEntity"": {""Type"": ""CHEMICAL"", ""Name"": ""2-hydroxydiarylamide""}, ""Relation"": {""Type"": ""INHIBITOR"", ""Name"": ""INHIBITOR""}, ""DirectedEntity"": {""Type"": ""GENE-N"", ""Name"": ""serine protease""}}]"
"Inhibition of cytokine-primed eosinophil chemotaxis by nedocromil sodium.
BACKGROUND: Eosinophil influx into the lung tissue is considered to be relevant for the pathogenesis of asthma. Various chemotactic factors may be responsible for this influx. Recently it has been demonstrated that the cytokines granulocyte-macrophage colony-stimulating factor (GM-CSF), interleukin-3 (IL-3), and interleukin-5 (IL-5) are present in the circulation of individuals with allergic asthma. These cytokines have the capacity to modulate chemotactic responses of eosinophils toward platelet-activating factor, formyl-methionyl-leucyl-phenylalanine, (FMLP) and neutrophil-activating factor (NAF)/IL-8, but not toward complement fragment C5a (C5a). Here the effect of nedocromil sodium on the chemotactic response of eosinophils from allergic asthmatic individuals and from normal donors preincubated with GM-CSF or IL-3 toward FMLP, NAF/IL-8 was evaluated. RESULTS: Nedocromil sodium inhibited the chemotactic response toward FMLP and NAF/IL-8 of GM-CSF primed eosinophils approximately 60% (inhibitory concentration of 50% [IC50] approximately 1 to 10 nmol/L), whereas these responses of IL-3 primed eosinophils was completely inhibited (IC50 approximately 1 nmol/L). CONCLUSIONS: The chemotactic responses toward C5a were inhibited by nedocromil sodium at higher concentrations than were required in the priming studies (IC50 approximately 10 to 100 nmol/L). Nedocromil sodium (0.1 mumol/L) was also effective in inhibiting the chemotactic response toward FMLP (10 nmol/L) of eosinophils isolated from the circulation of patients with allergic asthma 3 hours after allergen challenge. These findings might explain in part the antiinflammatory action of nedocromil sodium.","[""DirectedEntity-GENE-N"", ""DirectionalEntity-CHEMICAL"", ""Relation-INDIRECT-DOWNREGULATOR"", ""Relation-INHIBITOR"", ""DirectedEntity-GENE-Y""]","[{""DirectionalEntity"": {""Type"": ""CHEMICAL"", ""Name"": ""nedocromil sodium""}, ""Relation"": {""Type"": ""INHIBITOR"", ""Name"": ""INHIBITOR""}, ""DirectedEntity"": {""Type"": ""GENE-N"", ""Name"": ""cytokine""}}, {""DirectionalEntity"": {""Type"": ""CHEMICAL"", ""Name"": ""nedocromil sodium""}, ""Relation"": {""Type"": ""INHIBITOR"", ""Name"": ""INHIBITOR""}, ""DirectedEntity"": {""Type"": ""GENE-Y"", ""Name"": ""C5a""}}, {""DirectionalEntity"": {""Type"": ""CHEMICAL"", ""Name"": ""Nedocromil sodium""}, ""Relation"": {""Type"": ""INHIBITOR"", ""Name"": ""INHIBITOR""}, ""DirectedEntity"": {""Type"": ""GENE-Y"", ""Name"": ""NAF""}}, {""DirectionalEntity"": {""Type"": ""CHEMICAL"", ""Name"": ""Nedocromil sodium""}, ""Relation"": {""Type"": ""INHIBITOR"", ""Name"": ""INHIBITOR""}, ""DirectedEntity"": {""Type"": ""GENE-Y"", ""Name"": ""IL-8""}}, {""DirectionalEntity"": {""Type"": ""CHEMICAL"", ""Name"": ""Nedocromil sodium""}, ""Relation"": {""Type"": ""INDIRECT-DOWNREGULATOR"", ""Name"": ""INDIRECT-DOWNREGULATOR""}, ""DirectedEntity"": {""Type"": ""GENE-Y"", ""Name"": ""GM-CSF""}}, {""DirectionalEntity"": {""Type"": ""CHEMICAL"", ""Name"": ""Nedocromil sodium""}, ""Relation"": {""Type"": ""INHIBITOR"", ""Name"": ""INHIBITOR""}, ""DirectedEntity"": {""Type"": ""GENE-Y"", ""Name"": ""IL-3""}}]"
"Hydrophobic amino acids in the hinge region of the 5A apolipoprotein mimetic peptide are essential for promoting cholesterol efflux by the ABCA1 transporter.
The bihelical apolipoprotein mimetic peptide 5A effluxes cholesterol from cells and reduces inflammation and atherosclerosis in animal models. We investigated how hydrophobic residues in the hinge region between the two helices are important in the structure and function of this peptide. By simulated annealing analysis and molecular dynamics modeling, two hydrophobic amino acids, F-18 and W-21, in the hinge region were predicted to be relatively surface-exposed and to interact with the aqueous solvent. Using a series of 5A peptide analogs in which F-18 or W-21 was changed to either F, W, A, or E, only peptides with hydrophobic amino acids in these two positions were able to readily bind and solubilize phospholipid vesicles. Compared with active peptides containing F or W, peptides containing E in either of these two positions were more than 10-fold less effective in effluxing cholesterol by the ABCA1 transporter. Intravenous injection of 5A in C57BL/6 mice increased plasma-free cholesterol (5A: 89.9 ± 13.6 mg/dl; control: 38.7 ± 4.3 mg/dl (mean ± S.D.); P < 0.05) and triglycerides (5A: 887.0 ± 172.0 mg/dl; control: 108.9 ± 9.9 mg/dl; P < 0.05), whereas the EE peptide containing E in both positions had no effect. Finally, 5A increased cholesterol efflux approximately 2.5-fold in vivo from radiolabeled macrophages, whereas the EE peptide was inactive. These results provide a rationale for future design of therapeutic apolipoprotein mimetic peptides and provide new insights into the interaction of hydrophobic residues on apolipoproteins with phospholipids in the lipid microdomain created by the ABCA1 transporter during the cholesterol efflux process.","[""Relation-SUBSTRATE"", ""DirectedEntity-GENE-Y"", ""Relation-PART-OF"", ""DirectionalEntity-CHEMICAL""]","[{""DirectionalEntity"": {""Type"": ""CHEMICAL"", ""Name"": ""amino acids""}, ""Relation"": {""Type"": ""PART-OF"", ""Name"": ""PART-OF""}, ""DirectedEntity"": {""Type"": ""GENE-Y"", ""Name"": ""5A apolipoprotein""}}, {""DirectionalEntity"": {""Type"": ""CHEMICAL"", ""Name"": ""cholesterol""}, ""Relation"": {""Type"": ""SUBSTRATE"", ""Name"": ""SUBSTRATE""}, ""DirectedEntity"": {""Type"": ""GENE-Y"", ""Name"": ""ABCA1""}}, {""DirectionalEntity"": {""Type"": ""CHEMICAL"", ""Name"": ""cholesterol""}, ""Relation"": {""Type"": ""SUBSTRATE"", ""Name"": ""SUBSTRATE""}, ""DirectedEntity"": {""Type"": ""GENE-Y"", ""Name"": ""apolipoprotein mimetic peptide 5A""}}, {""DirectionalEntity"": {""Type"": ""CHEMICAL"", ""Name"": ""cholesterol""}, ""Relation"": {""Type"": ""SUBSTRATE"", ""Name"": ""SUBSTRATE""}, ""DirectedEntity"": {""Type"": ""GENE-Y"", ""Name"": ""ABCA1""}}, {""DirectionalEntity"": {""Type"": ""CHEMICAL"", ""Name"": ""cholesterol""}, ""Relation"": {""Type"": ""SUBSTRATE"", ""Name"": ""SUBSTRATE""}, ""DirectedEntity"": {""Type"": ""GENE-Y"", ""Name"": ""ABCA1""}}]"
"Further characterization of 5-hydroxytryptamine receptors (putative 5-HT2B) in rat stomach fundus longitudinal muscle.
1. The present study was undertaken to isolate and characterize pharmacologically homogeneous populations of 5-hydroxytryptamine (5-HT) receptors from a possible mixed receptor population mediating concentration of the longitudinal muscle of rat stomach fundus. Our aim was to extend the pharmacological characterization of the 5-HT2B receptor which is reported to be expressed in this preparation. 2. To minimize spontaneous activity and any influence of circular muscle on the contractile response, narrow (1-1.5 x 20 mm) segments of mucosa-denuded longitudinal muscle were used. Under these conditions, blockade of monoamine oxidase with pargyline (100 microM for 15 min) caused a leftward displacement of concentration-effect curves for both 5-methoxytryptamine (5-MeO-T) and tryptamine. Neither pargyline nor a number of uptake inhibitors affected responses to 5-HT. 3. In pargyline pretreated preparations, the order of potency of a number of tryptamine analogues was as follows: 5-MeO-T > or = alpha-Me-5-HT > or = 5-HT > 5-carboxamidotryptamine (5-CT) > tryptamine > 2-Me-5-HT. In addition several ligands known to act as agonists at either 5-HT2A or 5-HT2C receptors including 1-m-chlorophenylpiperazine (m-CPP), Ru 24969, MK 212 and SCH 23390 were also agonists in rat fundus whilst sumatriptan, renzapride and 8-hydroxy-2-(di-n-propylamino) tetralin (8-OH-DPAT) were very weak or inactive. With the exception of 2-Me-5-HT and m-CPP, most agonists produced monophasic concentration-effect curves consistent with an interaction at a single site. High concentrations of 2-Me-5-HT evoked relaxations which were blocked by phentolamine (1 MicroM) suggesting an interaction with alpha-adrenoceptors. m-CPP often evoked biphasic concentration-effect curves with a second contractile phase which was insensitive to yohimbine at concentrations higher than required for antagonism of responses to 5-HT.4. LY 53857, methiothepin, methysergide, ritanserin and ICI 170809 were potent but non-surmountable antagonists of 5-HT in rat fundus. In contrast, several ligands behaved as surmountable antagonists with the following order of potency: rauwolscine >yohimbine = mesulergine > mianserin = SB 204070 >WY 26703 > SB 200646> pirenpirone> renzapride. DAU 6285, granisetron, spiperone, ketanserin,phentolamine and GR 127935 did not affect responses to 5-HT at concentrations up to 1 pM. The agonist and concentration independent profile of antagonism supported a single site interaction for both agonists and antagonists.5. We conclude that despite small differences concerning the enantiomeric selectivity and affinity of rauwolscine and yohimbine, the close pharmacological identity of 5-HT receptors in rat stomach fundus and the recently cloned 5-HT2B receptor is maintained. SB 200646, which demonstrates some selectivity for 5-HT receptors in rat stomach fundus, should provide a useful ligand for confirmation of this view and allow discrimination of 5-HT2B function both in vitro and in vivo.","[""DirectedEntity-GENE-N"", ""Relation-AGONIST"", ""DirectionalEntity-CHEMICAL"", ""Relation-INHIBITOR"", ""DirectedEntity-GENE-Y""]","[{""DirectionalEntity"": {""Type"": ""CHEMICAL"", ""Name"": ""pargyline""}, ""Relation"": {""Type"": ""INHIBITOR"", ""Name"": ""INHIBITOR""}, ""DirectedEntity"": {""Type"": ""GENE-N"", ""Name"": ""monoamine oxidase""}}, {""DirectionalEntity"": {""Type"": ""CHEMICAL"", ""Name"": ""1-m-chlorophenylpiperazine""}, ""Relation"": {""Type"": ""AGONIST"", ""Name"": ""AGONIST""}, ""DirectedEntity"": {""Type"": ""GENE-Y"", ""Name"": ""5-HT2A""}}, {""DirectionalEntity"": {""Type"": ""CHEMICAL"", ""Name"": ""1-m-chlorophenylpiperazine""}, ""Relation"": {""Type"": ""AGONIST"", ""Name"": ""AGONIST""}, ""DirectedEntity"": {""Type"": ""GENE-Y"", ""Name"": ""5-HT2C""}}, {""DirectionalEntity"": {""Type"": ""CHEMICAL"", ""Name"": ""m-CPP""}, ""Relation"": {""Type"": ""AGONIST"", ""Name"": ""AGONIST""}, ""DirectedEntity"": {""Type"": ""GENE-Y"", ""Name"": ""5-HT2A""}}, {""DirectionalEntity"": {""Type"": ""CHEMICAL"", ""Name"": ""m-CPP""}, ""Relation"": {""Type"": ""AGONIST"", ""Name"": ""AGONIST""}, ""DirectedEntity"": {""Type"": ""GENE-Y"", ""Name"": ""5-HT2C""}}, {""DirectionalEntity"": {""Type"": ""CHEMICAL"", ""Name"": ""Ru 24969""}, ""Relation"": {""Type"": ""AGONIST"", ""Name"": ""AGONIST""}, ""DirectedEntity"": {""Type"": ""GENE-Y"", ""Name"": ""5-HT2A""}}, {""DirectionalEntity"": {""Type"": ""CHEMICAL"", ""Name"": ""Ru 24969""}, ""Relation"": {""Type"": ""AGONIST"", ""Name"": ""AGONIST""}, ""DirectedEntity"": {""Type"": ""GENE-Y"", ""Name"": ""5-HT2C""}}, {""DirectionalEntity"": {""Type"": ""CHEMICAL"", ""Name"": ""MK 212""}, ""Relation"": {""Type"": ""AGONIST"", ""Name"": ""AGONIST""}, ""DirectedEntity"": {""Type"": ""GENE-Y"", ""Name"": ""5-HT2A""}}, {""DirectionalEntity"": {""Type"": ""CHEMICAL"", ""Name"": ""MK 212""}, ""Relation"": {""Type"": ""AGONIST"", ""Name"": ""AGONIST""}, ""DirectedEntity"": {""Type"": ""GENE-Y"", ""Name"": ""5-HT2C""}}, {""DirectionalEntity"": {""Type"": ""CHEMICAL"", ""Name"": ""SCH 23390""}, ""Relation"": {""Type"": ""AGONIST"", ""Name"": ""AGONIST""}, ""DirectedEntity"": {""Type"": ""GENE-Y"", ""Name"": ""5-HT2A""}}, {""DirectionalEntity"": {""Type"": ""CHEMICAL"", ""Name"": ""SCH 23390""}, ""Relation"": {""Type"": ""AGONIST"", ""Name"": ""AGONIST""}, ""DirectedEntity"": {""Type"": ""GENE-Y"", ""Name"": ""5-HT2C""}}]"
"Neostigmine: safe and effective treatment for acute colonic pseudo-obstruction.
BACKGROUND: Ogilvie's syndrome, or acute colonic pseudo-obstruction, is a common and relatively dangerous condition. If left untreated, it may cause ischemic necrosis and colonic perforation, with a mortality rate as high as 50 percent. Neostigmine enhances excitatory parasympathetic activity by competing with acetylcholine for attachment to acetylcholinesterase at sites of cholinergic transmission and enhancing cholinergic action. We hypothesized that neostigmine would restore peristalsis in patients with acute colonic pseudo-obstruction. METHODS: Twenty-eight patients at Fletcher Allen Health Care and The Cleveland Clinic Foundation were treated for acute colonic pseudo-obstruction with neostigmine 2.5 mg IV over 3 minutes while being monitored with telemetry. Mechanical obstruction had been excluded. RESULTS: Complete clinical resolution of large bowel distention occurred in 26 of the 28 patients. Time to pass flatus varied from 30 seconds to 10 minutes after administration of neostigmine. No adverse effects or complications were noted. Of the two patients who did not resolve, one had a sigmoid cancer that required resection and one patient died from multiorgan failure. CONCLUSION: This study supports the theory that acute colonic pseudo-obstruction is the result of excessive parasympathetic suppression rather than sympathetic overactivity. We have shown that neostigmine is a safe and effective treatment for acute colonic pseudo-obstruction.","[""Relation-DIRECT-REGULATOR"", ""DirectedEntity-GENE-Y"", ""DirectionalEntity-CHEMICAL""]","[{""DirectionalEntity"": {""Type"": ""CHEMICAL"", ""Name"": ""Neostigmine""}, ""Relation"": {""Type"": ""DIRECT-REGULATOR"", ""Name"": ""DIRECT-REGULATOR""}, ""DirectedEntity"": {""Type"": ""GENE-Y"", ""Name"": ""acetylcholinesterase""}}, {""DirectionalEntity"": {""Type"": ""CHEMICAL"", ""Name"": ""acetylcholine""}, ""Relation"": {""Type"": ""DIRECT-REGULATOR"", ""Name"": ""DIRECT-REGULATOR""}, ""DirectedEntity"": {""Type"": ""GENE-Y"", ""Name"": ""acetylcholinesterase""}}]"
"Reduction of reactive oxygen species ameliorates metabolism-secretion coupling in islets of diabetic GK rats by suppressing lactate overproduction.
We previously demonstrated that impaired glucose-induced insulin secretion (IS) and ATP elevation in islets of Goto-Kakizaki (GK) rats, a non-obese model of diabetes, were significantly restored by 30∼60 min suppression of endogenous reactive oxygen species (ROS) overproduction. In this study, we investigated the effect of longer (12 h) suppression of ROS on metabolism-secretion coupling in β-cells by exposure to tempol, a superoxide dismutase mimic, plus ebselen, a glutathione peroxidase mimic (TE-treatment). In GK islets, both H(2)O(2) and superoxide were sufficiently reduced and glucose-induced IS and ATP elevation were improved by TE-treatment. Glucose oxidation, an indicator of Krebs cycle velocity, also was improved by TE-treatment at high glucose, whereas glucokinase activity, which determines glycolytic velocity, was not affected. Lactate production was markedly increased in GK islets and TE-treatment reduced lactate production and protein expression of lactate dehydrogenase and hypoxia-inducible factor 1α (HIF1α). These results indicate that the Warburg-like effect, which is characteristic of aerobic metabolism in cancer cells by which lactate is overproduced with reduced linking to mitochondria metabolism, plays an important role in impaired metabolism-secretion coupling in diabetic β-cells and suggest that ROS reduction can improve mitochondrial metabolism by suppressinglactate overproduction through inhibition of HIF1α stabilization.","[""DirectedEntity-GENE-N"", ""Relation-INDIRECT-UPREGULATOR"", ""DirectionalEntity-CHEMICAL""]","[{""DirectionalEntity"": {""Type"": ""CHEMICAL"", ""Name"": ""glucose""}, ""Relation"": {""Type"": ""INDIRECT-UPREGULATOR"", ""Name"": ""INDIRECT-UPREGULATOR""}, ""DirectedEntity"": {""Type"": ""GENE-N"", ""Name"": ""insulin""}}]"
"An assay for the determination of sirolimus levels in the lymphocyte of transplant patients.
UNLABELLED: Both tacrolimus (TAC) and sirolimus (SRL) bind to the same immunophilin FKBP12; however, their mechanisms of action are distinct. SRL inhibits mammalian target of rapamycin (TOR), which is an enzyme critical to the immune function. TOR inhibition blocks the signal that mediates T-cell proliferation by preventing cell-cycle progression from G1 to S phase. Moreover, TOR inhibition results in a decrease in antibody production by blocking B-cell proliferation and maturation into antibody producing cells. The use of SRL has resulted in a decrease in the number of rejection episodes. As with other immunosuppressive agents, SRL can cause dose-related side effects, the most notable of which are hypercholesterolemia, hyperlipidemia, anemia, and thrombocytopenia. Thus, therapeutic drug monitoring to assess efficacy and toxicity has became a necessity. SRL blood levels do not correlate with its bioactivity and are affected by the concomitant use of other immunosuppressive drugs. To determine the bioactivity of SRL we have developed an assay to determine the level of Sirolimus per lymphocyte of transplant patients. The levels were correlated with lymphocyte count. METHODS: Whole blood samples from patients on SRL were collected in Ethylene Diamine Tetra-acetic acid (EDTA) vacutainer tubes. Immediately the lymphocytes from 2 mL of blood were separated using 1.5 mL of Ficoll gradient, by centrifugation for 30 minutes at 2500 RPM. The lymphocytes were washed three times with phosphate-bufferd saline and the pellet suspended in 150 microL of Middle East research institute (MERI) drug extraction solution (Beirut, Lebanon), which was then added to 300 microL of IMx solublizing reagent. The cytoplasmic SRL concentrations in lymphocytes were measured using kits supplied from Abbott diagnostics or by high-performance liquid tomography. A corresponding whole blood sample from each patient was used to measure blood levels. To determine the level per lymphocyte, the value obtained was divided by the number of lymphocytes and expressed as Pg/cell. A pharmacokinetic profile for both blood and lymphocytes was constructed for each patient using data corresponding to predose C(0), 1 hour (C(1)) and 2 hours (C(2)) after the dose. The lymphocyte enumeration for C(0), C(1), and C(2) was performed using the FACS Calibur Flow Cytometer from Becton Dickinson. The average dose was 2.86 +/- 1.27 mg/d with a C(0) = 8.05 +/- 4.24, C(1) = 21.9 +/- 8.9 ng/mL, and C(2) = 23 +/- 0.03 ng/mL. Although there was a significant correlation (P=.0975) between the dose and C(0), there was no correlation between the dose and C(0) level on the lymphocyte count P=.897. However, there was a strong correlation between SRL lymphocyte levels (pg/cell) and the lymphocyte count (r(2)=.6.06). The higher the concentration of the drug the lower the lymphocyte counts. The assay is sensitive to within 0.45 pg/cell, reproducible with a coefficient of variance (CV) of 6.4% within assay and 7.5% for intraassay.","[""Relation-DIRECT-REGULATOR"", ""DirectedEntity-GENE-Y"", ""DirectionalEntity-CHEMICAL""]","[{""DirectionalEntity"": {""Type"": ""CHEMICAL"", ""Name"": ""tacrolimus""}, ""Relation"": {""Type"": ""DIRECT-REGULATOR"", ""Name"": ""DIRECT-REGULATOR""}, ""DirectedEntity"": {""Type"": ""GENE-Y"", ""Name"": ""immunophilin FKBP12""}}, {""DirectionalEntity"": {""Type"": ""CHEMICAL"", ""Name"": ""TAC""}, ""Relation"": {""Type"": ""DIRECT-REGULATOR"", ""Name"": ""DIRECT-REGULATOR""}, ""DirectedEntity"": {""Type"": ""GENE-Y"", ""Name"": ""immunophilin FKBP12""}}, {""DirectionalEntity"": {""Type"": ""CHEMICAL"", ""Name"": ""sirolimus""}, ""Relation"": {""Type"": ""DIRECT-REGULATOR"", ""Name"": ""DIRECT-REGULATOR""}, ""DirectedEntity"": {""Type"": ""GENE-Y"", ""Name"": ""immunophilin FKBP12""}}, {""DirectionalEntity"": {""Type"": ""CHEMICAL"", ""Name"": ""SRL""}, ""Relation"": {""Type"": ""DIRECT-REGULATOR"", ""Name"": ""DIRECT-REGULATOR""}, ""DirectedEntity"": {""Type"": ""GENE-Y"", ""Name"": ""immunophilin FKBP12""}}]"
"Neuroprotective effect of nimesulide, a preferential COX-2 inhibitor, against pentylenetetrazol (PTZ)-induced chemical kindling and associated biochemical parameters in mice.
Brain cyclooxygenases (COX), the rate-limiting enzyme in prostaglandin synthesis, is rapidly and transiently induced by convulsions in hippocampal and cortical neurons. Previous studies have explored the protective effect of naproxen (non-selective COX-inhibitor) or rofecoxib (selective COX-2 inhibitor) against chemical kindling in mice. With this background, the present study was designed to explore the possible effect of nimesulide (a preferential COX-2 inhibitor) against pentylenetetrazol (PTZ)-induced kindling epilepsy in mice. To induce kindling, PTZ was injected in a subconvulsive dose (40 mg/kg, i.p.) every other day for 15 days. Nimesulide (2.5 or 5 mg/kg, p.o.) was administered each day 45 min before either PTZ or vehicle challenge. The intensity of kindling was assessed immediately after PTZ administration according to a prevalidated scoring scale. On 16th day i.e. 24 h after the last dose of PTZ, animals were sacrificed and various biochemical parameters were assessed in the whole brain. Compared with normal control group, PTZ-kindled mice had significantly higher levels of malondialdehyde, nitrite, myeloperoxidase but had lower levels of reduced glutathione in the whole brain homogenate. Chronic treatment with nimesulide (2.5 or 5 mg/kg, p.o.) for 15 days showed significant decrease in kindling score and could play a role in controlling the accompanying biochemical alterations due to PTZ. These results suggested that nimesulide, a preferential COX-2 inhibitor offered neuroprotection against PTZ-induced kindling in mice.","[""DirectedEntity-GENE-N"", ""Relation-PRODUCT-OF"", ""DirectionalEntity-CHEMICAL"", ""Relation-INHIBITOR"", ""DirectedEntity-GENE-Y"", ""Relation-INDIRECT-UPREGULATOR""]","[{""DirectionalEntity"": {""Type"": ""CHEMICAL"", ""Name"": ""nimesulide""}, ""Relation"": {""Type"": ""INHIBITOR"", ""Name"": ""INHIBITOR""}, ""DirectedEntity"": {""Type"": ""GENE-Y"", ""Name"": ""COX-2""}}, {""DirectionalEntity"": {""Type"": ""CHEMICAL"", ""Name"": ""prostaglandin""}, ""Relation"": {""Type"": ""PRODUCT-OF"", ""Name"": ""PRODUCT-OF""}, ""DirectedEntity"": {""Type"": ""GENE-N"", ""Name"": ""COX""}}, {""DirectionalEntity"": {""Type"": ""CHEMICAL"", ""Name"": ""prostaglandin""}, ""Relation"": {""Type"": ""PRODUCT-OF"", ""Name"": ""PRODUCT-OF""}, ""DirectedEntity"": {""Type"": ""GENE-N"", ""Name"": ""cyclooxygenases""}}, {""DirectionalEntity"": {""Type"": ""CHEMICAL"", ""Name"": ""naproxen""}, ""Relation"": {""Type"": ""INHIBITOR"", ""Name"": ""INHIBITOR""}, ""DirectedEntity"": {""Type"": ""GENE-N"", ""Name"": ""COX""}}, {""DirectionalEntity"": {""Type"": ""CHEMICAL"", ""Name"": ""rofecoxib""}, ""Relation"": {""Type"": ""INHIBITOR"", ""Name"": ""INHIBITOR""}, ""DirectedEntity"": {""Type"": ""GENE-Y"", ""Name"": ""COX-2""}}, {""DirectionalEntity"": {""Type"": ""CHEMICAL"", ""Name"": ""nimesulide""}, ""Relation"": {""Type"": ""INHIBITOR"", ""Name"": ""INHIBITOR""}, ""DirectedEntity"": {""Type"": ""GENE-Y"", ""Name"": ""COX-2""}}, {""DirectionalEntity"": {""Type"": ""CHEMICAL"", ""Name"": ""PTZ""}, ""Relation"": {""Type"": ""INDIRECT-UPREGULATOR"", ""Name"": ""INDIRECT-UPREGULATOR""}, ""DirectedEntity"": {""Type"": ""GENE-Y"", ""Name"": ""myeloperoxidase""}}, {""DirectionalEntity"": {""Type"": ""CHEMICAL"", ""Name"": ""nimesulide""}, ""Relation"": {""Type"": ""INHIBITOR"", ""Name"": ""INHIBITOR""}, ""DirectedEntity"": {""Type"": ""GENE-Y"", ""Name"": ""COX-2""}}]"
"Peroxisome proliferator-activated receptors alpha and gamma are activated by indomethacin and other non-steroidal anti-inflammatory drugs.
Indomethacin is a non-steroidal anti-inflammatory drug (NSAID) and cyclooxygenase inhibitor that is frequently used as a research tool to study the process of adipocyte differentiation. Treatment of various preadipocyte cell lines with micromolar concentrations of indomethacin in the presence of insulin promotes their terminal differentiation. However, the molecular basis for the adipogenic actions of indomethacin had remained unclear. In this report, we show that indomethacin binds and activates peroxisome proliferator-activated receptor gamma (PPARgamma), a ligand-activated transcription factor known to play a pivotal role in adipogenesis. The concentration of indomethacin required to activate PPARgamma is in good agreement with that required to induce the differentiation of C3H10T1/2 cells to adipocytes. We demonstrate that several other NSAIDs, including fenoprofen, ibuprofen, and flufenamic acid, are also PPARgamma ligands and induce adipocyte differentiation of C3H10T1/2 cells. Finally, we show that the same NSAIDs that activate PPARgamma are also efficacious activators of PPARalpha, a liver-enriched PPAR subtype that plays a key role in peroxisome proliferation. Interestingly, several NSAIDs have been reported to induce peroxisomal activity in hepatocytes both in vitro and in vivo. Our findings define a novel group of PPARgamma ligands and provide a molecular basis for the biological effects of these drugs on adipogenesis and peroxisome activity.","[""Relation-DIRECT-REGULATOR"", ""DirectedEntity-GENE-N"", ""DirectionalEntity-CHEMICAL"", ""Relation-ACTIVATOR"", ""Relation-INHIBITOR"", ""DirectedEntity-GENE-Y""]","[{""DirectionalEntity"": {""Type"": ""CHEMICAL"", ""Name"": ""Indomethacin""}, ""Relation"": {""Type"": ""INHIBITOR"", ""Name"": ""INHIBITOR""}, ""DirectedEntity"": {""Type"": ""GENE-N"", ""Name"": ""cyclooxygenase""}}, {""DirectionalEntity"": {""Type"": ""CHEMICAL"", ""Name"": ""indomethacin""}, ""Relation"": {""Type"": ""DIRECT-REGULATOR"", ""Name"": ""DIRECT-REGULATOR""}, ""DirectedEntity"": {""Type"": ""GENE-Y"", ""Name"": ""peroxisome proliferator-activated receptor gamma""}}, {""DirectionalEntity"": {""Type"": ""CHEMICAL"", ""Name"": ""indomethacin""}, ""Relation"": {""Type"": ""DIRECT-REGULATOR"", ""Name"": ""DIRECT-REGULATOR""}, ""DirectedEntity"": {""Type"": ""GENE-Y"", ""Name"": ""PPARgamma""}}, {""DirectionalEntity"": {""Type"": ""CHEMICAL"", ""Name"": ""indomethacin""}, ""Relation"": {""Type"": ""ACTIVATOR"", ""Name"": ""ACTIVATOR""}, ""DirectedEntity"": {""Type"": ""GENE-Y"", ""Name"": ""peroxisome proliferator-activated receptor gamma""}}, {""DirectionalEntity"": {""Type"": ""CHEMICAL"", ""Name"": ""indomethacin""}, ""Relation"": {""Type"": ""ACTIVATOR"", ""Name"": ""ACTIVATOR""}, ""DirectedEntity"": {""Type"": ""GENE-Y"", ""Name"": ""PPARgamma""}}, {""DirectionalEntity"": {""Type"": ""CHEMICAL"", ""Name"": ""indomethacin""}, ""Relation"": {""Type"": ""ACTIVATOR"", ""Name"": ""ACTIVATOR""}, ""DirectedEntity"": {""Type"": ""GENE-Y"", ""Name"": ""PPARgamma""}}, {""DirectionalEntity"": {""Type"": ""CHEMICAL"", ""Name"": ""fenoprofen""}, ""Relation"": {""Type"": ""DIRECT-REGULATOR"", ""Name"": ""DIRECT-REGULATOR""}, ""DirectedEntity"": {""Type"": ""GENE-Y"", ""Name"": ""PPARgamma""}}, {""DirectionalEntity"": {""Type"": ""CHEMICAL"", ""Name"": ""ibuprofen""}, ""Relation"": {""Type"": ""DIRECT-REGULATOR"", ""Name"": ""DIRECT-REGULATOR""}, ""DirectedEntity"": {""Type"": ""GENE-Y"", ""Name"": ""PPARgamma""}}, {""DirectionalEntity"": {""Type"": ""CHEMICAL"", ""Name"": ""flufenamic acid""}, ""Relation"": {""Type"": ""DIRECT-REGULATOR"", ""Name"": ""DIRECT-REGULATOR""}, ""DirectedEntity"": {""Type"": ""GENE-Y"", ""Name"": ""PPARgamma""}}]"
"Pharmacological characterization of an alpha 1A-adrenoceptor mediating contractile responses to noradrenaline in isolated caudal artery of rat.
1. The alpha 1-adrenoceptor population mediating contraction of caudal artery of rat has been characterized by using quantitative receptor pharmacology. 2. Cumulative concentration-effect (E/[A]) curves to noradrenaline (NA) yielded a p[A]50 of 5.56 +/- 0.05 (n = 16). Prazosin caused concentration-dependent, parallel, dextral shifts of E/[A] curves to NA yielding a pKb of 8.9 (Schild regression slope = 1.0). RS-17053 (N-[2-(2-cyclopropyl methoxy phenoxy) ethyl]-5-chloro-alpha, alpha-dimethyl-1H-indole- 3-ethanamine hydrochloride; 10-100 nM), a selective alpha 1 A-adrenoceptor antagonist, produced non-parallel, biphasic, dextral shifts of E/[A] curves to NA, suggesting the involvement of more than one alpha 1-adrenoceptor subtype. Analysis of the high affinity component yielded an apparent pA2 value of 9.2 +/- 0.3. 3. A-61603, a selective agonist at alpha 1A adrenoceptors behaved as a full agonist relative to NA and yielded monophasic E/[A] curves with a p[A50] of 7.59 +/- 0.04 (n = 15). Pretreatment of tissues with chloroethylclonidine (CEC; 100 microM for 20 min, followed by 40 min washout), which preferentially alkylates alpha 1B- and alpha 1D-adrenoceptors, did not alter E/[A] curves to A-61603. Prazosin (3-300 nM) caused concentration-dependent, parallel, dextral shifts of E/[A] curves to A-61603 yielding a pA2 estimate of 9.2 +/- 0.2. 4. Experiments with alpha 1-adrenoceptor antagonists of varying subtype selectivities (RS-17053, SNAP 5089, tamsulosin, 5-methylurapidil, BMY 7378, HV 723 and REC 15/2739) revealed parallel dextral shifts of E/[A] curves to A-61603. Schild regression analyses yielded pA2 estimates of 9.2, 9.3, 11.2, 9.0, 6.3, 8.7 and 10.0 for RS-17053, SNAP 5089, tamsulosin, 5-methylurapidil, BMY 7378, HV 723 and REC 15/2739, respectively, although deviations from unit slope (possibly reflecting a secondary involvement of another alpha 1-adrenoceptor) hindered estimations of pKb for some antagonists. The antagonist affinity profile obtained reflects best that described for the alpha 1A-adrenoceptor. 5. In conclusion, caudal artery of rat contracts in response to NA via activation of at least two alpha 1-adrenoceptor subtypes. One of these subtypes displays the pharmacology of the alpha 1A-adrenoceptor, while the other remains to be defined. Use of the novel selective agonist, A-61603, allows for limited pharmacological isolation of the alpha 1A-adrenoceptor permitting characterization of the properties of selective antagonists.","[""DirectedEntity-GENE-N"", ""Relation-AGONIST"", ""DirectionalEntity-CHEMICAL"", ""Relation-ACTIVATOR"", ""Relation-AGONIST-ACTIVATOR"", ""Relation-ANTAGONIST"", ""DirectedEntity-GENE-Y""]","[{""DirectionalEntity"": {""Type"": ""CHEMICAL"", ""Name"": ""RS-17053""}, ""Relation"": {""Type"": ""ANTAGONIST"", ""Name"": ""ANTAGONIST""}, ""DirectedEntity"": {""Type"": ""GENE-Y"", ""Name"": ""alpha 1 A-adrenoceptor""}}, {""DirectionalEntity"": {""Type"": ""CHEMICAL"", ""Name"": ""N-[2-(2-cyclopropyl methoxy phenoxy) ethyl]-5-chloro-alpha, alpha-dimethyl-1H-indole- 3-ethanamine hydrochloride""}, ""Relation"": {""Type"": ""ANTAGONIST"", ""Name"": ""ANTAGONIST""}, ""DirectedEntity"": {""Type"": ""GENE-Y"", ""Name"": ""alpha 1 A-adrenoceptor""}}, {""DirectionalEntity"": {""Type"": ""CHEMICAL"", ""Name"": ""NA""}, ""Relation"": {""Type"": ""AGONIST"", ""Name"": ""AGONIST""}, ""DirectedEntity"": {""Type"": ""GENE-Y"", ""Name"": ""alpha 1 A-adrenoceptor""}}, {""DirectionalEntity"": {""Type"": ""CHEMICAL"", ""Name"": ""A-61603""}, ""Relation"": {""Type"": ""AGONIST-ACTIVATOR"", ""Name"": ""AGONIST-ACTIVATOR""}, ""DirectedEntity"": {""Type"": ""GENE-Y"", ""Name"": ""alpha 1A adrenoceptors""}}, {""DirectionalEntity"": {""Type"": ""CHEMICAL"", ""Name"": ""NA""}, ""Relation"": {""Type"": ""AGONIST"", ""Name"": ""AGONIST""}, ""DirectedEntity"": {""Type"": ""GENE-Y"", ""Name"": ""alpha 1A adrenoceptors""}}, {""DirectionalEntity"": {""Type"": ""CHEMICAL"", ""Name"": ""RS-17053""}, ""Relation"": {""Type"": ""ANTAGONIST"", ""Name"": ""ANTAGONIST""}, ""DirectedEntity"": {""Type"": ""GENE-Y"", ""Name"": ""alpha 1-adrenoceptor""}}, {""DirectionalEntity"": {""Type"": ""CHEMICAL"", ""Name"": ""SNAP 5089""}, ""Relation"": {""Type"": ""ANTAGONIST"", ""Name"": ""ANTAGONIST""}, ""DirectedEntity"": {""Type"": ""GENE-Y"", ""Name"": ""alpha 1-adrenoceptor""}}, {""DirectionalEntity"": {""Type"": ""CHEMICAL"", ""Name"": ""tamsulosin""}, ""Relation"": {""Type"": ""ANTAGONIST"", ""Name"": ""ANTAGONIST""}, ""DirectedEntity"": {""Type"": ""GENE-Y"", ""Name"": ""alpha 1-adrenoceptor""}}, {""DirectionalEntity"": {""Type"": ""CHEMICAL"", ""Name"": ""5-methylurapidil""}, ""Relation"": {""Type"": ""ANTAGONIST"", ""Name"": ""ANTAGONIST""}, ""DirectedEntity"": {""Type"": ""GENE-Y"", ""Name"": ""alpha 1-adrenoceptor""}}, {""DirectionalEntity"": {""Type"": ""CHEMICAL"", ""Name"": ""BMY 7378""}, ""Relation"": {""Type"": ""ANTAGONIST"", ""Name"": ""ANTAGONIST""}, ""DirectedEntity"": {""Type"": ""GENE-Y"", ""Name"": ""alpha 1-adrenoceptor""}}, {""DirectionalEntity"": {""Type"": ""CHEMICAL"", ""Name"": ""HV 723""}, ""Relation"": {""Type"": ""ANTAGONIST"", ""Name"": ""ANTAGONIST""}, ""DirectedEntity"": {""Type"": ""GENE-Y"", ""Name"": ""alpha 1-adrenoceptor""}}, {""DirectionalEntity"": {""Type"": ""CHEMICAL"", ""Name"": ""REC 15/2739""}, ""Relation"": {""Type"": ""ANTAGONIST"", ""Name"": ""ANTAGONIST""}, ""DirectedEntity"": {""Type"": ""GENE-Y"", ""Name"": ""alpha 1-adrenoceptor""}}, {""DirectionalEntity"": {""Type"": ""CHEMICAL"", ""Name"": ""A-61603""}, ""Relation"": {""Type"": ""AGONIST"", ""Name"": ""AGONIST""}, ""DirectedEntity"": {""Type"": ""GENE-Y"", ""Name"": ""alpha 1-adrenoceptor""}}, {""DirectionalEntity"": {""Type"": ""CHEMICAL"", ""Name"": ""NA""}, ""Relation"": {""Type"": ""ACTIVATOR"", ""Name"": ""ACTIVATOR""}, ""DirectedEntity"": {""Type"": ""GENE-N"", ""Name"": ""alpha 1-adrenoceptor""}}, {""DirectionalEntity"": {""Type"": ""CHEMICAL"", ""Name"": ""A-61603""}, ""Relation"": {""Type"": ""AGONIST"", ""Name"": ""AGONIST""}, ""DirectedEntity"": {""Type"": ""GENE-Y"", ""Name"": ""alpha 1A-adrenoceptor""}}]"
"Plasma N-terminal pro-brain natriuretic peptide and adrenomedullin: prognostic utility and prediction of benefit from carvedilol in chronic ischemic left ventricular dysfunction. Australia-New Zealand Heart Failure Group.
OBJECTIVES: We sought to assess plasma concentrations of the amino (N)-terminal portion of pro-brain natriuretic peptide (N-BNP) and adrenomedullin for prediction of adverse outcomes and responses to treatment in 297 patients with ischemic left ventricular (LV) dysfunction who were randomly assigned to receive carvedilol or placebo. BACKGROUND: Although neurohormonal status has known prognostic significance in heart failure, the predictive power of either N-BNP or adrenomedullin in chronic ischemic LV dysfunction has not been previously reported. METHODS: Plasma N-BNP and adrenomedullin were measured in 297 patients with chronic ischemic (LV) dysfunction before randomization to carvedilol or placebo, added to established treatment with a converting enzyme inhibitor and loop diuretic (with or without digoxin). The patients' clinical outcomes, induding mortality and heart failure events, were recorded for 18 months. RESULTS: Above-median N-BNP and adrenomedullin levels conferred increased risks (all p < 0.001) of mortality (risk ratios [95% confidence intervals]: 4.67 [2-10.9] and 3.92 [1.76-8.7], respectively) and hospital admission with heart failure (4.7 [2.2-10.3] and 2.4 [1.3-4.5], respectively). Both of these predicted death or heart failure independent of age, New York Heart Association functional class, LV ejection fraction, previous myocardial infarction or previous admission with heart failure. Carvedilol reduced the risk of death or heart failure in patients with above-median levels of N-BNP or adrenomedullin, or both, to rates not significantly different from those observed in patients with levels below the median value. CONCLUSIONS: In patients with established ischemic LV dysfunction, plasma N-BNP and adrenomedullin are independent predictors of mortality and heart failure. Carvedilol reduced mortality and heart failure in patients with higher pre-treatment plasma N-BNP and adrenomedullin.","[""DirectedEntity-GENE-Y"", ""DirectionalEntity-CHEMICAL"", ""Relation-INDIRECT-DOWNREGULATOR""]","[{""DirectionalEntity"": {""Type"": ""CHEMICAL"", ""Name"": ""Carvedilol""}, ""Relation"": {""Type"": ""INDIRECT-DOWNREGULATOR"", ""Name"": ""INDIRECT-DOWNREGULATOR""}, ""DirectedEntity"": {""Type"": ""GENE-Y"", ""Name"": ""N-BNP""}}, {""DirectionalEntity"": {""Type"": ""CHEMICAL"", ""Name"": ""Carvedilol""}, ""Relation"": {""Type"": ""INDIRECT-DOWNREGULATOR"", ""Name"": ""INDIRECT-DOWNREGULATOR""}, ""DirectedEntity"": {""Type"": ""GENE-Y"", ""Name"": ""adrenomedullin""}}, {""DirectionalEntity"": {""Type"": ""CHEMICAL"", ""Name"": ""Carvedilol""}, ""Relation"": {""Type"": ""INDIRECT-DOWNREGULATOR"", ""Name"": ""INDIRECT-DOWNREGULATOR""}, ""DirectedEntity"": {""Type"": ""GENE-Y"", ""Name"": ""N-BNP""}}, {""DirectionalEntity"": {""Type"": ""CHEMICAL"", ""Name"": ""Carvedilol""}, ""Relation"": {""Type"": ""INDIRECT-DOWNREGULATOR"", ""Name"": ""INDIRECT-DOWNREGULATOR""}, ""DirectedEntity"": {""Type"": ""GENE-Y"", ""Name"": ""adrenomedullin""}}]"
"Measurement of Transport Activities of 3β-Hydroxy-Δ(5)-bile Acids in Bile Salt Export Pump and Multidrug Resistance-Associated Proteins Using LC-MS/MS.
A method has been developed for the measurement of transport activities in membrane vesicles obtained from Sf9 cells for 3β-hydroxy-Δ(5)-bile acids by high-performance liquid chromatography-electrospray ionization-tandem mass spectrometry. Calibration curves for the bile acids were linear over the range of 10 to 2000 pmol/mL, and the detection limit was less than 1 pmol/mL for 3β-hydroxy-Δ(5)-bile acids using selected reaction monitoring analysis. The analytical method was applied to measurements of transport activities in membrane vesicles obtained from human multidrug resistance-associated protein 2-, 3-, and human bile salt export pump-expressing Sf9 cells for conjugated 3β-hydroxy-Δ(5)-bile acids. The present study demonstrated that human multidrug resistance-associated protein 3 vesicles accepted conjugated 3β-hydroxy-Δ(5)-bile acids along with common bile acids such as glycocholic acid and taurolithocholic acid 3-sulfate.","[""Relation-SUBSTRATE"", ""DirectedEntity-GENE-N"", ""DirectedEntity-GENE-Y"", ""DirectionalEntity-CHEMICAL""]","[{""DirectionalEntity"": {""Type"": ""CHEMICAL"", ""Name"": ""3β-Hydroxy-Δ(5)-bile Acids""}, ""Relation"": {""Type"": ""SUBSTRATE"", ""Name"": ""SUBSTRATE""}, ""DirectedEntity"": {""Type"": ""GENE-Y"", ""Name"": ""Bile Salt Export Pump""}}, {""DirectionalEntity"": {""Type"": ""CHEMICAL"", ""Name"": ""3β-Hydroxy-Δ(5)-bile Acids""}, ""Relation"": {""Type"": ""SUBSTRATE"", ""Name"": ""SUBSTRATE""}, ""DirectedEntity"": {""Type"": ""GENE-N"", ""Name"": ""Multidrug Resistance-Associated Proteins""}}, {""DirectionalEntity"": {""Type"": ""CHEMICAL"", ""Name"": ""3β-hydroxy-Δ(5)-bile acids""}, ""Relation"": {""Type"": ""SUBSTRATE"", ""Name"": ""SUBSTRATE""}, ""DirectedEntity"": {""Type"": ""GENE-Y"", ""Name"": ""human bile salt export pump""}}, {""DirectionalEntity"": {""Type"": ""CHEMICAL"", ""Name"": ""3β-hydroxy-Δ(5)-bile acids""}, ""Relation"": {""Type"": ""SUBSTRATE"", ""Name"": ""SUBSTRATE""}, ""DirectedEntity"": {""Type"": ""GENE-Y"", ""Name"": ""human multidrug resistance-associated protein 3""}}, {""DirectionalEntity"": {""Type"": ""CHEMICAL"", ""Name"": ""bile acids""}, ""Relation"": {""Type"": ""SUBSTRATE"", ""Name"": ""SUBSTRATE""}, ""DirectedEntity"": {""Type"": ""GENE-Y"", ""Name"": ""human multidrug resistance-associated protein 3""}}, {""DirectionalEntity"": {""Type"": ""CHEMICAL"", ""Name"": ""glycocholic acid""}, ""Relation"": {""Type"": ""SUBSTRATE"", ""Name"": ""SUBSTRATE""}, ""DirectedEntity"": {""Type"": ""GENE-Y"", ""Name"": ""human multidrug resistance-associated protein 3""}}, {""DirectionalEntity"": {""Type"": ""CHEMICAL"", ""Name"": ""taurolithocholic acid 3-sulfate""}, ""Relation"": {""Type"": ""SUBSTRATE"", ""Name"": ""SUBSTRATE""}, ""DirectedEntity"": {""Type"": ""GENE-Y"", ""Name"": ""human multidrug resistance-associated protein 3""}}]"
"Exposure of zebrafish embryos/larvae to TDCPP alters concentrations of thyroid hormones and transcriptions of genes involved in the hypothalamic-pituitary-thyroid axis.
Tris(1,3-dichloro-2-propyl) phosphate (TDCPP) has been frequently detected in the environment and in various biota, including fish, and has been implicated in disruption of the thyroid endocrine system. In the present study, zebrafish (Danio rerio) embryos were exposed to different concentrations of TDCPP (10, 50, 100, 300 and 600 μg/L) from 2 h post-fertilization (hpf) to 144 hpf. Developmental endpoints, and whole-body concentrations of thyroid hormones and transcriptional profiles of genes involved in the hypothalamic-pituitary-thyroid (HPT) axis were examined. Exposure to TDCPP caused a dose-dependent developmental toxicity, including decreased body weight, reduced hatching, survival and heartbeat rates, and increased malformation (spinal curvature). Treatment with the positive control chemical 3,3',5-triiodo-l-thyronine (T3) significantly decreased whole-body thyroxin (T4) concentrations, increased whole-body T3 concentrations, and upregulated mRNA expression involved in the HPT axis as a compensatory mechanism. These results suggested that the HPT axis in 144-hpf zebrafish larvae was responsive to chemical exposure and could be used to evaluate the effects of chemicals on the thyroid endocrine system. TDCPP exposure significantly decreased whole-body T4 concentrations and increased whole-body T3 concentrations, indicating thyroid endocrine disruption. The upregulation of genes related to thyroid hormone metabolism (dio1 and ugt1ab) might be responsible for decreased T4 concentrations. Treatment with TDCPP also significantly increased transcription of genes involved in thyroid hormone synthesis (tshβ, slc5a5 and tg) and thyroid development (hhex, nkx2.1 and pax8) as a compensatory mechanism for decreased T4 concentrations. Taken together, these results suggest that TDCPP alters the transcription of genes involved in the HPT axis and changes whole-body concentrations of thyroid hormones in zebrafish embryos/larvae, thus causing an endocrine disruption of the thyroid system.","[""DirectedEntity-GENE-N"", ""DirectedEntity-GENE-Y"", ""Relation-INDIRECT-UPREGULATOR"", ""DirectionalEntity-CHEMICAL""]","[{""DirectionalEntity"": {""Type"": ""CHEMICAL"", ""Name"": ""TDCPP""}, ""Relation"": {""Type"": ""INDIRECT-UPREGULATOR"", ""Name"": ""INDIRECT-UPREGULATOR""}, ""DirectedEntity"": {""Type"": ""GENE-N"", ""Name"": ""tshβ""}}, {""DirectionalEntity"": {""Type"": ""CHEMICAL"", ""Name"": ""TDCPP""}, ""Relation"": {""Type"": ""INDIRECT-UPREGULATOR"", ""Name"": ""INDIRECT-UPREGULATOR""}, ""DirectedEntity"": {""Type"": ""GENE-Y"", ""Name"": ""slc5a5""}}, {""DirectionalEntity"": {""Type"": ""CHEMICAL"", ""Name"": ""TDCPP""}, ""Relation"": {""Type"": ""INDIRECT-UPREGULATOR"", ""Name"": ""INDIRECT-UPREGULATOR""}, ""DirectedEntity"": {""Type"": ""GENE-Y"", ""Name"": ""tg""}}, {""DirectionalEntity"": {""Type"": ""CHEMICAL"", ""Name"": ""TDCPP""}, ""Relation"": {""Type"": ""INDIRECT-UPREGULATOR"", ""Name"": ""INDIRECT-UPREGULATOR""}, ""DirectedEntity"": {""Type"": ""GENE-Y"", ""Name"": ""hhex""}}, {""DirectionalEntity"": {""Type"": ""CHEMICAL"", ""Name"": ""TDCPP""}, ""Relation"": {""Type"": ""INDIRECT-UPREGULATOR"", ""Name"": ""INDIRECT-UPREGULATOR""}, ""DirectedEntity"": {""Type"": ""GENE-Y"", ""Name"": ""nkx2.1""}}, {""DirectionalEntity"": {""Type"": ""CHEMICAL"", ""Name"": ""TDCPP""}, ""Relation"": {""Type"": ""INDIRECT-UPREGULATOR"", ""Name"": ""INDIRECT-UPREGULATOR""}, ""DirectedEntity"": {""Type"": ""GENE-Y"", ""Name"": ""pax8""}}]"
"Inhibition of human breast cancer cell proliferation in tissue culture by the neuroleptic agents pimozide and thioridazine.
Permanent cell culture lines derived from human breast cancer tissue are important experimental models in the study of human breast cancer cell proliferation. In the present work, pimozide, thioridazine, W-13, and W-12 were shown to inhibit MCF-7 human breast cancer cell growth. The 50% inhibition concentration values determined in two proliferation assays, [3H]thymidine incorporation and cell number, were in close agreement for each compound tested. The order of potency for growth inhibition in the presence of 2% stripped calf serum was pimozide (Ki 2 microM) greater than thioridazine (Ki 5 microM) greater than W-13 (Ki 15 microM) greater than W-12 (Ki 39 microM). Similar concentrations of these compounds blocked estradiol-induced growth of MCF-7 cells, but estrogen receptor (ER) interactions do not seem to be involved. Pimozide and thioridazine had no effect on the estradiol binding properties of the MCF-7 ER, nor did pimozide interfere with the induction of progesterone receptors by estradiol. Furthermore, pimozide also inhibited incorporation of [3H]thymidine into MCF-7 cells stimulated by polypeptide hormones in serum-free medium. The Ki for pimozide in serum-free medium alone, 0.46 microM, was similar to that determined in the presence of insulin (0.42 microM), insulin-like growth factor I (0.54 microM), and epidermal growth factor (0.43 microM). The effects of pimozide on breast cancer cell growth were not limited to the MCF-7 cell line. Pimozide also blocked cell growth and [3H]thymidine incorporation into the ER-positive T47D and ZR75-1B human breast cancer cell lines and the ER-negative human breast cancer cell line, MDA-MB-231. Although numerous mechanisms of action of pimozide and thioridazine have been identified, both drugs are calmodulin antagonists at drug concentrations that inhibit breast cancer cell growth in vitro. Inhibition of MCF-7 cell growth by the selective calmodulin antagonists W-13 and W-12 is consistent with a role for calmodulin antagonism in the broad growth-inhibitory properties of pimozide. We conclude that pimozide and thioridazine may be useful in the control of estradiol- and polypeptide hormone-induced growth of ER-positive and ER-negative human breast tumors.","[""Relation-DIRECT-REGULATOR"", ""DirectionalEntity-CHEMICAL"", ""Relation-ACTIVATOR"", ""Relation-ANTAGONIST"", ""Relation-INHIBITOR"", ""DirectedEntity-GENE-Y""]","[{""DirectionalEntity"": {""Type"": ""CHEMICAL"", ""Name"": ""estradiol""}, ""Relation"": {""Type"": ""ACTIVATOR"", ""Name"": ""ACTIVATOR""}, ""DirectedEntity"": {""Type"": ""GENE-Y"", ""Name"": ""progesterone receptors""}}, {""DirectionalEntity"": {""Type"": ""CHEMICAL"", ""Name"": ""estradiol""}, ""Relation"": {""Type"": ""DIRECT-REGULATOR"", ""Name"": ""DIRECT-REGULATOR""}, ""DirectedEntity"": {""Type"": ""GENE-Y"", ""Name"": ""ER""}}, {""DirectionalEntity"": {""Type"": ""CHEMICAL"", ""Name"": ""[3H]thymidine""}, ""Relation"": {""Type"": ""DIRECT-REGULATOR"", ""Name"": ""DIRECT-REGULATOR""}, ""DirectedEntity"": {""Type"": ""GENE-Y"", ""Name"": ""ER""}}, {""DirectionalEntity"": {""Type"": ""CHEMICAL"", ""Name"": ""Pimozide""}, ""Relation"": {""Type"": ""INHIBITOR"", ""Name"": ""INHIBITOR""}, ""DirectedEntity"": {""Type"": ""GENE-Y"", ""Name"": ""ER""}}, {""DirectionalEntity"": {""Type"": ""CHEMICAL"", ""Name"": ""pimozide""}, ""Relation"": {""Type"": ""ANTAGONIST"", ""Name"": ""ANTAGONIST""}, ""DirectedEntity"": {""Type"": ""GENE-Y"", ""Name"": ""calmodulin""}}, {""DirectionalEntity"": {""Type"": ""CHEMICAL"", ""Name"": ""thioridazine""}, ""Relation"": {""Type"": ""ANTAGONIST"", ""Name"": ""ANTAGONIST""}, ""DirectedEntity"": {""Type"": ""GENE-Y"", ""Name"": ""calmodulin""}}, {""DirectionalEntity"": {""Type"": ""CHEMICAL"", ""Name"": ""W-13""}, ""Relation"": {""Type"": ""ANTAGONIST"", ""Name"": ""ANTAGONIST""}, ""DirectedEntity"": {""Type"": ""GENE-Y"", ""Name"": ""calmodulin""}}, {""DirectionalEntity"": {""Type"": ""CHEMICAL"", ""Name"": ""W-12""}, ""Relation"": {""Type"": ""ANTAGONIST"", ""Name"": ""ANTAGONIST""}, ""DirectedEntity"": {""Type"": ""GENE-Y"", ""Name"": ""calmodulin""}}, {""DirectionalEntity"": {""Type"": ""CHEMICAL"", ""Name"": ""pimozide""}, ""Relation"": {""Type"": ""ANTAGONIST"", ""Name"": ""ANTAGONIST""}, ""DirectedEntity"": {""Type"": ""GENE-Y"", ""Name"": ""calmodulin""}}, {""DirectionalEntity"": {""Type"": ""CHEMICAL"", ""Name"": ""estradiol""}, ""Relation"": {""Type"": ""ACTIVATOR"", ""Name"": ""ACTIVATOR""}, ""DirectedEntity"": {""Type"": ""GENE-Y"", ""Name"": ""ER""}}, {""DirectionalEntity"": {""Type"": ""CHEMICAL"", ""Name"": ""pimozide""}, ""Relation"": {""Type"": ""INHIBITOR"", ""Name"": ""INHIBITOR""}, ""DirectedEntity"": {""Type"": ""GENE-Y"", ""Name"": ""ER""}}, {""DirectionalEntity"": {""Type"": ""CHEMICAL"", ""Name"": ""thioridazine""}, ""Relation"": {""Type"": ""INHIBITOR"", ""Name"": ""INHIBITOR""}, ""DirectedEntity"": {""Type"": ""GENE-Y"", ""Name"": ""ER""}}]"
"Modulation of multidrug resistance in cancer cells by chelidonine and Chelidonium majus alkaloids.
Cancer cells often develop multidrug resistance (MDR) which is a multidimensional problem involving several mechanisms and targets. This study demonstrates that chelidonine and an alkaloid extract from Chelidonium majus, which contains protoberberine and benzo[c]phenanthridine alkaloids, has the ability to overcome MDR of different cancer cell lines through interaction with ABC-transporters, CYP3A4 and GST, by induction of apoptosis, and cytotoxic effects. Chelidonine and the alkaloid extract inhibited P-gp/MDR1 activity in a concentration-dependent manner in Caco-2 and CEM/ADR5000 and reversed their doxorubicin resistance. In addition, chelidonine and the alkaloid extract inhibited the activity of the drug modifying enzymes CYP3A4 and GST in a dose-dependent manner. The alkaloids induced apoptosis in MDR cells which was accompanied by an activation of caspase-3, -8,-6/9, and phosphatidyl serine (PS) exposure. cDNA arrays were applied to identify differentially expressed genes after treatment with chelidonine and the alkaloid extract. The expression analysis identified a common set of regulated genes related to apoptosis, cell cycle, and drug metabolism. Treatment of Caco-2 cells with 50 μg/ml alkaloid extract and 50 μM chelidonine for up to 48 h resulted in a significant decrease in mRNA levels of P-gp/MDR1, MRP1, BCRP, CYP3A4, GST, and hPXR and in a significant increase in caspase-3 and caspase-8 mRNA. Thus, chelidonine is a promising model compound for overcoming MDR and for enhancing cytotoxicity of chemotherapeutics, especially against leukaemia cells. Its efficacy needs to be confirmed in animal models.","[""DirectedEntity-GENE-N"", ""DirectionalEntity-CHEMICAL"", ""Relation-INDIRECT-DOWNREGULATOR"", ""Relation-INHIBITOR"", ""DirectedEntity-GENE-Y"", ""Relation-INDIRECT-UPREGULATOR""]","[{""DirectionalEntity"": {""Type"": ""CHEMICAL"", ""Name"": ""Chelidonine""}, ""Relation"": {""Type"": ""INHIBITOR"", ""Name"": ""INHIBITOR""}, ""DirectedEntity"": {""Type"": ""GENE-N"", ""Name"": ""P-gp""}}, {""DirectionalEntity"": {""Type"": ""CHEMICAL"", ""Name"": ""Chelidonine""}, ""Relation"": {""Type"": ""INHIBITOR"", ""Name"": ""INHIBITOR""}, ""DirectedEntity"": {""Type"": ""GENE-Y"", ""Name"": ""MDR1""}}, {""DirectionalEntity"": {""Type"": ""CHEMICAL"", ""Name"": ""chelidonine""}, ""Relation"": {""Type"": ""INHIBITOR"", ""Name"": ""INHIBITOR""}, ""DirectedEntity"": {""Type"": ""GENE-Y"", ""Name"": ""CYP3A4""}}, {""DirectionalEntity"": {""Type"": ""CHEMICAL"", ""Name"": ""chelidonine""}, ""Relation"": {""Type"": ""INHIBITOR"", ""Name"": ""INHIBITOR""}, ""DirectedEntity"": {""Type"": ""GENE-N"", ""Name"": ""GST""}}, {""DirectionalEntity"": {""Type"": ""CHEMICAL"", ""Name"": ""chelidonine""}, ""Relation"": {""Type"": ""INDIRECT-DOWNREGULATOR"", ""Name"": ""INDIRECT-DOWNREGULATOR""}, ""DirectedEntity"": {""Type"": ""GENE-N"", ""Name"": ""P-gp""}}, {""DirectionalEntity"": {""Type"": ""CHEMICAL"", ""Name"": ""chelidonine""}, ""Relation"": {""Type"": ""INDIRECT-DOWNREGULATOR"", ""Name"": ""INDIRECT-DOWNREGULATOR""}, ""DirectedEntity"": {""Type"": ""GENE-Y"", ""Name"": ""MDR1""}}, {""DirectionalEntity"": {""Type"": ""CHEMICAL"", ""Name"": ""chelidonine""}, ""Relation"": {""Type"": ""INDIRECT-DOWNREGULATOR"", ""Name"": ""INDIRECT-DOWNREGULATOR""}, ""DirectedEntity"": {""Type"": ""GENE-Y"", ""Name"": ""MRP1""}}, {""DirectionalEntity"": {""Type"": ""CHEMICAL"", ""Name"": ""chelidonine""}, ""Relation"": {""Type"": ""INDIRECT-DOWNREGULATOR"", ""Name"": ""INDIRECT-DOWNREGULATOR""}, ""DirectedEntity"": {""Type"": ""GENE-Y"", ""Name"": ""BCRP""}}, {""DirectionalEntity"": {""Type"": ""CHEMICAL"", ""Name"": ""chelidonine""}, ""Relation"": {""Type"": ""INDIRECT-DOWNREGULATOR"", ""Name"": ""INDIRECT-DOWNREGULATOR""}, ""DirectedEntity"": {""Type"": ""GENE-Y"", ""Name"": ""CYP3A4""}}, {""DirectionalEntity"": {""Type"": ""CHEMICAL"", ""Name"": ""chelidonine""}, ""Relation"": {""Type"": ""INDIRECT-DOWNREGULATOR"", ""Name"": ""INDIRECT-DOWNREGULATOR""}, ""DirectedEntity"": {""Type"": ""GENE-N"", ""Name"": ""GST""}}, {""DirectionalEntity"": {""Type"": ""CHEMICAL"", ""Name"": ""chelidonine""}, ""Relation"": {""Type"": ""INDIRECT-DOWNREGULATOR"", ""Name"": ""INDIRECT-DOWNREGULATOR""}, ""DirectedEntity"": {""Type"": ""GENE-Y"", ""Name"": ""hPXR""}}, {""DirectionalEntity"": {""Type"": ""CHEMICAL"", ""Name"": ""chelidonine""}, ""Relation"": {""Type"": ""INDIRECT-UPREGULATOR"", ""Name"": ""INDIRECT-UPREGULATOR""}, ""DirectedEntity"": {""Type"": ""GENE-Y"", ""Name"": ""caspase-3""}}, {""DirectionalEntity"": {""Type"": ""CHEMICAL"", ""Name"": ""chelidonine""}, ""Relation"": {""Type"": ""INDIRECT-UPREGULATOR"", ""Name"": ""INDIRECT-UPREGULATOR""}, ""DirectedEntity"": {""Type"": ""GENE-Y"", ""Name"": ""caspase-8""}}]"
"The potassium channel subunit Kvbeta3 interacts with pannexin 1 and attenuates its sensitivity to changes in redox potentials.
Pannexin 1 (Panx1), a member of the second gap junction protein family identified in vertebrates, appears to preferentially form non-junctional membrane channels. A candidate regulatory protein of Panx1 is the potassium channel subunit Kvbeta3, previously identified by bacterial two-hybrid strategies. Here, we report on the physical association of Panx1 with Kvbeta3 by immunoprecipitation when co-expressed in a neuroblastoma cell line (Neuro2A). Furthermore, in vivo co-expression of Panx1 and Kvbeta3 was shown to occur in murine hippocampus and cerebellum. Kvbeta3 is known to accelerate inactivation of otherwise slowly inactivating potassium channels under reducing conditions. We subsequently found that Panx1 channel currents exhibit a significant reduction when exposed to reducing agents, and that this effect is attenuated in the presence of Kvbeta3. Apparently, Kvbeta3 is involved in regulating the susceptibility of Panx1 channels to redox potential. Furthermore, the Panx1 channel blockers carbenoxolone and Probenecid were less effective in inhibiting Panx1 currents when Kvbeta3 was co-expressed. The influence of Kvbeta3 on Panx1 is the first example of modulation of Panx1 channel function(s) by interacting proteins, and suggests the physiological importance of sensing changes in redox potentials.","[""Relation-INHIBITOR"", ""DirectedEntity-GENE-Y"", ""DirectionalEntity-CHEMICAL""]","[{""DirectionalEntity"": {""Type"": ""CHEMICAL"", ""Name"": ""carbenoxolone""}, ""Relation"": {""Type"": ""INHIBITOR"", ""Name"": ""INHIBITOR""}, ""DirectedEntity"": {""Type"": ""GENE-Y"", ""Name"": ""Panx1""}}, {""DirectionalEntity"": {""Type"": ""CHEMICAL"", ""Name"": ""Probenecid""}, ""Relation"": {""Type"": ""INHIBITOR"", ""Name"": ""INHIBITOR""}, ""DirectedEntity"": {""Type"": ""GENE-Y"", ""Name"": ""Panx1""}}]"
"Antifungal agents: mode of action in yeast cells.
Different kinds of mycoses, especially invasive, have become an important public health problem as their incidence has increased dramatically in the last decades in relation to AIDS, hematological malignancies, transplant recipients and other immunosuppressed individuals. Management of fungal infections is markedly limited by problems of drug safety, resistance and effectiveness profile. Current therapy for invasive mycoses uses a relatively reduced number of antifungal drugs, such as amphotericin B, fluconazole and itraconazole. Other new antifungal agents from old and new chemical families, like voriconazole, posaconazole, ravuconazole, caspofungin and micafungin, have been introduced into the armamentarium for fungal infections management. This review is focused on the mode of action of those antifungal drugs used against pathogenic yeasts. The interaction of amphotericin B with ergosterol and other membrane sterols results in the production of aqueous pores of drug and the ergosterol biosynthetic pathway is the target of the allylamines, phenylmorpholines and azole antifungal agents. The main molecular target of azole antifungals is the cytochrome P-450 protein Erg11p/Cyp51p. Echinocandins, a new class of antifungal drugs, are fungal secondary metabolites that act against beta-1-3-D-glucan synthesis. The phenylmorpholines, of which amorolfine is the sole representative in human therapy, affect two targets in the ergosterol pathway: Erg24p (delta 14 reductase) and Erg2p (delta 8-delta 7 isomerase). The sordarins group are protein synthesis inhibitors that work by blocking the function of fungal translation elongation factor 2. Other protein inhibitors are zofimarin, BE31045, SCH57504, xylarin, hypoxysordarin and GR135402. In order to overcome the problems derived from the exploitation of azole drugs, macrolides and echinocandins, novel targets were explored. Proposed antifungal drugs have been developed against potential targets like the N-myristylation of fungal proteins, with inhibitors like myristate and histidine analogues or myristoylpeptide derivatives, aminobenzothiazoles, quinolines and benzofurans. Polymerization of cell wall carbohydrates from uridine di-phospho sugars is another potential target.","[""Relation-INHIBITOR"", ""DirectedEntity-GENE-N"", ""DirectionalEntity-CHEMICAL""]","[{""DirectionalEntity"": {""Type"": ""CHEMICAL"", ""Name"": ""sordarins""}, ""Relation"": {""Type"": ""INHIBITOR"", ""Name"": ""INHIBITOR""}, ""DirectedEntity"": {""Type"": ""GENE-N"", ""Name"": ""fungal translation elongation factor 2""}}]"
"Quantitative prediction of CYP2B6 induction by estradiol during pregnancy: potential explanation for increased methadone clearance during pregnancy.
There is considerable evidence that pregnancy changes the disposition of drugs in an enzyme- and gestational stage-specific manner. On the basis of probe drug studies, the activity of CYP3A4 and CYP2D6 increases and CYP1A2 decreases during human pregnancy. However, no studies of CYP2B6 activity during human pregnancy have been conducted. In rodent models and in HepG2 cells, CYP2B enzymes have been shown to be regulated by estradiol. Because estradiol concentrations increase by ∼50-fold during human pregnancy, it was hypothesized that the increasing estradiol concentrations during human pregnancy would result in induction of CYP2B6 activity. Hepatocytes from three female donors were treated with estradiol, and the EC(50) and E(max) were measured for CYP2B6 mRNA and bupropion hydroxylation activity. The measured values were used to predict the magnitude of CYP2B6 induction during human pregnancy. At 100 nM total estradiol, a concentration achievable during the third trimester of pregnancy, CYP2B6 activity was predicted to increase by 1.5-3-fold, based on increased CYP2B6 activity and mRNA. When the E(max) and EC(50) values were compared with those for carbamazepine and rifampin, estradiol was found to be as potent an inducer of CYP2B6 as rifampin and carbamazepine. These data suggest that, during human pregnancy, the increasing estradiol concentrations will result in increased clearance of drugs that have CYP2B6-mediated clearance pathways. This could in part explain the observed increase in methadone clearance during pregnancy.","[""DirectedEntity-GENE-Y"", ""Relation-ACTIVATOR"", ""DirectionalEntity-CHEMICAL"", ""Relation-INDIRECT-UPREGULATOR""]","[{""DirectionalEntity"": {""Type"": ""CHEMICAL"", ""Name"": ""estradiol""}, ""Relation"": {""Type"": ""ACTIVATOR"", ""Name"": ""ACTIVATOR""}, ""DirectedEntity"": {""Type"": ""GENE-Y"", ""Name"": ""CYP2B6""}}, {""DirectionalEntity"": {""Type"": ""CHEMICAL"", ""Name"": ""estradiol""}, ""Relation"": {""Type"": ""ACTIVATOR"", ""Name"": ""ACTIVATOR""}, ""DirectedEntity"": {""Type"": ""GENE-Y"", ""Name"": ""CYP2B6""}}, {""DirectionalEntity"": {""Type"": ""CHEMICAL"", ""Name"": ""estradiol""}, ""Relation"": {""Type"": ""INDIRECT-UPREGULATOR"", ""Name"": ""INDIRECT-UPREGULATOR""}, ""DirectedEntity"": {""Type"": ""GENE-Y"", ""Name"": ""CYP2B6""}}, {""DirectionalEntity"": {""Type"": ""CHEMICAL"", ""Name"": ""estradiol""}, ""Relation"": {""Type"": ""ACTIVATOR"", ""Name"": ""ACTIVATOR""}, ""DirectedEntity"": {""Type"": ""GENE-Y"", ""Name"": ""CYP2B6""}}, {""DirectionalEntity"": {""Type"": ""CHEMICAL"", ""Name"": ""estradiol""}, ""Relation"": {""Type"": ""ACTIVATOR"", ""Name"": ""ACTIVATOR""}, ""DirectedEntity"": {""Type"": ""GENE-Y"", ""Name"": ""CYP2B6""}}, {""DirectionalEntity"": {""Type"": ""CHEMICAL"", ""Name"": ""rifampin""}, ""Relation"": {""Type"": ""ACTIVATOR"", ""Name"": ""ACTIVATOR""}, ""DirectedEntity"": {""Type"": ""GENE-Y"", ""Name"": ""CYP2B6""}}, {""DirectionalEntity"": {""Type"": ""CHEMICAL"", ""Name"": ""carbamazepine""}, ""Relation"": {""Type"": ""ACTIVATOR"", ""Name"": ""ACTIVATOR""}, ""DirectedEntity"": {""Type"": ""GENE-Y"", ""Name"": ""CYP2B6""}}]"
"Long-lasting inhibitory effect of apple and orange juices, but not grapefruit juice, on OATP2B1-mediated drug absorption.
Enzyme-based grapefruit juice (GFJ)-drug interactions are mainly due to mechanism-based irreversible inhibition of metabolizing enzyme CYP3A4 by GFJ components, but the transporter organic anion transporting polypeptide (OATP)2B1 is also a putative site of interaction between drugs and fruit juices (FJ) in the absorption process. Here we aimed to investigate the effect of preincubation with FJ on OATP2B1-mediated transport of drugs in vitro. When OATP2B1-expressing Xenopus oocytes were preincubated with GFJ, orange juice (OJ), or apple juice (AJ), AJ induced a remarkable decrease in OATP2B1-mediated estrone-3-sulfate uptake in a concentration-dependent manner (IC(50) = 1.5%). A similar but less potent effect was observed with OJ (IC(50) = 21%), whereas GFJ had no effect. Similar results were obtained in preincubation studies using fexofenadine. Preincubation with OJ and AJ resulted in time-dependent inhibition of OATP2B1. Again, AJ had the more potent effect; its action lasted for at least 240 minutes, suggesting that AJ irreversibly inhibits OATP2B1-mediated drug uptake. Kinetic analysis revealed that coincubation and preincubation with AJ reduced OATP2B1-mediated estrone-3-sulfate uptake via competitive and noncompetitive mechanisms, respectively. Thus, OATP2B1 is functionally impaired through both competitive and long-lasting inhibition mechanisms by AJ and OJ, but not GFJ. Interestingly, although GFJ but not AJ is able to irreversibly inhibit CYP3A4, in the case of OATP2B1, AJ but not GFJ has a long-lasting inhibitory effect. Accordingly, complex FJ-drug interactions may occur in vivo, and their clinical significance should be examined.","[""Relation-SUBSTRATE"", ""DirectedEntity-GENE-Y"", ""DirectionalEntity-CHEMICAL""]","[{""DirectionalEntity"": {""Type"": ""CHEMICAL"", ""Name"": ""estrone-3-sulfate""}, ""Relation"": {""Type"": ""SUBSTRATE"", ""Name"": ""SUBSTRATE""}, ""DirectedEntity"": {""Type"": ""GENE-Y"", ""Name"": ""OATP2B1""}}, {""DirectionalEntity"": {""Type"": ""CHEMICAL"", ""Name"": ""estrone-3-sulfate""}, ""Relation"": {""Type"": ""SUBSTRATE"", ""Name"": ""SUBSTRATE""}, ""DirectedEntity"": {""Type"": ""GENE-Y"", ""Name"": ""OATP2B1""}}]"
"GnRH pulse frequency-dependent stimulation of FSHβ transcription is mediated via activation of PKA and CREB.
Expression of pituitary FSH and LH, under the control of pulsatile GnRH, is essential for fertility. cAMP response element-binding protein (CREB) has been implicated in the regulation of FSHβ gene expression, but the molecular mechanisms by which pulsatile GnRH regulates CREB activation remain poorly understood. We hypothesized that CREB is activated by a distinct signaling pathway in response to pulsatile GnRH in a frequency-dependent manner to dictate the FSHβ transcriptional response. GnRH stimulation of CREB phosphorylation (pCREB) in the gonadotrope-derived LβT2 cell line was attenuated by a protein kinase A (PKA) inhibitor, H89. A dominant negative PKA (DNPKA) reduced GnRH-stimulated pCREB and markedly decreased GnRH stimulation of FSHβ mRNA and FSHβLUC activity, but had little effect on LHβLUC activity, indicating relative specificity of this pathway. In perifusion studies, FSHβ mRNA levels and FSHβLUC activities were increased by pulsatile GnRH, with significantly greater increases at low compared with high pulse frequencies. DNPKA markedly reduced these GnRH-stimulated FSHβ responses at both low and high pulse frequencies. Correlating with FSHβ activation, both PKA activity and levels of pCREB were increased to a greater extent by low compared with high GnRH pulse frequencies, and the induction of pCREB was also attenuated by overexpression of DNPKA at both low and high pulse frequencies. Taken together, these data indicate that a PKA-mediated signaling pathway mediates GnRH activation of CREB at low-pulse frequencies, playing a significant role in the decoding of the hypothalamic GnRH signal to result in frequency-dependent FSHβ activation.","[""DirectedEntity-GENE-N"", ""DirectionalEntity-CHEMICAL"", ""Relation-ACTIVATOR"", ""Relation-INHIBITOR"", ""DirectedEntity-GENE-Y"", ""Relation-INDIRECT-UPREGULATOR""]","[{""DirectionalEntity"": {""Type"": ""CHEMICAL"", ""Name"": ""GnRH""}, ""Relation"": {""Type"": ""INDIRECT-UPREGULATOR"", ""Name"": ""INDIRECT-UPREGULATOR""}, ""DirectedEntity"": {""Type"": ""GENE-Y"", ""Name"": ""FSHβ""}}, {""DirectionalEntity"": {""Type"": ""CHEMICAL"", ""Name"": ""GnRH""}, ""Relation"": {""Type"": ""ACTIVATOR"", ""Name"": ""ACTIVATOR""}, ""DirectedEntity"": {""Type"": ""GENE-N"", ""Name"": ""PKA""}}, {""DirectionalEntity"": {""Type"": ""CHEMICAL"", ""Name"": ""GnRH""}, ""Relation"": {""Type"": ""ACTIVATOR"", ""Name"": ""ACTIVATOR""}, ""DirectedEntity"": {""Type"": ""GENE-N"", ""Name"": ""CREB""}}, {""DirectionalEntity"": {""Type"": ""CHEMICAL"", ""Name"": ""GnRH""}, ""Relation"": {""Type"": ""ACTIVATOR"", ""Name"": ""ACTIVATOR""}, ""DirectedEntity"": {""Type"": ""GENE-N"", ""Name"": ""CREB""}}, {""DirectionalEntity"": {""Type"": ""CHEMICAL"", ""Name"": ""GnRH""}, ""Relation"": {""Type"": ""ACTIVATOR"", ""Name"": ""ACTIVATOR""}, ""DirectedEntity"": {""Type"": ""GENE-N"", ""Name"": ""CREB""}}, {""DirectionalEntity"": {""Type"": ""CHEMICAL"", ""Name"": ""GnRH""}, ""Relation"": {""Type"": ""ACTIVATOR"", ""Name"": ""ACTIVATOR""}, ""DirectedEntity"": {""Type"": ""GENE-N"", ""Name"": ""CREB""}}, {""DirectionalEntity"": {""Type"": ""CHEMICAL"", ""Name"": ""GnRH""}, ""Relation"": {""Type"": ""ACTIVATOR"", ""Name"": ""ACTIVATOR""}, ""DirectedEntity"": {""Type"": ""GENE-N"", ""Name"": ""pCREB""}}, {""DirectionalEntity"": {""Type"": ""CHEMICAL"", ""Name"": ""H89""}, ""Relation"": {""Type"": ""INHIBITOR"", ""Name"": ""INHIBITOR""}, ""DirectedEntity"": {""Type"": ""GENE-N"", ""Name"": ""protein kinase A""}}, {""DirectionalEntity"": {""Type"": ""CHEMICAL"", ""Name"": ""H89""}, ""Relation"": {""Type"": ""INHIBITOR"", ""Name"": ""INHIBITOR""}, ""DirectedEntity"": {""Type"": ""GENE-N"", ""Name"": ""PKA""}}, {""DirectionalEntity"": {""Type"": ""CHEMICAL"", ""Name"": ""H89""}, ""Relation"": {""Type"": ""INHIBITOR"", ""Name"": ""INHIBITOR""}, ""DirectedEntity"": {""Type"": ""GENE-N"", ""Name"": ""CREB""}}, {""DirectionalEntity"": {""Type"": ""CHEMICAL"", ""Name"": ""H89""}, ""Relation"": {""Type"": ""INHIBITOR"", ""Name"": ""INHIBITOR""}, ""DirectedEntity"": {""Type"": ""GENE-N"", ""Name"": ""pCREB""}}, {""DirectionalEntity"": {""Type"": ""CHEMICAL"", ""Name"": ""GnRH""}, ""Relation"": {""Type"": ""ACTIVATOR"", ""Name"": ""ACTIVATOR""}, ""DirectedEntity"": {""Type"": ""GENE-N"", ""Name"": ""pCREB""}}, {""DirectionalEntity"": {""Type"": ""CHEMICAL"", ""Name"": ""GnRH""}, ""Relation"": {""Type"": ""INDIRECT-UPREGULATOR"", ""Name"": ""INDIRECT-UPREGULATOR""}, ""DirectedEntity"": {""Type"": ""GENE-Y"", ""Name"": ""FSHβ""}}, {""DirectionalEntity"": {""Type"": ""CHEMICAL"", ""Name"": ""GnRH""}, ""Relation"": {""Type"": ""ACTIVATOR"", ""Name"": ""ACTIVATOR""}, ""DirectedEntity"": {""Type"": ""GENE-Y"", ""Name"": ""FSHβ""}}, {""DirectionalEntity"": {""Type"": ""CHEMICAL"", ""Name"": ""GnRH""}, ""Relation"": {""Type"": ""INDIRECT-UPREGULATOR"", ""Name"": ""INDIRECT-UPREGULATOR""}, ""DirectedEntity"": {""Type"": ""GENE-Y"", ""Name"": ""FSHβ""}}, {""DirectionalEntity"": {""Type"": ""CHEMICAL"", ""Name"": ""GnRH""}, ""Relation"": {""Type"": ""ACTIVATOR"", ""Name"": ""ACTIVATOR""}, ""DirectedEntity"": {""Type"": ""GENE-Y"", ""Name"": ""FSHβ""}}, {""DirectionalEntity"": {""Type"": ""CHEMICAL"", ""Name"": ""GnRH""}, ""Relation"": {""Type"": ""INDIRECT-UPREGULATOR"", ""Name"": ""INDIRECT-UPREGULATOR""}, ""DirectedEntity"": {""Type"": ""GENE-Y"", ""Name"": ""FSHβ""}}, {""DirectionalEntity"": {""Type"": ""CHEMICAL"", ""Name"": ""GnRH""}, ""Relation"": {""Type"": ""ACTIVATOR"", ""Name"": ""ACTIVATOR""}, ""DirectedEntity"": {""Type"": ""GENE-N"", ""Name"": ""CREB""}}, {""DirectionalEntity"": {""Type"": ""CHEMICAL"", ""Name"": ""GnRH""}, ""Relation"": {""Type"": ""ACTIVATOR"", ""Name"": ""ACTIVATOR""}, ""DirectedEntity"": {""Type"": ""GENE-Y"", ""Name"": ""FSHβ""}}, {""DirectionalEntity"": {""Type"": ""CHEMICAL"", ""Name"": ""GnRH""}, ""Relation"": {""Type"": ""ACTIVATOR"", ""Name"": ""ACTIVATOR""}, ""DirectedEntity"": {""Type"": ""GENE-Y"", ""Name"": ""FSHβ""}}, {""DirectionalEntity"": {""Type"": ""CHEMICAL"", ""Name"": ""GnRH""}, ""Relation"": {""Type"": ""ACTIVATOR"", ""Name"": ""ACTIVATOR""}, ""DirectedEntity"": {""Type"": ""GENE-N"", ""Name"": ""PKA""}}, {""DirectionalEntity"": {""Type"": ""CHEMICAL"", ""Name"": ""GnRH""}, ""Relation"": {""Type"": ""INDIRECT-UPREGULATOR"", ""Name"": ""INDIRECT-UPREGULATOR""}, ""DirectedEntity"": {""Type"": ""GENE-N"", ""Name"": ""pCREB""}}, {""DirectionalEntity"": {""Type"": ""CHEMICAL"", ""Name"": ""GnRH""}, ""Relation"": {""Type"": ""ACTIVATOR"", ""Name"": ""ACTIVATOR""}, ""DirectedEntity"": {""Type"": ""GENE-N"", ""Name"": ""pCREB""}}]"
"Functional studies on alpha 1-adrenoceptor subtypes mediating inotropic effects in rat right ventricle.
1. We have studied the alpha 1-adrenoceptor subtypes mediating inotropic effects of adrenaline in rat right ventricle and the Ca2+ sources used to elicit these effects. alpha 1A-Adrenoceptor-mediated contractile effects in rat vas deferens were studied for comparison in some cases. 2. Treatment with chloroethylclonidine did not affect the maximal beta-adrenoceptor-mediated inotropic effects in rat right ventricle or the maximal alpha 1A-adrenoceptor-mediated contractile effects in rat vas deferens; it did not alter the potency of isoprenaline in the ventricle and reduced the potency of the alpha-adrenoceptor antagonists in vas deferens only slightly. Treatment of right ventricular strips with CdCl2 markedly reduced resting tension and enhanced maximal inotropic effects of isoprenaline but did not affect its potency. 3. Inactivation of cardiac alpha 1B-adrenoceptors by treatment with chloroethylclonidine slightly enhanced the maximal inotropic effects of the full agonist, adrenaline and of several partial agonists. 4. Schild analysis of inhibition experiments with the alpha 1A-adrenoceptor-selective antagonists, 5-methyl-urapidil and (+/-)-tamsulosin, demonstrated that adrenaline causes its inotropic effects mainly via the alpha 1B-adrenoceptor subtype. Schild analysis of 5-methyl-urapidil inhibition experiments in chloroethylclonidine-treated ventricles indicated that only alpha 1A-adrenoceptors mediate the inotropic effects of adrenaline following inactivation of the alpha 1B-adrenoceptors. 5. In control ventricles the organic Ca2+ entry blocker, nitrendipine and treatment with the inorganic Ca2+ entry blocker, CdCl2 did not reduce inotropic effects of adrenaline whereas ryanodine treatment inhibited them. In contrast, nitrendipine and CdCl2 treatment had major inhibitory effects in chloroethylclonidine-treated but lacked inhibitory effects in phenoxybenzamine-treated ventricular strips. 6. We conclude that inotropic effects of adrenaline in rat heart are mediated mainly by alpha 1B-adrenoceptors via release of Ca2+ from an intracellular pool. Following inactivation of alpha 1B-adrenoceptors by chloroethylclonidine treatment, alpha lA-adrenoceptors can fully compensate and mediate inotropic effects by promoting influx of extracellular Ca2+ at least partly via voltage-operated channels.Therefore, we speculate that alpha 1B-adrenoceptors exert a tonic inhibitory effect on alpha 1A-adrenoceptors.","[""DirectedEntity-GENE-N"", ""DirectionalEntity-CHEMICAL"", ""Relation-AGONIST-ACTIVATOR"", ""Relation-SUBSTRATE"", ""Relation-ANTAGONIST"", ""Relation-INHIBITOR"", ""DirectedEntity-GENE-Y""]","[{""DirectionalEntity"": {""Type"": ""CHEMICAL"", ""Name"": ""chloroethylclonidine""}, ""Relation"": {""Type"": ""INHIBITOR"", ""Name"": ""INHIBITOR""}, ""DirectedEntity"": {""Type"": ""GENE-Y"", ""Name"": ""alpha 1B-adrenoceptors""}}, {""DirectionalEntity"": {""Type"": ""CHEMICAL"", ""Name"": ""adrenaline""}, ""Relation"": {""Type"": ""AGONIST-ACTIVATOR"", ""Name"": ""AGONIST-ACTIVATOR""}, ""DirectedEntity"": {""Type"": ""GENE-Y"", ""Name"": ""alpha 1B-adrenoceptors""}}, {""DirectionalEntity"": {""Type"": ""CHEMICAL"", ""Name"": ""5-methyl-urapidil""}, ""Relation"": {""Type"": ""ANTAGONIST"", ""Name"": ""ANTAGONIST""}, ""DirectedEntity"": {""Type"": ""GENE-Y"", ""Name"": ""alpha 1A-adrenoceptor""}}, {""DirectionalEntity"": {""Type"": ""CHEMICAL"", ""Name"": ""(+/-)-tamsulosin""}, ""Relation"": {""Type"": ""ANTAGONIST"", ""Name"": ""ANTAGONIST""}, ""DirectedEntity"": {""Type"": ""GENE-Y"", ""Name"": ""alpha 1A-adrenoceptor""}}, {""DirectionalEntity"": {""Type"": ""CHEMICAL"", ""Name"": ""chloroethylclonidine""}, ""Relation"": {""Type"": ""INHIBITOR"", ""Name"": ""INHIBITOR""}, ""DirectedEntity"": {""Type"": ""GENE-Y"", ""Name"": ""alpha 1B-adrenoceptors""}}, {""DirectionalEntity"": {""Type"": ""CHEMICAL"", ""Name"": ""5-methyl-urapidil""}, ""Relation"": {""Type"": ""INHIBITOR"", ""Name"": ""INHIBITOR""}, ""DirectedEntity"": {""Type"": ""GENE-Y"", ""Name"": ""alpha 1A-adrenoceptors""}}, {""DirectionalEntity"": {""Type"": ""CHEMICAL"", ""Name"": ""chloroethylclonidine""}, ""Relation"": {""Type"": ""INHIBITOR"", ""Name"": ""INHIBITOR""}, ""DirectedEntity"": {""Type"": ""GENE-Y"", ""Name"": ""alpha 1B-adrenoceptors""}}, {""DirectionalEntity"": {""Type"": ""CHEMICAL"", ""Name"": ""Ca2+""}, ""Relation"": {""Type"": ""SUBSTRATE"", ""Name"": ""SUBSTRATE""}, ""DirectedEntity"": {""Type"": ""GENE-N"", ""Name"": ""voltage-operated channels""}}]"
"Synthesis and antitumor activity of 1,3,4-oxadiazole possessing 1,4-benzodioxan moiety as a novel class of potent methionine aminopeptidase type II inhibitors.
A series of 1,3,4-oxadiazole derivatives containing 1,4-benzodioxan moiety (7a-7q) have been designed, synthesized and evaluated for their antitumor activity. Most of the synthesized compounds were proved to have potent antitumor activity and low toxicity. Among them, compound 7a showed the most potent biological activity against Human Umbilical Vein Endothelial cells, which was comparable to the positive control. The results of apoptosis and flow cytometry (FCM) demonstrated that compound 7a induce cell apoptosis by the inhibition of MetAP2 pathway. Molecular docking was performed to position compound 7a into MetAP2 binding site in order to explore the potential target.","[""Relation-INHIBITOR"", ""DirectedEntity-GENE-Y"", ""DirectionalEntity-CHEMICAL""]","[{""DirectionalEntity"": {""Type"": ""CHEMICAL"", ""Name"": ""1,4-benzodioxan""}, ""Relation"": {""Type"": ""INHIBITOR"", ""Name"": ""INHIBITOR""}, ""DirectedEntity"": {""Type"": ""GENE-Y"", ""Name"": ""methionine aminopeptidase type II""}}, {""DirectionalEntity"": {""Type"": ""CHEMICAL"", ""Name"": ""1,3,4-oxadiazole""}, ""Relation"": {""Type"": ""INHIBITOR"", ""Name"": ""INHIBITOR""}, ""DirectedEntity"": {""Type"": ""GENE-Y"", ""Name"": ""methionine aminopeptidase type II""}}]"
"Effects of octylphenol and bisphenol A on the expression of calcium transport genes in the mouse duodenum and kidney during pregnancy.
Octylphenol (OP) is the degradative product of alkylphenol ethoxylates that are widely used to produce rubber, pesticides, and paints. Bisphenol A (BPA) is an organic compound with two functional phenol groups, and used for manufacturing polycarbonate plastic and epoxy resins, as well as other applications. OP and BPA are known as endocrine disruptors (EDs) with estrogenic activities, and may disturb natural calcium (Ca) metabolism. In the present study, the effects of OP and BPA on Ca levels in the serum and expression of Ca transport genes in the duodenum, and kidney were investigated in pregnant mice. Calbindin refers to several Ca-binding proteins originally described as vitamin D-dependent Ca-binding factors in the intestine, and kidney of birds and mammals. Transient receptor potential cation channel, subfamily V, member 6 (TRPV6) and transient receptor potential cation channel, subfamily V, member 5 (TRPV5) are Ca entry channels responsible for Ca absorption in the kidney and intestine, respectively. From 6.5 to 16.5 day post coitus (dpc), pregnant mice were given oral doses of 17α-ethynylestradiol (EE, 0.2mg/kg/day), BPA (5 or 50mg/kg/day), or OP (3, 12, or 48 mg/kg/day) dissolved in corn oil. Samples of the duodenum, kidney, and blood were obtained from the mice on day 17.5 of pregnancy. Serum Ca levels were decreased in the groups treated with OP and BPA. The expression levels of Ca transport genes, TRPV5 and calbindin-D9k (CaBP-9k), in the kidney were decreased after treatment with OP and BPA. Duodenal expression of TRPV6 was also reduced by BPA and OP administration. CaBP-9k expression was differentially regulated by BPA and OP. Transcriptional and translational levels of CaBP-9k were decreased by EE and BPA but increased by a high dose of OP. Taken together, our findings demonstrate that OP and BPA regulated the expression of genes associated with Ca transport in the pregnant mice, which may result in the decreased serum Ca levels.","[""Relation-DIRECT-REGULATOR"", ""DirectedEntity-GENE-N"", ""DirectionalEntity-CHEMICAL"", ""Relation-INDIRECT-DOWNREGULATOR"", ""Relation-SUBSTRATE"", ""DirectedEntity-GENE-Y""]","[{""DirectionalEntity"": {""Type"": ""CHEMICAL"", ""Name"": ""Ca""}, ""Relation"": {""Type"": ""DIRECT-REGULATOR"", ""Name"": ""DIRECT-REGULATOR""}, ""DirectedEntity"": {""Type"": ""GENE-Y"", ""Name"": ""Calbindin""}}, {""DirectionalEntity"": {""Type"": ""CHEMICAL"", ""Name"": ""Ca""}, ""Relation"": {""Type"": ""SUBSTRATE"", ""Name"": ""SUBSTRATE""}, ""DirectedEntity"": {""Type"": ""GENE-Y"", ""Name"": ""Transient receptor potential cation channel, subfamily V, member 6""}}, {""DirectionalEntity"": {""Type"": ""CHEMICAL"", ""Name"": ""Ca""}, ""Relation"": {""Type"": ""SUBSTRATE"", ""Name"": ""SUBSTRATE""}, ""DirectedEntity"": {""Type"": ""GENE-Y"", ""Name"": ""TRPV6""}}, {""DirectionalEntity"": {""Type"": ""CHEMICAL"", ""Name"": ""Ca""}, ""Relation"": {""Type"": ""SUBSTRATE"", ""Name"": ""SUBSTRATE""}, ""DirectedEntity"": {""Type"": ""GENE-N"", ""Name"": ""Ca entry channels""}}, {""DirectionalEntity"": {""Type"": ""CHEMICAL"", ""Name"": ""Ca""}, ""Relation"": {""Type"": ""SUBSTRATE"", ""Name"": ""SUBSTRATE""}, ""DirectedEntity"": {""Type"": ""GENE-Y"", ""Name"": ""TRPV5""}}, {""DirectionalEntity"": {""Type"": ""CHEMICAL"", ""Name"": ""Ca""}, ""Relation"": {""Type"": ""SUBSTRATE"", ""Name"": ""SUBSTRATE""}, ""DirectedEntity"": {""Type"": ""GENE-Y"", ""Name"": ""calbindin-D9k""}}, {""DirectionalEntity"": {""Type"": ""CHEMICAL"", ""Name"": ""Ca""}, ""Relation"": {""Type"": ""SUBSTRATE"", ""Name"": ""SUBSTRATE""}, ""DirectedEntity"": {""Type"": ""GENE-Y"", ""Name"": ""CaBP-9k""}}, {""DirectionalEntity"": {""Type"": ""CHEMICAL"", ""Name"": ""BPA""}, ""Relation"": {""Type"": ""INDIRECT-DOWNREGULATOR"", ""Name"": ""INDIRECT-DOWNREGULATOR""}, ""DirectedEntity"": {""Type"": ""GENE-Y"", ""Name"": ""TRPV5""}}, {""DirectionalEntity"": {""Type"": ""CHEMICAL"", ""Name"": ""BPA""}, ""Relation"": {""Type"": ""INDIRECT-DOWNREGULATOR"", ""Name"": ""INDIRECT-DOWNREGULATOR""}, ""DirectedEntity"": {""Type"": ""GENE-Y"", ""Name"": ""calbindin-D9k""}}, {""DirectionalEntity"": {""Type"": ""CHEMICAL"", ""Name"": ""BPA""}, ""Relation"": {""Type"": ""INDIRECT-DOWNREGULATOR"", ""Name"": ""INDIRECT-DOWNREGULATOR""}, ""DirectedEntity"": {""Type"": ""GENE-Y"", ""Name"": ""CaBP-9k""}}, {""DirectionalEntity"": {""Type"": ""CHEMICAL"", ""Name"": ""BPA""}, ""Relation"": {""Type"": ""INDIRECT-DOWNREGULATOR"", ""Name"": ""INDIRECT-DOWNREGULATOR""}, ""DirectedEntity"": {""Type"": ""GENE-Y"", ""Name"": ""TRPV6""}}, {""DirectionalEntity"": {""Type"": ""CHEMICAL"", ""Name"": ""BPA""}, ""Relation"": {""Type"": ""INDIRECT-DOWNREGULATOR"", ""Name"": ""INDIRECT-DOWNREGULATOR""}, ""DirectedEntity"": {""Type"": ""GENE-Y"", ""Name"": ""CaBP-9k""}}]"
"Anti-inflammatory effect of pristimerin on lipopolysaccharide-induced inflammatory responses in murine macrophages.
Pristimerin, a quinonemethide triterpenoid derived from Celastraceae and Hippocrateaceae, has recently been found to suppress tumor promotion, metastasis and angiogenesis. In the present study, we evaluated the anti-inflammatory potentials of pristimerin in a cell culture system. Pristimerin suppressed not only the generation of nitric oxide (NO) and prostaglandin E2, but also the expression of inducible NO synthase and cyclooxygenase-2 induced by lipopolysacharide (LPS) in murine macrophage RAW264.7 cells. Similarly, pristimerin inhibited the release of pro-inflammatory cytokines, namely, tumor necrosis factor-α and interleukin-6, induced by LPS. The underlying mechanism of the anti-inflammatory action of pristimerin was correlated with down-regulation of nuclear factor-κB and the mitogen-activated protein kinase signal pathway.","[""Relation-INHIBITOR"", ""DirectedEntity-GENE-N"", ""DirectionalEntity-CHEMICAL"", ""Relation-INDIRECT-DOWNREGULATOR"", ""Relation-PRODUCT-OF"", ""DirectedEntity-GENE-Y""]","[{""DirectionalEntity"": {""Type"": ""CHEMICAL"", ""Name"": ""Pristimerin""}, ""Relation"": {""Type"": ""INDIRECT-DOWNREGULATOR"", ""Name"": ""INDIRECT-DOWNREGULATOR""}, ""DirectedEntity"": {""Type"": ""GENE-Y"", ""Name"": ""inducible NO synthase""}}, {""DirectionalEntity"": {""Type"": ""CHEMICAL"", ""Name"": ""Pristimerin""}, ""Relation"": {""Type"": ""INDIRECT-DOWNREGULATOR"", ""Name"": ""INDIRECT-DOWNREGULATOR""}, ""DirectedEntity"": {""Type"": ""GENE-Y"", ""Name"": ""cyclooxygenase-2""}}, {""DirectionalEntity"": {""Type"": ""CHEMICAL"", ""Name"": ""nitric oxide""}, ""Relation"": {""Type"": ""PRODUCT-OF"", ""Name"": ""PRODUCT-OF""}, ""DirectedEntity"": {""Type"": ""GENE-Y"", ""Name"": ""inducible NO synthase""}}, {""DirectionalEntity"": {""Type"": ""CHEMICAL"", ""Name"": ""NO""}, ""Relation"": {""Type"": ""PRODUCT-OF"", ""Name"": ""PRODUCT-OF""}, ""DirectedEntity"": {""Type"": ""GENE-Y"", ""Name"": ""inducible NO synthase""}}, {""DirectionalEntity"": {""Type"": ""CHEMICAL"", ""Name"": ""prostaglandin E2""}, ""Relation"": {""Type"": ""PRODUCT-OF"", ""Name"": ""PRODUCT-OF""}, ""DirectedEntity"": {""Type"": ""GENE-Y"", ""Name"": ""cyclooxygenase-2""}}, {""DirectionalEntity"": {""Type"": ""CHEMICAL"", ""Name"": ""pristimerin""}, ""Relation"": {""Type"": ""INDIRECT-DOWNREGULATOR"", ""Name"": ""INDIRECT-DOWNREGULATOR""}, ""DirectedEntity"": {""Type"": ""GENE-N"", ""Name"": ""cytokines""}}, {""DirectionalEntity"": {""Type"": ""CHEMICAL"", ""Name"": ""pristimerin""}, ""Relation"": {""Type"": ""INDIRECT-DOWNREGULATOR"", ""Name"": ""INDIRECT-DOWNREGULATOR""}, ""DirectedEntity"": {""Type"": ""GENE-Y"", ""Name"": ""tumor necrosis factor-α""}}, {""DirectionalEntity"": {""Type"": ""CHEMICAL"", ""Name"": ""pristimerin""}, ""Relation"": {""Type"": ""INDIRECT-DOWNREGULATOR"", ""Name"": ""INDIRECT-DOWNREGULATOR""}, ""DirectedEntity"": {""Type"": ""GENE-Y"", ""Name"": ""interleukin-6""}}, {""DirectionalEntity"": {""Type"": ""CHEMICAL"", ""Name"": ""pristimerin""}, ""Relation"": {""Type"": ""INHIBITOR"", ""Name"": ""INHIBITOR""}, ""DirectedEntity"": {""Type"": ""GENE-N"", ""Name"": ""nuclear factor-κB""}}, {""DirectionalEntity"": {""Type"": ""CHEMICAL"", ""Name"": ""pristimerin""}, ""Relation"": {""Type"": ""INHIBITOR"", ""Name"": ""INHIBITOR""}, ""DirectedEntity"": {""Type"": ""GENE-N"", ""Name"": ""mitogen-activated protein kinase""}}]"
"Anagliptin, a DPP-4 inhibitor, suppresses proliferation of vascular smooth muscles and monocyte inflammatory reaction and attenuates atherosclerosis in male apo E-deficient mice.
Dipeptyl peptidase-4 (DPP-4) inhibitors modulate the progression of atherosclerosis. To gain insights into their mechanism of action, 9-wk-old male apolipoprotein E (apoE)-deficient mice were fed a DPP-4 inhibitor, anagliptin-containing diet. The effects of anagliptin were investigated in, a monocyte cell line, human THP-1 cells, and rat smooth muscle cells (SMCs). Treatment with anagliptin for 16 wk significantly reduced accumulation of monocytes and macrophages in the vascular wall, SMC content in plaque areas, and oil red O-stained area around the aortic valve without affecting glucose tolerance or body weight. Serum DPP-4 concentrations were significantly higher in apoE-deficient mice than control mice, and the levels increased with aging, suggesting the involvement of DPP-4 in the progression of atherosclerosis. Indeed, soluble DPP-4 augmented cultured SMC proliferation, and anagliptin suppressed the proliferation by inhibiting ERK phosphorylation. In THP-1 cells, anagliptin reduced lipopolysaccharide-induced TNF-α production with inhibiting ERK phosphorylation and nuclear translocation of nuclear factor-κB. Quantitative analysis also showed that anagliptin reduced the area of atherosclerotic lesion in apoE-deficient mice. These results indicated that the anti-atherosclerotic effect of anagliptin is mediated, at least in part, through its direct inhibition of SMC proliferation and inflammatory reaction of monocytes.","[""DirectedEntity-GENE-N"", ""DirectionalEntity-CHEMICAL"", ""Relation-INDIRECT-DOWNREGULATOR"", ""Relation-INHIBITOR"", ""DirectedEntity-GENE-Y""]","[{""DirectionalEntity"": {""Type"": ""CHEMICAL"", ""Name"": ""Anagliptin""}, ""Relation"": {""Type"": ""INHIBITOR"", ""Name"": ""INHIBITOR""}, ""DirectedEntity"": {""Type"": ""GENE-Y"", ""Name"": ""DPP-4""}}, {""DirectionalEntity"": {""Type"": ""CHEMICAL"", ""Name"": ""anagliptin""}, ""Relation"": {""Type"": ""INHIBITOR"", ""Name"": ""INHIBITOR""}, ""DirectedEntity"": {""Type"": ""GENE-Y"", ""Name"": ""DPP-4""}}, {""DirectionalEntity"": {""Type"": ""CHEMICAL"", ""Name"": ""anagliptin""}, ""Relation"": {""Type"": ""INHIBITOR"", ""Name"": ""INHIBITOR""}, ""DirectedEntity"": {""Type"": ""GENE-N"", ""Name"": ""ERK""}}, {""DirectionalEntity"": {""Type"": ""CHEMICAL"", ""Name"": ""anagliptin""}, ""Relation"": {""Type"": ""INDIRECT-DOWNREGULATOR"", ""Name"": ""INDIRECT-DOWNREGULATOR""}, ""DirectedEntity"": {""Type"": ""GENE-Y"", ""Name"": ""TNF-α""}}, {""DirectionalEntity"": {""Type"": ""CHEMICAL"", ""Name"": ""anagliptin""}, ""Relation"": {""Type"": ""INHIBITOR"", ""Name"": ""INHIBITOR""}, ""DirectedEntity"": {""Type"": ""GENE-N"", ""Name"": ""ERK""}}, {""DirectionalEntity"": {""Type"": ""CHEMICAL"", ""Name"": ""anagliptin""}, ""Relation"": {""Type"": ""INHIBITOR"", ""Name"": ""INHIBITOR""}, ""DirectedEntity"": {""Type"": ""GENE-N"", ""Name"": ""nuclear factor-κB""}}]"
"Accumulation of cystathionine, cystathionine ketimine, and perhydro-1,4-thiazepine-3,5-dicarboxylic acid in whole brain and various regions of the brain of D, L-propargylglycine-treated rats.
Experimental cystathioninuria was induced in rats by administration of the cystathionine gamma-lyase inhibitor, D,L-propargylglycine. The cystathionine metabolites, cystathionine ketimine (CK) and perhydro-1,4-thiazepine-3,5-dicarboxylic acid (PHTZDC), were identified in whole brain and various regions of the brain in D,L-propargylglycine-treated rats. The concentration of CK and PHTZDC in whole brain and various regions of the brain increased gradually after administration of D,L-propargylglycine, and reached the highest value at about 20 hours. CK and PHTZDC accumulated in whole brain and various regions of the brain in proportion to the amount of accumulated cystathionine after D,L-propargylglycine administration. The concentration of these compounds in the cerebellum was higher versus the other regions of the rat brain.","[""Relation-INHIBITOR"", ""DirectedEntity-GENE-Y"", ""DirectionalEntity-CHEMICAL""]","[{""DirectionalEntity"": {""Type"": ""CHEMICAL"", ""Name"": ""D,L-propargylglycine""}, ""Relation"": {""Type"": ""INHIBITOR"", ""Name"": ""INHIBITOR""}, ""DirectedEntity"": {""Type"": ""GENE-Y"", ""Name"": ""cystathionine gamma-lyase""}}]"
"Comparative pharmacology of human beta-adrenergic receptor subtypes--characterization of stably transfected receptors in CHO cells.
Although many beta1-receptor antagonists and beta2-receptor agonists have been used in pharmacotherapy for many years their pharmacological properties at all three known subtypes of beta-adrenergic receptors are not always well characterized. The aim of this study was, therefore, to provide comparative binding characteristics of agonists (epinephrine, norepinephrine, isoproterenol, fenoterol, salbutamol, salmeterol, terbutalin, formoterol, broxaterol) and antagonists (propranolol, alprenolol, atenolol, metoprolol, bisoprolol, carvedilol, pindolol, BRL 37344, CGP 20712, SR 59230A, CGP 12177, ICI 118551) at all three subtypes of human beta-adrenergic receptors in an identical cellular background. We generated Chinese hamster ovary (CHO) cells stably expressing the three beta-adrenergic receptor subtypes at comparable levels. We characterized these receptor subtypes and analyzed the affinity of routinely used drugs as well as experimental compounds in competition binding studies, using the non-selective antagonist 125I-cyanopindolol as a radioligand. Furthermore, we analyzed the beta-receptor-mediated adenylyl cyclase activity in isolated membranes from these cell lines. The results from our experiments show that all compounds exhibit distinct patterns of selectivity and activity at the three beta-receptor subtypes. In particular, a number of beta2- or beta3-receptor agonists that are inverse agonists at the other subtypes were identified. In addition, beta1-receptor antagonists with agonistic activity at beta2- and beta3-receptors were found. These specific mixtures of agonism, antagonism, and inverse agonism at different subtypes may have important implications for the therapeutic use of the respective compounds.","[""DirectedEntity-GENE-N"", ""Relation-AGONIST"", ""DirectionalEntity-CHEMICAL"", ""Relation-ANTAGONIST""]","[{""DirectionalEntity"": {""Type"": ""CHEMICAL"", ""Name"": ""epinephrine""}, ""Relation"": {""Type"": ""AGONIST"", ""Name"": ""AGONIST""}, ""DirectedEntity"": {""Type"": ""GENE-N"", ""Name"": ""human beta-adrenergic receptors""}}, {""DirectionalEntity"": {""Type"": ""CHEMICAL"", ""Name"": ""norepinephrine""}, ""Relation"": {""Type"": ""AGONIST"", ""Name"": ""AGONIST""}, ""DirectedEntity"": {""Type"": ""GENE-N"", ""Name"": ""human beta-adrenergic receptors""}}, {""DirectionalEntity"": {""Type"": ""CHEMICAL"", ""Name"": ""isoproterenol""}, ""Relation"": {""Type"": ""AGONIST"", ""Name"": ""AGONIST""}, ""DirectedEntity"": {""Type"": ""GENE-N"", ""Name"": ""human beta-adrenergic receptors""}}, {""DirectionalEntity"": {""Type"": ""CHEMICAL"", ""Name"": ""fenoterol""}, ""Relation"": {""Type"": ""AGONIST"", ""Name"": ""AGONIST""}, ""DirectedEntity"": {""Type"": ""GENE-N"", ""Name"": ""human beta-adrenergic receptors""}}, {""DirectionalEntity"": {""Type"": ""CHEMICAL"", ""Name"": ""salbutamol""}, ""Relation"": {""Type"": ""AGONIST"", ""Name"": ""AGONIST""}, ""DirectedEntity"": {""Type"": ""GENE-N"", ""Name"": ""human beta-adrenergic receptors""}}, {""DirectionalEntity"": {""Type"": ""CHEMICAL"", ""Name"": ""salmeterol""}, ""Relation"": {""Type"": ""AGONIST"", ""Name"": ""AGONIST""}, ""DirectedEntity"": {""Type"": ""GENE-N"", ""Name"": ""human beta-adrenergic receptors""}}, {""DirectionalEntity"": {""Type"": ""CHEMICAL"", ""Name"": ""terbutalin""}, ""Relation"": {""Type"": ""AGONIST"", ""Name"": ""AGONIST""}, ""DirectedEntity"": {""Type"": ""GENE-N"", ""Name"": ""human beta-adrenergic receptors""}}, {""DirectionalEntity"": {""Type"": ""CHEMICAL"", ""Name"": ""formoterol""}, ""Relation"": {""Type"": ""AGONIST"", ""Name"": ""AGONIST""}, ""DirectedEntity"": {""Type"": ""GENE-N"", ""Name"": ""human beta-adrenergic receptors""}}, {""DirectionalEntity"": {""Type"": ""CHEMICAL"", ""Name"": ""broxaterol""}, ""Relation"": {""Type"": ""AGONIST"", ""Name"": ""AGONIST""}, ""DirectedEntity"": {""Type"": ""GENE-N"", ""Name"": ""human beta-adrenergic receptors""}}, {""DirectionalEntity"": {""Type"": ""CHEMICAL"", ""Name"": ""propranolol""}, ""Relation"": {""Type"": ""ANTAGONIST"", ""Name"": ""ANTAGONIST""}, ""DirectedEntity"": {""Type"": ""GENE-N"", ""Name"": ""human beta-adrenergic receptors""}}, {""DirectionalEntity"": {""Type"": ""CHEMICAL"", ""Name"": ""alprenolol""}, ""Relation"": {""Type"": ""ANTAGONIST"", ""Name"": ""ANTAGONIST""}, ""DirectedEntity"": {""Type"": ""GENE-N"", ""Name"": ""human beta-adrenergic receptors""}}, {""DirectionalEntity"": {""Type"": ""CHEMICAL"", ""Name"": ""atenolol""}, ""Relation"": {""Type"": ""ANTAGONIST"", ""Name"": ""ANTAGONIST""}, ""DirectedEntity"": {""Type"": ""GENE-N"", ""Name"": ""human beta-adrenergic receptors""}}, {""DirectionalEntity"": {""Type"": ""CHEMICAL"", ""Name"": ""metoprolol""}, ""Relation"": {""Type"": ""ANTAGONIST"", ""Name"": ""ANTAGONIST""}, ""DirectedEntity"": {""Type"": ""GENE-N"", ""Name"": ""human beta-adrenergic receptors""}}, {""DirectionalEntity"": {""Type"": ""CHEMICAL"", ""Name"": ""bisoprolol""}, ""Relation"": {""Type"": ""ANTAGONIST"", ""Name"": ""ANTAGONIST""}, ""DirectedEntity"": {""Type"": ""GENE-N"", ""Name"": ""human beta-adrenergic receptors""}}, {""DirectionalEntity"": {""Type"": ""CHEMICAL"", ""Name"": ""carvedilol""}, ""Relation"": {""Type"": ""ANTAGONIST"", ""Name"": ""ANTAGONIST""}, ""DirectedEntity"": {""Type"": ""GENE-N"", ""Name"": ""human beta-adrenergic receptors""}}, {""DirectionalEntity"": {""Type"": ""CHEMICAL"", ""Name"": ""pindolol""}, ""Relation"": {""Type"": ""ANTAGONIST"", ""Name"": ""ANTAGONIST""}, ""DirectedEntity"": {""Type"": ""GENE-N"", ""Name"": ""human beta-adrenergic receptors""}}, {""DirectionalEntity"": {""Type"": ""CHEMICAL"", ""Name"": ""BRL 37344""}, ""Relation"": {""Type"": ""ANTAGONIST"", ""Name"": ""ANTAGONIST""}, ""DirectedEntity"": {""Type"": ""GENE-N"", ""Name"": ""human beta-adrenergic receptors""}}, {""DirectionalEntity"": {""Type"": ""CHEMICAL"", ""Name"": ""CGP 20712""}, ""Relation"": {""Type"": ""ANTAGONIST"", ""Name"": ""ANTAGONIST""}, ""DirectedEntity"": {""Type"": ""GENE-N"", ""Name"": ""human beta-adrenergic receptors""}}, {""DirectionalEntity"": {""Type"": ""CHEMICAL"", ""Name"": ""SR 59230A""}, ""Relation"": {""Type"": ""ANTAGONIST"", ""Name"": ""ANTAGONIST""}, ""DirectedEntity"": {""Type"": ""GENE-N"", ""Name"": ""human beta-adrenergic receptors""}}, {""DirectionalEntity"": {""Type"": ""CHEMICAL"", ""Name"": ""CGP 12177""}, ""Relation"": {""Type"": ""ANTAGONIST"", ""Name"": ""ANTAGONIST""}, ""DirectedEntity"": {""Type"": ""GENE-N"", ""Name"": ""human beta-adrenergic receptors""}}, {""DirectionalEntity"": {""Type"": ""CHEMICAL"", ""Name"": ""ICI 118551""}, ""Relation"": {""Type"": ""ANTAGONIST"", ""Name"": ""ANTAGONIST""}, ""DirectedEntity"": {""Type"": ""GENE-N"", ""Name"": ""human beta-adrenergic receptors""}}]"
"Cotinine in human placenta predicts induction of gene expression in fetal tissues.
Maternal cigarette smoking during pregnancy is associated with increased risk of perinatal morbidity and mortality. However, the mechanisms underlying adverse birth outcomes following prenatal exposure to cigarette smoke remain unknown due, in part, to the absence or unreliability of information regarding maternal cigarette smoke exposure during pregnancy. Our goal was to determine if placental cotinine could be a reliable biomarker of fetal cigarette smoke exposure during pregnancy. Cotinine levels were determined in placentas from 47 women who reported smoking during pregnancy and from 10 women who denied cigarette smoke exposure. Cotinine levels were significantly higher in placentas from women reporting cigarette smoking (median = 27.2 ng/g) versus women who reported no smoke exposure (2.3 ng/g, P < 0.001). Receiver operating characteristic curve analysis identified an optimal cut point of 7.5 ng/g (sensitivity = 78.7%, specificity = 100%) to classify placenta samples from mothers who smoked versus those from mothers who did not. Among 415 placentas for which maternal cigarette smoking status was unavailable, 167 had cotinine levels > 7.5 ng/g and would be considered positive for cigarette smoke exposure. Data from quantitative reverse-transcription polymerase chain reaction analyses demonstrated that in utero cigarette smoke exposure predicted by cotinine in placenta is associated with changes in the expression of xenobiotic-metabolizing enzymes in fetal tissues. CYP1A1 mRNA in fetal lung and liver tissue and CYP1B1 mRNA in fetal lung tissue were significantly induced when cotinine was detected in placenta. These findings indicate that cotinine in placenta is a reliable biomarker for fetal exposure and response to maternal cigarette smoking during pregnancy.","[""DirectedEntity-GENE-Y"", ""Relation-INDIRECT-UPREGULATOR"", ""DirectionalEntity-CHEMICAL""]","[{""DirectionalEntity"": {""Type"": ""CHEMICAL"", ""Name"": ""cotinine""}, ""Relation"": {""Type"": ""INDIRECT-UPREGULATOR"", ""Name"": ""INDIRECT-UPREGULATOR""}, ""DirectedEntity"": {""Type"": ""GENE-Y"", ""Name"": ""CYP1A1""}}, {""DirectionalEntity"": {""Type"": ""CHEMICAL"", ""Name"": ""cotinine""}, ""Relation"": {""Type"": ""INDIRECT-UPREGULATOR"", ""Name"": ""INDIRECT-UPREGULATOR""}, ""DirectedEntity"": {""Type"": ""GENE-Y"", ""Name"": ""CYP1B1""}}]"
"Cerivastatin, an inhibitor of HMG-CoA reductase, inhibits the signaling pathways involved in the invasiveness and metastatic properties of highly invasive breast cancer cell lines: an in vitro study.
Cerivastatin is used in the treatment of hypercholesterolemia to inhibit 3-hydroxy 3-methylglutaryl coenzyme A reductase and thus prevent the synthesis of cholesterol precursors, such as farnesyl pyrophosphate (FPP) and geranylgeranyl pyrophosphate (GGPP), responsible, respectively, for translocation of Ras and Rho to the cell membrane, a step required for their cell signaling, leading to cell proliferation and migration. Recently, it has been suggested that non lipid-related effects of statins could play a beneficial role in cancer therapy. In this study, we have investigated the mechanisms by which statins inhibit cancer and the types of cancers which could benefit from this therapy. In MDA-MB-231 cells, an aggressive breast cancer cell line with spontaneous activation of Ras and NFkappaB and overexpression of RhoA, cerivastatin induced inhibition of both cell proliferation and invasion through Matrigel. This anti-proliferative effect was related to G(1)/S arrest due to an increase in p21(Waf1/Cip1). The anti-invasive effect was observed from 18 h and could be explained by RhoA delocalization from the cell membrane, resulting in disorganization of the actin fibers and disappearance of focal adhesion sites. The importance of RhoA inactivation in both these inhibitory effects was proved by their reversion by GGPP but not by FPP. Moreover, cerivastatin was also shown to induce inactivation of NFkappaB, in a RhoA inhibition-dependent manner, resulting in a decrease in urokinase and metalloproteinase-9 expression, two proteases involved in cell migration. The participation of Ras inactivation is considered a subsidiary mechanism for the effects of cerivastatin, as they were not rescued by FPP. Prolonged treatment of MDA-MB-231 cells with high doses of cerivastatin induced a loss of cell attachment. Interestingly, the effect of cerivastatin was considerably lower on poorly invasive MCF-7 cells. In conclusion, our results suggest that cerivastatin inhibits cell signaling pathways involved in the invasiveness and metastatic properties of highly invasive cancers.","[""DirectedEntity-GENE-N"", ""Relation-PRODUCT-OF"", ""DirectionalEntity-CHEMICAL"", ""Relation-INDIRECT-DOWNREGULATOR"", ""Relation-INHIBITOR"", ""DirectedEntity-GENE-Y""]","[{""DirectionalEntity"": {""Type"": ""CHEMICAL"", ""Name"": ""Cerivastatin""}, ""Relation"": {""Type"": ""INHIBITOR"", ""Name"": ""INHIBITOR""}, ""DirectedEntity"": {""Type"": ""GENE-Y"", ""Name"": ""HMG-CoA reductase""}}, {""DirectionalEntity"": {""Type"": ""CHEMICAL"", ""Name"": ""Cerivastatin""}, ""Relation"": {""Type"": ""INHIBITOR"", ""Name"": ""INHIBITOR""}, ""DirectedEntity"": {""Type"": ""GENE-Y"", ""Name"": ""3-hydroxy 3-methylglutaryl coenzyme A reductase""}}, {""DirectionalEntity"": {""Type"": ""CHEMICAL"", ""Name"": ""cholesterol""}, ""Relation"": {""Type"": ""PRODUCT-OF"", ""Name"": ""PRODUCT-OF""}, ""DirectedEntity"": {""Type"": ""GENE-Y"", ""Name"": ""3-hydroxy 3-methylglutaryl coenzyme A reductase""}}, {""DirectionalEntity"": {""Type"": ""CHEMICAL"", ""Name"": ""farnesyl pyrophosphate""}, ""Relation"": {""Type"": ""PRODUCT-OF"", ""Name"": ""PRODUCT-OF""}, ""DirectedEntity"": {""Type"": ""GENE-Y"", ""Name"": ""3-hydroxy 3-methylglutaryl coenzyme A reductase""}}, {""DirectionalEntity"": {""Type"": ""CHEMICAL"", ""Name"": ""FPP""}, ""Relation"": {""Type"": ""PRODUCT-OF"", ""Name"": ""PRODUCT-OF""}, ""DirectedEntity"": {""Type"": ""GENE-Y"", ""Name"": ""3-hydroxy 3-methylglutaryl coenzyme A reductase""}}, {""DirectionalEntity"": {""Type"": ""CHEMICAL"", ""Name"": ""geranylgeranyl pyrophosphate""}, ""Relation"": {""Type"": ""PRODUCT-OF"", ""Name"": ""PRODUCT-OF""}, ""DirectedEntity"": {""Type"": ""GENE-Y"", ""Name"": ""3-hydroxy 3-methylglutaryl coenzyme A reductase""}}, {""DirectionalEntity"": {""Type"": ""CHEMICAL"", ""Name"": ""GGPP""}, ""Relation"": {""Type"": ""PRODUCT-OF"", ""Name"": ""PRODUCT-OF""}, ""DirectedEntity"": {""Type"": ""GENE-Y"", ""Name"": ""3-hydroxy 3-methylglutaryl coenzyme A reductase""}}, {""DirectionalEntity"": {""Type"": ""CHEMICAL"", ""Name"": ""cerivastatin""}, ""Relation"": {""Type"": ""INHIBITOR"", ""Name"": ""INHIBITOR""}, ""DirectedEntity"": {""Type"": ""GENE-N"", ""Name"": ""NFkappaB""}}, {""DirectionalEntity"": {""Type"": ""CHEMICAL"", ""Name"": ""cerivastatin""}, ""Relation"": {""Type"": ""INHIBITOR"", ""Name"": ""INHIBITOR""}, ""DirectedEntity"": {""Type"": ""GENE-Y"", ""Name"": ""RhoA""}}, {""DirectionalEntity"": {""Type"": ""CHEMICAL"", ""Name"": ""cerivastatin""}, ""Relation"": {""Type"": ""INDIRECT-DOWNREGULATOR"", ""Name"": ""INDIRECT-DOWNREGULATOR""}, ""DirectedEntity"": {""Type"": ""GENE-Y"", ""Name"": ""urokinase""}}, {""DirectionalEntity"": {""Type"": ""CHEMICAL"", ""Name"": ""cerivastatin""}, ""Relation"": {""Type"": ""INDIRECT-DOWNREGULATOR"", ""Name"": ""INDIRECT-DOWNREGULATOR""}, ""DirectedEntity"": {""Type"": ""GENE-Y"", ""Name"": ""metalloproteinase-9""}}]"
"Polyclonal Antibody to Soman-Tyrosine.
Soman forms a stable, covalent bond with tyrosine 411 of human albumin, with tyrosines 257 and 593 in human transferrin, and with tyrosine in many other proteins. The pinacolyl group of soman is retained, suggesting that pinacolyl methylphosphonate bound to tyrosine could generate specific antibodies. Tyrosine in the pentapeptide RYGRK was covalently modified with soman simply by adding soman to the peptide. The phosphonylated-peptide was linked to keyhole limpet hemocyanin, and the conjugate was injected into rabbits. The polyclonal antiserum recognized soman-labeled human albumin, soman-mouse albumin, and soman human transferrin but not nonphosphonylated control proteins. The soman-labeled tyrosines in these proteins are surrounded by different amino acid sequences, suggesting that the polyclonal recognizes soman-tyrosine independent of the amino acid sequence. Antiserum obtained after 4 antigen injections over a period of 18 weeks was tested in a competition ELISA where it had an IC50 of 10(-11) M. The limit of detection on Western blots was 0.01 μg (15 picomoles) of soman-labeled albumin. In conclusion, a high-affinity, polyclonal antibody that specifically recognizes soman adducts on tyrosine in a variety of proteins has been produced. Such an antibody could be useful for identifying secondary targets of soman toxicity.","[""Relation-DIRECT-REGULATOR"", ""DirectedEntity-GENE-N"", ""DirectionalEntity-CHEMICAL"", ""Relation-PART-OF"", ""DirectedEntity-GENE-Y""]","[{""DirectionalEntity"": {""Type"": ""CHEMICAL"", ""Name"": ""tyrosine""}, ""Relation"": {""Type"": ""PART-OF"", ""Name"": ""PART-OF""}, ""DirectedEntity"": {""Type"": ""GENE-Y"", ""Name"": ""human albumin""}}, {""DirectionalEntity"": {""Type"": ""CHEMICAL"", ""Name"": ""Soman""}, ""Relation"": {""Type"": ""DIRECT-REGULATOR"", ""Name"": ""DIRECT-REGULATOR""}, ""DirectedEntity"": {""Type"": ""GENE-Y"", ""Name"": ""human albumin""}}, {""DirectionalEntity"": {""Type"": ""CHEMICAL"", ""Name"": ""tyrosines""}, ""Relation"": {""Type"": ""PART-OF"", ""Name"": ""PART-OF""}, ""DirectedEntity"": {""Type"": ""GENE-Y"", ""Name"": ""human transferrin""}}, {""DirectionalEntity"": {""Type"": ""CHEMICAL"", ""Name"": ""Soman""}, ""Relation"": {""Type"": ""DIRECT-REGULATOR"", ""Name"": ""DIRECT-REGULATOR""}, ""DirectedEntity"": {""Type"": ""GENE-Y"", ""Name"": ""human transferrin""}}, {""DirectionalEntity"": {""Type"": ""CHEMICAL"", ""Name"": ""Tyrosine""}, ""Relation"": {""Type"": ""PART-OF"", ""Name"": ""PART-OF""}, ""DirectedEntity"": {""Type"": ""GENE-N"", ""Name"": ""RYGRK""}}, {""DirectionalEntity"": {""Type"": ""CHEMICAL"", ""Name"": ""soman""}, ""Relation"": {""Type"": ""DIRECT-REGULATOR"", ""Name"": ""DIRECT-REGULATOR""}, ""DirectedEntity"": {""Type"": ""GENE-Y"", ""Name"": ""human albumin""}}, {""DirectionalEntity"": {""Type"": ""CHEMICAL"", ""Name"": ""soman""}, ""Relation"": {""Type"": ""DIRECT-REGULATOR"", ""Name"": ""DIRECT-REGULATOR""}, ""DirectedEntity"": {""Type"": ""GENE-Y"", ""Name"": ""mouse albumin""}}, {""DirectionalEntity"": {""Type"": ""CHEMICAL"", ""Name"": ""soman""}, ""Relation"": {""Type"": ""DIRECT-REGULATOR"", ""Name"": ""DIRECT-REGULATOR""}, ""DirectedEntity"": {""Type"": ""GENE-Y"", ""Name"": ""human transferrin""}}, {""DirectionalEntity"": {""Type"": ""CHEMICAL"", ""Name"": ""soman""}, ""Relation"": {""Type"": ""DIRECT-REGULATOR"", ""Name"": ""DIRECT-REGULATOR""}, ""DirectedEntity"": {""Type"": ""GENE-Y"", ""Name"": ""albumin""}}]"
"The food contaminant deoxynivalenol activates the mitogen activated protein kinases in the intestine: interest of ex vivo models as an alternative to in vivo experiments.
Trichothecenes induce changes in the intestinal barrier function through decreased expression of cell junction proteins and apoptosis of enterocytes. The mitogen activated protein kinases (MAPK) play an important role in the signaling pathways of cell turnover and differentiation. Using ex vivo and in vivo approaches, the purpose of this study was to investigate the ability of low doses of DON to induce histological changes in the intestine and to activate the MAPK ERK 1/2, p38 and JNK. Twelve weaning piglets received during four weeks a control diet or a DON-contaminated diet (2.3 mg DON/kg feed). Six weaning piglets were used to prepare jejunal explants (ex vivo model). Explants were exposed during 4 h to vehicle, 5 or 10 μM DON. Intestinal changes were graded using a histological score. Pigs fed a DON-diet and explants exposed to DON showed a significant decrease in the jejunal score. In both models, the toxin significantly enhanced phosphorylation of ERK 1/2 and p38, whereas the increased phosphorylation of JNK was non significant. Taken together these results indicate that in vivo or ex vivo exposure of intestinal tissue to DON lead to similar intestinal lesions and activation of MAPK. These effects could impair the homeostasis of intestinal tissue in the aspects of barrier function and immune protection. The similarity of the in vivo and ex vivo results provides also strong evidence that the jejunal explant model is a good alternative for toxicological studies in intestinal tissue.","[""DirectedEntity-GENE-N"", ""Relation-ACTIVATOR"", ""DirectionalEntity-CHEMICAL""]","[{""DirectionalEntity"": {""Type"": ""CHEMICAL"", ""Name"": ""deoxynivalenol""}, ""Relation"": {""Type"": ""ACTIVATOR"", ""Name"": ""ACTIVATOR""}, ""DirectedEntity"": {""Type"": ""GENE-N"", ""Name"": ""mitogen activated protein kinases""}}, {""DirectionalEntity"": {""Type"": ""CHEMICAL"", ""Name"": ""DON""}, ""Relation"": {""Type"": ""ACTIVATOR"", ""Name"": ""ACTIVATOR""}, ""DirectedEntity"": {""Type"": ""GENE-N"", ""Name"": ""MAPK""}}]"
"Sorafenib Hepatobiliary Disposition: Mechanisms of Hepatic Uptake and Disposition of Generated Metabolites.
Sorafenib is an orally active tyrosine kinase inhibitor used in the treatment of renal and hepatocellular carcinoma. This study was designed to establish whether transport proteins are involved in the hepatic uptake of sorafenib, and to determine the extent of biliary excretion of sorafenib/metabolites in human hepatocytes. Initial uptake was assessed in freshly isolated, suspended human hepatocytes in the presence of inhibitors and modulators. [(14)C]Sorafenib (1 μM) uptake at 4°C was ~61-63% of the uptake at 37°C, suggesting a high degree of passive diffusion. Hepatocyte uptake of [(14)C]sorafenib was not Na(+)-dependent or influenced by the organic anion transporter 2 (OAT2) inhibitor ketoprofen. However, initial [(14)C]sorafenib hepatocyte uptake was reduced by 46 and 30% compared to control values in the presence of the organic anion transporting polypeptide (OATP) inhibitor rifamycin SV, and the organic cation transporter (OCT) inhibitor decynium 22, respectively. [(14)C]Sorafenib (0.5 to 5 μM) uptake was significantly higher in hOCT1-transfected CHO cells compared to mock cells, and inhibited by the general OCT inhibitor, MPP(+). OCT1-mediated uptake was saturable with a Km of 3.80 ± 2.53 μM and Vmax of 116 ± 42 pmol/mg/min. The biliary excretion index (BEI) and in vitro biliary clearance (Clbiliary) of sorafenib (1 μM) in sandwich-cultured human hepatocytes were low (~11% and 11 ml/min/kg, respectively). Results suggest that sorafenib uptake in human hepatocytes occurs via passive diffusion, and by OCT1 and a rifamycin-sensitive transporter. Sorafenib undergoes modest biliary excretion, predominantly as glucuronide conjugate(s).","[""DirectedEntity-GENE-N"", ""DirectionalEntity-CHEMICAL"", ""Relation-SUBSTRATE"", ""Relation-INHIBITOR"", ""DirectedEntity-GENE-Y""]","[{""DirectionalEntity"": {""Type"": ""CHEMICAL"", ""Name"": ""Sorafenib""}, ""Relation"": {""Type"": ""INHIBITOR"", ""Name"": ""INHIBITOR""}, ""DirectedEntity"": {""Type"": ""GENE-N"", ""Name"": ""tyrosine kinase""}}, {""DirectionalEntity"": {""Type"": ""CHEMICAL"", ""Name"": ""ketoprofen""}, ""Relation"": {""Type"": ""INHIBITOR"", ""Name"": ""INHIBITOR""}, ""DirectedEntity"": {""Type"": ""GENE-Y"", ""Name"": ""organic anion transporter 2""}}, {""DirectionalEntity"": {""Type"": ""CHEMICAL"", ""Name"": ""ketoprofen""}, ""Relation"": {""Type"": ""INHIBITOR"", ""Name"": ""INHIBITOR""}, ""DirectedEntity"": {""Type"": ""GENE-Y"", ""Name"": ""OAT2""}}, {""DirectionalEntity"": {""Type"": ""CHEMICAL"", ""Name"": ""rifamycin SV""}, ""Relation"": {""Type"": ""INHIBITOR"", ""Name"": ""INHIBITOR""}, ""DirectedEntity"": {""Type"": ""GENE-N"", ""Name"": ""organic anion transporting polypeptide""}}, {""DirectionalEntity"": {""Type"": ""CHEMICAL"", ""Name"": ""rifamycin SV""}, ""Relation"": {""Type"": ""INHIBITOR"", ""Name"": ""INHIBITOR""}, ""DirectedEntity"": {""Type"": ""GENE-N"", ""Name"": ""OATP""}}, {""DirectionalEntity"": {""Type"": ""CHEMICAL"", ""Name"": ""decynium 22""}, ""Relation"": {""Type"": ""INHIBITOR"", ""Name"": ""INHIBITOR""}, ""DirectedEntity"": {""Type"": ""GENE-N"", ""Name"": ""OCT""}}, {""DirectionalEntity"": {""Type"": ""CHEMICAL"", ""Name"": ""decynium 22""}, ""Relation"": {""Type"": ""INHIBITOR"", ""Name"": ""INHIBITOR""}, ""DirectedEntity"": {""Type"": ""GENE-N"", ""Name"": ""organic cation transporter""}}, {""DirectionalEntity"": {""Type"": ""CHEMICAL"", ""Name"": ""[(14)C]Sorafenib""}, ""Relation"": {""Type"": ""SUBSTRATE"", ""Name"": ""SUBSTRATE""}, ""DirectedEntity"": {""Type"": ""GENE-Y"", ""Name"": ""hOCT1""}}, {""DirectionalEntity"": {""Type"": ""CHEMICAL"", ""Name"": ""MPP(+)""}, ""Relation"": {""Type"": ""INHIBITOR"", ""Name"": ""INHIBITOR""}, ""DirectedEntity"": {""Type"": ""GENE-N"", ""Name"": ""OCT""}}, {""DirectionalEntity"": {""Type"": ""CHEMICAL"", ""Name"": ""sorafenib""}, ""Relation"": {""Type"": ""SUBSTRATE"", ""Name"": ""SUBSTRATE""}, ""DirectedEntity"": {""Type"": ""GENE-Y"", ""Name"": ""OCT1""}}]"
"Cyclooxygenase-2 contributes to N-methyl-D-aspartate-mediated neuronal cell death in primary cortical cell culture.
Cyclooxygenase isozymes (COX-1 and COX-2) are found to be constitutively expressed in brain, with neuronal expression of COX-2 being rapidly induced after numerous insults, including cerebral ischemia. Because overactivation of N-methyl-D-aspartate (NMDA) receptors has been implicated in the cell loss associated with ischemia, we characterized the expression of the COX isozymes in murine mixed cortical cell cultures and used isozyme-selective inhibitors to determine their relative contribution to NMDA receptor-stimulated prostaglandin (PG) production and excitotoxic neuronal cell death. Immunocytochemical analysis of mixed cortical cell cultures revealed that COX-2 expression was restricted to neurons, whereas COX-1 was expressed in both neurons and astrocytes. Brief exposure to NMDA (5 min; 100 microM) elicited a time-dependent accumulation of PGs in the culture medium that preceded neuronal cell death and correlated with the induction of COX-2 mRNA. COX-1 expression remained unchanged. Flurbiprofen, a nonselective COX-1/COX-2 inhibitor, blocked NMDA-stimulated PG production and attenuated neuronal death in a concentration-dependent manner. Similar results were obtained with the specific COX-2 inhibitor NS-398 (10-30 microM) but not with the selective COX-1 inhibitor valeryl salicylate (10-300 microM). Inhibition of total constitutive COX activity with aspirin (100 microM, 1.5 h) before NMDA exposure did not prevent subsequent NMDA-mediated neuronal cell death. However, neuronal injury in aspirin-pretreated cultures was attenuated by flurbiprofen administration after NMDA exposure. Finally, the protection afforded by COX-2 inhibition was specific for NMDA because neither flurbiprofen nor NS-398 protected neurons against kainate-mediated neurotoxicity. Together, these results support the conclusion that newly synthesized COX-2 protein contributes to NMDA-induced neuronal injury.","[""DirectedEntity-GENE-N"", ""DirectionalEntity-CHEMICAL"", ""Relation-INHIBITOR"", ""DirectedEntity-GENE-Y"", ""Relation-INDIRECT-UPREGULATOR""]","[{""DirectionalEntity"": {""Type"": ""CHEMICAL"", ""Name"": ""NMDA""}, ""Relation"": {""Type"": ""INDIRECT-UPREGULATOR"", ""Name"": ""INDIRECT-UPREGULATOR""}, ""DirectedEntity"": {""Type"": ""GENE-Y"", ""Name"": ""COX-2""}}, {""DirectionalEntity"": {""Type"": ""CHEMICAL"", ""Name"": ""Flurbiprofen""}, ""Relation"": {""Type"": ""INHIBITOR"", ""Name"": ""INHIBITOR""}, ""DirectedEntity"": {""Type"": ""GENE-Y"", ""Name"": ""COX-1""}}, {""DirectionalEntity"": {""Type"": ""CHEMICAL"", ""Name"": ""Flurbiprofen""}, ""Relation"": {""Type"": ""INHIBITOR"", ""Name"": ""INHIBITOR""}, ""DirectedEntity"": {""Type"": ""GENE-Y"", ""Name"": ""COX-2""}}, {""DirectionalEntity"": {""Type"": ""CHEMICAL"", ""Name"": ""NS-398""}, ""Relation"": {""Type"": ""INHIBITOR"", ""Name"": ""INHIBITOR""}, ""DirectedEntity"": {""Type"": ""GENE-Y"", ""Name"": ""COX-2""}}, {""DirectionalEntity"": {""Type"": ""CHEMICAL"", ""Name"": ""valeryl salicylate""}, ""Relation"": {""Type"": ""INHIBITOR"", ""Name"": ""INHIBITOR""}, ""DirectedEntity"": {""Type"": ""GENE-Y"", ""Name"": ""COX-1""}}, {""DirectionalEntity"": {""Type"": ""CHEMICAL"", ""Name"": ""aspirin""}, ""Relation"": {""Type"": ""INHIBITOR"", ""Name"": ""INHIBITOR""}, ""DirectedEntity"": {""Type"": ""GENE-N"", ""Name"": ""COX""}}]"
"[Antitumor photochemotherapy: biochemical bases, therapeutic uses and perspectives].
The photodynamic therapy of tumors (PDT) is a recent and promising technique for the treatment of tumors which can be reached by the light (directly or by endoscopic illumination). Excellent results are now obtained with hematoporphyrin derivatives such as Photofrin II, provided the concerned tumors are small and well delimited. Porphyrins are transported in blood mainly by lipoproteins, and the low density lipoprotein (LDL) receptor-mediated pathway is probably one of the important factors involved in the selective accumulation of porphyrins by tumor tissues, as cancer cells generally express much more LDL receptors than normal cells. In the present paper, after a brief presentation of the biochemical basis of the light-dependent cytotoxicity of porphyrins, we shall examine the role of lipoproteins, especially LDL, in the transport and the cellular uptake of these compounds. We shall also present recent approaches for the improvement of the PDT efficiency.","[""Relation-SUBSTRATE"", ""DirectedEntity-GENE-N"", ""DirectionalEntity-CHEMICAL""]","[{""DirectionalEntity"": {""Type"": ""CHEMICAL"", ""Name"": ""Porphyrins""}, ""Relation"": {""Type"": ""SUBSTRATE"", ""Name"": ""SUBSTRATE""}, ""DirectedEntity"": {""Type"": ""GENE-N"", ""Name"": ""lipoproteins""}}]"
"Airway inflammation in asymptomatic children with episodic wheeze.
Airway pathologies have been comprehensively researched in adult asthma, but in children, the extent of airway inflammation associated with episodic wheeze, often diagnosed as asthma, has not been fully characterized. It is not clear whether persistent airway inflammation is present in the absence of wheezing symptoms, and there is controversy regarding the role of age and atopy. This study assessed cellular and cytokine markers of airway inflammation in asymptomatic children with a history of episodic wheeze. Children with a history of episodic wheeze and cough (study group) and nonasthmatic patients requiring elective surgery (control group) were recruited. All subjects in the study group had a history of significant episodic wheezing (>2 episodes per year), and used only as-needed beta-agonist treatment. Bronchoalveolar lavage (BAL) was obtained using bronchoscopic lavage (study group) and nonbronchoscopic lavage (control group). Differential cell counts of BAL and flow cytometry were performed to identify T-lymphocyte phenotypes, and intracellular cytokine profiles were measured after phorbol-12-myristate 13-acetate (PMA) stimulation of BAL fluid T-cells. Twenty-one children with a history of 2-12 episodes of wheeze per year and 21 nonasthmatic subjects without respiratory symptoms were recruited. Study and control subjects were matched for age (median age, 5 years) and demographic characteristics. Study subjects had higher IgE levels, but their measurements were still within normal range. No significant differences in BAL differential cell counts were noted, and in both groups, the majority of T-cells were CD3+ CD8+, with a median CD4:CD8 ratio of 0.6. There was no significant difference in T-cell expression of the activation markers HLA-DR and CD25 (IL-2 receptor), or in PMA-induced production of the intracellular cytokines IFN-gamma, IL-2, IL-4, IL-5, and IL-10. The results of this study suggest that significant T-cell-driven airway inflammation is absent in mild or nonatopic, asymptomatic children of this age group who have episodic wheeze. Our findings support asthma management guidelines that do not recommend long-term treatment of this group of patients with anti-inflammatory medications.","[""DirectedEntity-GENE-N"", ""DirectedEntity-GENE-Y"", ""Relation-INDIRECT-UPREGULATOR"", ""DirectionalEntity-CHEMICAL""]","[{""DirectionalEntity"": {""Type"": ""CHEMICAL"", ""Name"": ""PMA""}, ""Relation"": {""Type"": ""INDIRECT-UPREGULATOR"", ""Name"": ""INDIRECT-UPREGULATOR""}, ""DirectedEntity"": {""Type"": ""GENE-N"", ""Name"": ""cytokines""}}, {""DirectionalEntity"": {""Type"": ""CHEMICAL"", ""Name"": ""PMA""}, ""Relation"": {""Type"": ""INDIRECT-UPREGULATOR"", ""Name"": ""INDIRECT-UPREGULATOR""}, ""DirectedEntity"": {""Type"": ""GENE-Y"", ""Name"": ""IFN-gamma""}}, {""DirectionalEntity"": {""Type"": ""CHEMICAL"", ""Name"": ""PMA""}, ""Relation"": {""Type"": ""INDIRECT-UPREGULATOR"", ""Name"": ""INDIRECT-UPREGULATOR""}, ""DirectedEntity"": {""Type"": ""GENE-Y"", ""Name"": ""IL-2""}}, {""DirectionalEntity"": {""Type"": ""CHEMICAL"", ""Name"": ""PMA""}, ""Relation"": {""Type"": ""INDIRECT-UPREGULATOR"", ""Name"": ""INDIRECT-UPREGULATOR""}, ""DirectedEntity"": {""Type"": ""GENE-Y"", ""Name"": ""IL-4""}}, {""DirectionalEntity"": {""Type"": ""CHEMICAL"", ""Name"": ""PMA""}, ""Relation"": {""Type"": ""INDIRECT-UPREGULATOR"", ""Name"": ""INDIRECT-UPREGULATOR""}, ""DirectedEntity"": {""Type"": ""GENE-Y"", ""Name"": ""IL-5""}}, {""DirectionalEntity"": {""Type"": ""CHEMICAL"", ""Name"": ""PMA""}, ""Relation"": {""Type"": ""INDIRECT-UPREGULATOR"", ""Name"": ""INDIRECT-UPREGULATOR""}, ""DirectedEntity"": {""Type"": ""GENE-Y"", ""Name"": ""IL-10""}}]"
"Juglone, isolated from Juglans mandshurica Maxim, induces apoptosis via down-regulation of AR expression in human prostate cancer LNCaP cells.
Juglone is a natural compound which has been isolated from Juglans mandshurica Maxim. Recent studies have shown that juglone had various pharmacological effects such as anti-viral, anti-bacterial and anti-cancer. However, its anti-cancer activity on human prostate cancer LNCaP cell has not been examined. Thus, the current study was designed to elucidate the molecular mechanism of apoptosis induced by juglone in androgen-sensitive prostate cancer LNCaP cells. MTT assay was performed to examine the anti-proliferative effect of juglone. Occurrence of apoptosis was detected by Hoechst 33342 staining and flow cytometry in LNCaP cells treated with juglone for 24h. The result shown that juglone inhibited the growth of LNCaP cells in a dose-dependent manner. Morphological changes of apoptotic body formation after juglone treatment were observed by Hoechst 33342 staining. This apoptotic induction was associated with loss of mitochondrial membrane potential, and caspase-3, -9 activation. Moreover, we found that juglone significantly inhibited the expression levels of androgen receptor (AR) and prostate-specific antigen (PSA) in a dose-dependent manner, as well as abrogated up-regulation of AR and PSA genes with and/or without dihydrotestosterone (DHT). Take together, our results demonstrated that juglone might induce the apoptosis in LNCaP cell via down-regulation of AR expression. Therefore, our results indicated that juglone may be a potential candidate of drug for androgen-sensitive prostate cancer.","[""DirectedEntity-GENE-Y"", ""DirectionalEntity-CHEMICAL"", ""Relation-INDIRECT-DOWNREGULATOR""]","[{""DirectionalEntity"": {""Type"": ""CHEMICAL"", ""Name"": ""Juglone""}, ""Relation"": {""Type"": ""INDIRECT-DOWNREGULATOR"", ""Name"": ""INDIRECT-DOWNREGULATOR""}, ""DirectedEntity"": {""Type"": ""GENE-Y"", ""Name"": ""AR""}}, {""DirectionalEntity"": {""Type"": ""CHEMICAL"", ""Name"": ""juglone""}, ""Relation"": {""Type"": ""INDIRECT-DOWNREGULATOR"", ""Name"": ""INDIRECT-DOWNREGULATOR""}, ""DirectedEntity"": {""Type"": ""GENE-Y"", ""Name"": ""androgen receptor""}}, {""DirectionalEntity"": {""Type"": ""CHEMICAL"", ""Name"": ""juglone""}, ""Relation"": {""Type"": ""INDIRECT-DOWNREGULATOR"", ""Name"": ""INDIRECT-DOWNREGULATOR""}, ""DirectedEntity"": {""Type"": ""GENE-Y"", ""Name"": ""AR""}}, {""DirectionalEntity"": {""Type"": ""CHEMICAL"", ""Name"": ""juglone""}, ""Relation"": {""Type"": ""INDIRECT-DOWNREGULATOR"", ""Name"": ""INDIRECT-DOWNREGULATOR""}, ""DirectedEntity"": {""Type"": ""GENE-Y"", ""Name"": ""prostate-specific antigen""}}, {""DirectionalEntity"": {""Type"": ""CHEMICAL"", ""Name"": ""juglone""}, ""Relation"": {""Type"": ""INDIRECT-DOWNREGULATOR"", ""Name"": ""INDIRECT-DOWNREGULATOR""}, ""DirectedEntity"": {""Type"": ""GENE-Y"", ""Name"": ""PSA""}}, {""DirectionalEntity"": {""Type"": ""CHEMICAL"", ""Name"": ""juglone""}, ""Relation"": {""Type"": ""INDIRECT-DOWNREGULATOR"", ""Name"": ""INDIRECT-DOWNREGULATOR""}, ""DirectedEntity"": {""Type"": ""GENE-Y"", ""Name"": ""AR""}}, {""DirectionalEntity"": {""Type"": ""CHEMICAL"", ""Name"": ""juglone""}, ""Relation"": {""Type"": ""INDIRECT-DOWNREGULATOR"", ""Name"": ""INDIRECT-DOWNREGULATOR""}, ""DirectedEntity"": {""Type"": ""GENE-Y"", ""Name"": ""PSA""}}, {""DirectionalEntity"": {""Type"": ""CHEMICAL"", ""Name"": ""juglone""}, ""Relation"": {""Type"": ""INDIRECT-DOWNREGULATOR"", ""Name"": ""INDIRECT-DOWNREGULATOR""}, ""DirectedEntity"": {""Type"": ""GENE-Y"", ""Name"": ""AR""}}]"
"Incorporation of trifluoroisoleucine into proteins in vivo.
Two fluorinated derivatives of isoleucine: d,l-2-amino-3-trifluoromethyl pentanoic acid (3TFI, 2) and d,l-2-amino-5,5,5-trifluoro-3-methyl pentanoic acid (5TFI, 3) were prepared. 5TFI was incorporated into a model target protein, murine dihydrofolate reductase (mDHFR), in an isoleucine auxotrophic Escherichia coli host strain suspended in 5TFI-supplemented minimal medium depleted of isoleucine. Incorporation of 5TFI was confirmed by tryptic peptide analysis and matrix-assisted laser desorption ionization mass spectrometry (MALDI-MS) of the protein product. Amino acid analysis showed that more than 93% of the encoded isoleucine residues were replaced by 5TFI. Measurement of the rate of activation of 5TFI by the E. coli isoleucyl-tRNA synthetase (IleRS) yielded a specificity constant (k(cat)/K(m)) 134-fold lower than that for isoleucine. 5TFI was successfully introduced into the cytokine murine interleukin-2 (mIL-2) at the encoded isoleucine positions. The concentration of fluorinated protein that elicits 50% of the maximal proliferative response is 3.87 ng/mL, about 30% higher than that of wild-type mIL-2 (EC(50) = 2.70 ng/mL). The maximal responses are equivalent for the fluorinated and wild-type cytokines, indicating that fluorinated proteins can fold into stable and functional structures. 3TFI yielded no evidence for in vivo incorporation into recombinant proteins, and no evidence for activation by IleRS in vitro.","[""Relation-DIRECT-REGULATOR"", ""DirectedEntity-GENE-Y"", ""DirectionalEntity-CHEMICAL""]","[{""DirectionalEntity"": {""Type"": ""CHEMICAL"", ""Name"": ""5TFI""}, ""Relation"": {""Type"": ""DIRECT-REGULATOR"", ""Name"": ""DIRECT-REGULATOR""}, ""DirectedEntity"": {""Type"": ""GENE-Y"", ""Name"": ""murine dihydrofolate reductase""}}, {""DirectionalEntity"": {""Type"": ""CHEMICAL"", ""Name"": ""5TFI""}, ""Relation"": {""Type"": ""DIRECT-REGULATOR"", ""Name"": ""DIRECT-REGULATOR""}, ""DirectedEntity"": {""Type"": ""GENE-Y"", ""Name"": ""mDHFR""}}]"
"A positron emission tomography study of quetiapine in schizophrenia: a preliminary finding of an antipsychotic effect with only transiently high dopamine D2 receptor occupancy.
BACKGROUND: Quetiapine is a new atypical antipsychotic medication. As such, relatively little has been published regarding its in vivo effects at the dopamine type 2 (D2) and serotonin type 2a (5-HT2a) receptor systems. The following study was undertaken to explore these effects across the clinical dose range and relate this information to its clinical profile. METHODS: Twelve patients with schizophrenia were randomly assigned to doses of 150 to 600 mg/d (n=3, at 150, 300, 450, and 600 mg/d) of quetiapine. After 3 weeks of treatment, D2 and 5-HT2a occupancy were measured using positron emission tomography (PET) imaging, 12 to 14 hours after the last dose. Clinical efficacy and adverse effect ratings were obtained at baseline, at the time of PET scanning, and at 12 weeks. Two additional patients were included to examine the effects of the drug 2 to 3 hours after last dose. RESULTS: Quetiapine was an effective antipsychotic and improved the extrapyramidal symptoms and prolactin level elevation noted at baseline. It achieved these results with minimal (0%-27%) D2 occupancy 12 hours after the last dose. Study of the additional subjects revealed that quetiapine does give rise to transiently high (58%-64%) D2 occupancy 2 to 3 hours after a single dose that then decreases to minimal levels in 12 hours. CONCLUSIONS: Quetiapine shows a transiently high D2 occupancy, which decreases to very low levels by the end of the dosing interval. Quetiapine's low D2 occupancy can explain its freedom from extrapyramidal symptoms and prolactin level elevation. The data suggest that transient D2 occupancy may be sufficient for its antipsychotic effect. Future studies controlling for nonpharmacological effects as well as activities on other receptors will be necessary to confirm this suggestion.","[""Relation-DIRECT-REGULATOR"", ""DirectedEntity-GENE-Y"", ""Relation-INDIRECT-UPREGULATOR"", ""DirectionalEntity-CHEMICAL""]","[{""DirectionalEntity"": {""Type"": ""CHEMICAL"", ""Name"": ""quetiapine""}, ""Relation"": {""Type"": ""DIRECT-REGULATOR"", ""Name"": ""DIRECT-REGULATOR""}, ""DirectedEntity"": {""Type"": ""GENE-Y"", ""Name"": ""dopamine D2 receptor""}}, {""DirectionalEntity"": {""Type"": ""CHEMICAL"", ""Name"": ""Quetiapine""}, ""Relation"": {""Type"": ""INDIRECT-UPREGULATOR"", ""Name"": ""INDIRECT-UPREGULATOR""}, ""DirectedEntity"": {""Type"": ""GENE-Y"", ""Name"": ""prolactin""}}, {""DirectionalEntity"": {""Type"": ""CHEMICAL"", ""Name"": ""quetiapine""}, ""Relation"": {""Type"": ""DIRECT-REGULATOR"", ""Name"": ""DIRECT-REGULATOR""}, ""DirectedEntity"": {""Type"": ""GENE-Y"", ""Name"": ""D2""}}, {""DirectionalEntity"": {""Type"": ""CHEMICAL"", ""Name"": ""Quetiapine""}, ""Relation"": {""Type"": ""DIRECT-REGULATOR"", ""Name"": ""DIRECT-REGULATOR""}, ""DirectedEntity"": {""Type"": ""GENE-Y"", ""Name"": ""D2""}}]"
"Bioefficacy of EPA-DHA from lipids recovered from fish processing wastes through biotechnological approaches.
The effect of fish oil recovered from fish visceral waste (FVW-FO) on serum and liver lipids, activity of HMG-CoA reductase in liver microsomes and EPA+DHA incorporation in liver, heart and brain were evaluated. Rats were fed different concentrations of FVW-FO providing 1.25%, 2.50%, 5.0% EPA+DHA recovered by either fermentation or enzymatic hydrolysis for 8weeks. Feeding FVW-FO reduce triacylglycerols (5.96-20.3%), total cholesterol (7.9-21.5%) and LDL (7.39-21.7%) cholesterol levels in serum compared to group fed on a control diet (groundnut oil). The activity of HMG-CoA reductase was reduced (p<0.05) in the FVW-FO fed groups compared to the control. EPA+DHA level in serum, liver, brain and heart increased with increments in dietary EPA+DHA. Results show the hypolipidemic property of FVW-FO and reduced HMG-CoA reductase activity which is proportional to the incorporation of EPA+DHA. Recovery of FVW-FO will address the increasing demand for fish oil and reduce pollution problems.","[""Relation-INHIBITOR"", ""DirectedEntity-GENE-Y"", ""DirectionalEntity-CHEMICAL""]","[{""DirectionalEntity"": {""Type"": ""CHEMICAL"", ""Name"": ""EPA""}, ""Relation"": {""Type"": ""INHIBITOR"", ""Name"": ""INHIBITOR""}, ""DirectedEntity"": {""Type"": ""GENE-Y"", ""Name"": ""HMG-CoA reductase""}}, {""DirectionalEntity"": {""Type"": ""CHEMICAL"", ""Name"": ""DHA""}, ""Relation"": {""Type"": ""INHIBITOR"", ""Name"": ""INHIBITOR""}, ""DirectedEntity"": {""Type"": ""GENE-Y"", ""Name"": ""HMG-CoA reductase""}}]"
"Pharmacology of ramelteon, a selective MT1/MT2 receptor agonist: a novel therapeutic drug for sleep disorders.
An estimated one-third of the general population is affected by insomnia, and this number is increasing due to more stressful working conditions and the progressive aging of society. However, current treatment of insomnia with hypnotics, gamma-aminobutyric acid A (GABA(A)) receptor modulators, induces various side effects, including cognitive impairment, motor disturbance, dependence, tolerance, hangover, and rebound insomnia. Ramelteon (Rozerem; Takeda Pharmaceutical Company Limited, Osaka, Japan) is an orally active, highly selective melatonin MT(1)/MT(2) receptor agonist. Unlike the sedative hypnotics that target GABA(A) receptor complexes, ramelteon is a chronohypnotic that acts on the melatonin MT(1) and MT(2) receptors, which are primarily located in the suprachiasmatic nucleus, the body's ""master clock."" As such, ramelteon possesses the first new therapeutic mechanism of action for a prescription insomnia medication in over three decades. Ramelteon has demonstrated sleep-promoting effects in clinical trials, and coupled with its favorable safety profile and lack of abuse potential or dependence, this chronohypnotic provides an important treatment option for insomnia.","[""DirectedEntity-GENE-Y"", ""DirectionalEntity-CHEMICAL"", ""Relation-AGONIST""]","[{""DirectionalEntity"": {""Type"": ""CHEMICAL"", ""Name"": ""ramelteon""}, ""Relation"": {""Type"": ""AGONIST"", ""Name"": ""AGONIST""}, ""DirectedEntity"": {""Type"": ""GENE-Y"", ""Name"": ""MT1""}}, {""DirectionalEntity"": {""Type"": ""CHEMICAL"", ""Name"": ""ramelteon""}, ""Relation"": {""Type"": ""AGONIST"", ""Name"": ""AGONIST""}, ""DirectedEntity"": {""Type"": ""GENE-Y"", ""Name"": ""MT2""}}, {""DirectionalEntity"": {""Type"": ""CHEMICAL"", ""Name"": ""Ramelteon""}, ""Relation"": {""Type"": ""AGONIST"", ""Name"": ""AGONIST""}, ""DirectedEntity"": {""Type"": ""GENE-Y"", ""Name"": ""MT(1)""}}, {""DirectionalEntity"": {""Type"": ""CHEMICAL"", ""Name"": ""Ramelteon""}, ""Relation"": {""Type"": ""AGONIST"", ""Name"": ""AGONIST""}, ""DirectedEntity"": {""Type"": ""GENE-Y"", ""Name"": ""MT(2)""}}, {""DirectionalEntity"": {""Type"": ""CHEMICAL"", ""Name"": ""ramelteon""}, ""Relation"": {""Type"": ""AGONIST"", ""Name"": ""AGONIST""}, ""DirectedEntity"": {""Type"": ""GENE-Y"", ""Name"": ""MT(1)""}}, {""DirectionalEntity"": {""Type"": ""CHEMICAL"", ""Name"": ""ramelteon""}, ""Relation"": {""Type"": ""AGONIST"", ""Name"": ""AGONIST""}, ""DirectedEntity"": {""Type"": ""GENE-Y"", ""Name"": ""MT(2)""}}]"
"Mechanism of interaction of niflumic acid with heterologously expressed kidney CLC-K chloride channels.
CLC-K Cl(-) channels belong to the CLC protein family. In kidney and inner ear, they are involved in transepithelial salt transport. Mutations in ClC-Kb lead to Bartter's syndrome, and mutations in the associated subunit barttin produce Bartter's syndrome and deafness. We have previously found that 3-phenyl-CPP blocks hClC-Ka and rClC-K1 from the extracellular side in the pore entrance. Recently, we have shown that niflumic acid (NFA), a nonsteroidal anti-inflammatory fenamate, produces biphasic behavior on human CLC-K channels that suggests the presence of two functionally different binding sites: an activating site and a blocking site. Here, we investigate in more detail the interaction of NFA on CLC-K channels. Mutants that altered block by 3-phenyl-2-(p-chlorophenoxy)propionic acid (CPP) had no effect on NFA block, indicating that the inhibition binding site of NFA is different from that of 3-phenyl-CPP and flufenamic acid. Moreover, NFA does not compete with extracellular Cl(-) ions, suggesting that the binding sites of NFA are not located deep in the pore. Differently from ClC-Ka, on the rat homologue ClC-K1, NFA has only an inhibitory effect. We developed a quantitative model to describe the complex action of NFA on ClC-Ka. The model predicts that ClC-Ka possesses two NFA binding sites: when only one site is occupied, NFA increases ClC-Ka currents, whereas the occupation of both binding sites leads to channel block.","[""Relation-INHIBITOR"", ""DirectedEntity-GENE-Y"", ""Relation-DIRECT-REGULATOR"", ""DirectionalEntity-CHEMICAL""]","[{""DirectionalEntity"": {""Type"": ""CHEMICAL"", ""Name"": ""3-phenyl-CPP""}, ""Relation"": {""Type"": ""INHIBITOR"", ""Name"": ""INHIBITOR""}, ""DirectedEntity"": {""Type"": ""GENE-Y"", ""Name"": ""hClC-Ka""}}, {""DirectionalEntity"": {""Type"": ""CHEMICAL"", ""Name"": ""3-phenyl-CPP""}, ""Relation"": {""Type"": ""INHIBITOR"", ""Name"": ""INHIBITOR""}, ""DirectedEntity"": {""Type"": ""GENE-Y"", ""Name"": ""rClC-K1""}}, {""DirectionalEntity"": {""Type"": ""CHEMICAL"", ""Name"": ""NFA""}, ""Relation"": {""Type"": ""INHIBITOR"", ""Name"": ""INHIBITOR""}, ""DirectedEntity"": {""Type"": ""GENE-Y"", ""Name"": ""rat homologue ClC-K1""}}, {""DirectionalEntity"": {""Type"": ""CHEMICAL"", ""Name"": ""NFA""}, ""Relation"": {""Type"": ""DIRECT-REGULATOR"", ""Name"": ""DIRECT-REGULATOR""}, ""DirectedEntity"": {""Type"": ""GENE-Y"", ""Name"": ""ClC-Ka""}}, {""DirectionalEntity"": {""Type"": ""CHEMICAL"", ""Name"": ""NFA""}, ""Relation"": {""Type"": ""DIRECT-REGULATOR"", ""Name"": ""DIRECT-REGULATOR""}, ""DirectedEntity"": {""Type"": ""GENE-Y"", ""Name"": ""ClC-Ka""}}]"
"A non-catalytic function of Rev1 in translesion DNA synthesis and mutagenesis is mediated by its stable interaction with Rad5.
DNA damage tolerance consisting of template switching and translesion synthesis is a major cellular mechanism in response to unrepaired DNA lesions during replication. The Rev1 pathway constitutes the major mechanism of translesion synthesis and base damage-induced mutagenesis in model cell systems. Rev1 is a dCMP transferase, but additionally plays non-catalytic functions in translesion synthesis. Using the yeast model system, we attempted to gain further insights into the non-catalytic functions of Rev1. Rev1 stably interacts with Rad5 (a central component of the template switching pathway) via the C-terminal region of Rev1 and the N-terminal region of Rad5. Supporting functional significance of this interaction, both the Rev1 pathway and Rad5 are required for translesion synthesis and mutagenesis of 1,N(6)-ethenoadenine. Furthermore, disrupting the Rev1-Rad5 interaction by mutating Rev1 did not affect its dCMP transferase, but led to inactivation of the Rev1 non-catalytic function in translesion synthesis of UV-induced DNA damage. Deletion analysis revealed that the C-terminal 21-amino acid sequence of Rev1 is uniquely required for its interaction with Rad5 and is essential for its non-catalytic function. Deletion analysis additionally implicated a C-terminal region of Rev1 in its negative regulation. These results show that a non-catalytic function of Rev1 in translesion synthesis and mutagenesis is mediated by its interaction with Rad5.","[""DirectedEntity-GENE-Y"", ""Relation-PART-OF"", ""DirectionalEntity-CHEMICAL""]","[{""DirectionalEntity"": {""Type"": ""CHEMICAL"", ""Name"": ""C""}, ""Relation"": {""Type"": ""PART-OF"", ""Name"": ""PART-OF""}, ""DirectedEntity"": {""Type"": ""GENE-Y"", ""Name"": ""Rev1""}}, {""DirectionalEntity"": {""Type"": ""CHEMICAL"", ""Name"": ""N""}, ""Relation"": {""Type"": ""PART-OF"", ""Name"": ""PART-OF""}, ""DirectedEntity"": {""Type"": ""GENE-Y"", ""Name"": ""Rad5""}}, {""DirectionalEntity"": {""Type"": ""CHEMICAL"", ""Name"": ""amino acid""}, ""Relation"": {""Type"": ""PART-OF"", ""Name"": ""PART-OF""}, ""DirectedEntity"": {""Type"": ""GENE-Y"", ""Name"": ""Rev1""}}, {""DirectionalEntity"": {""Type"": ""CHEMICAL"", ""Name"": ""C""}, ""Relation"": {""Type"": ""PART-OF"", ""Name"": ""PART-OF""}, ""DirectedEntity"": {""Type"": ""GENE-Y"", ""Name"": ""Rev1""}}, {""DirectionalEntity"": {""Type"": ""CHEMICAL"", ""Name"": ""C""}, ""Relation"": {""Type"": ""PART-OF"", ""Name"": ""PART-OF""}, ""DirectedEntity"": {""Type"": ""GENE-Y"", ""Name"": ""Rev1""}}]"
"Hyaluronan synthase 1 (HAS1) requires higher cellular UDP-GlcNAc concentration than HAS2 and HAS3.
Mammals have three homologous genes encoding proteins with hyaluronan synthase activity (Has1-3), all producing an identical polymer from UDP-N-acetylglucosamine and UDP-glucuronic acid. To compare the properties of these isoenzymes, COS-1 cells, with minor endogenous hyaluronan synthesis, were transfected with human Has1-3 isoenzymes. HAS1 was almost unable to secrete hyaluronan or form a hyaluronan coat, in contrast to HAS2 and HAS3. This failure of HAS1 to synthesize hyaluronan was compensated by increasing the cellular content of UDP-N-acetyl glucosamine by ∼10-fold with 1 mm glucosamine in the growth medium. Hyaluronan synthesis driven by HAS2 was less affected by glucosamine addition, and HAS3 was not affected at all. Glucose-free medium, leading to depletion of the UDP-sugars, markedly reduced hyaluronan synthesis by all HAS isoenzymes while raising its concentration from 5 to 25 mm had a moderate stimulatory effect. The results indicate that HAS1 is almost inactive in cells with low UDP-sugar supply, HAS2 activity increases with UDP-sugars, and HAS3 produces hyaluronan at high speed even with minimum substrate content. Transfected Has2 and particularly Has3 consumed enough UDP-sugars to reduce their content in COS-1 cells. Comparison of different human cell types revealed ∼50-fold differences in the content of UDP-N-acetylhexosamines and UDP-glucuronic acid, correlating with the expression level of Has1, suggesting cellular coordination between Has1 expression and the content of UDP-sugars.","[""Relation-SUBSTRATE"", ""DirectedEntity-GENE-N"", ""DirectedEntity-GENE-Y"", ""DirectionalEntity-CHEMICAL""]","[{""DirectionalEntity"": {""Type"": ""CHEMICAL"", ""Name"": ""UDP""}, ""Relation"": {""Type"": ""SUBSTRATE"", ""Name"": ""SUBSTRATE""}, ""DirectedEntity"": {""Type"": ""GENE-Y"", ""Name"": ""Hyaluronan synthase 1""}}, {""DirectionalEntity"": {""Type"": ""CHEMICAL"", ""Name"": ""GlcNAc""}, ""Relation"": {""Type"": ""SUBSTRATE"", ""Name"": ""SUBSTRATE""}, ""DirectedEntity"": {""Type"": ""GENE-Y"", ""Name"": ""Hyaluronan synthase 1""}}, {""DirectionalEntity"": {""Type"": ""CHEMICAL"", ""Name"": ""UDP""}, ""Relation"": {""Type"": ""SUBSTRATE"", ""Name"": ""SUBSTRATE""}, ""DirectedEntity"": {""Type"": ""GENE-Y"", ""Name"": ""HAS1""}}, {""DirectionalEntity"": {""Type"": ""CHEMICAL"", ""Name"": ""GlcNAc""}, ""Relation"": {""Type"": ""SUBSTRATE"", ""Name"": ""SUBSTRATE""}, ""DirectedEntity"": {""Type"": ""GENE-Y"", ""Name"": ""HAS1""}}, {""DirectionalEntity"": {""Type"": ""CHEMICAL"", ""Name"": ""UDP""}, ""Relation"": {""Type"": ""SUBSTRATE"", ""Name"": ""SUBSTRATE""}, ""DirectedEntity"": {""Type"": ""GENE-N"", ""Name"": ""hyaluronan synthase""}}, {""DirectionalEntity"": {""Type"": ""CHEMICAL"", ""Name"": ""UDP""}, ""Relation"": {""Type"": ""SUBSTRATE"", ""Name"": ""SUBSTRATE""}, ""DirectedEntity"": {""Type"": ""GENE-N"", ""Name"": ""Has1-3""}}, {""DirectionalEntity"": {""Type"": ""CHEMICAL"", ""Name"": ""N-acetylglucosamine""}, ""Relation"": {""Type"": ""SUBSTRATE"", ""Name"": ""SUBSTRATE""}, ""DirectedEntity"": {""Type"": ""GENE-N"", ""Name"": ""hyaluronan synthase""}}, {""DirectionalEntity"": {""Type"": ""CHEMICAL"", ""Name"": ""N-acetylglucosamine""}, ""Relation"": {""Type"": ""SUBSTRATE"", ""Name"": ""SUBSTRATE""}, ""DirectedEntity"": {""Type"": ""GENE-N"", ""Name"": ""Has1-3""}}, {""DirectionalEntity"": {""Type"": ""CHEMICAL"", ""Name"": ""UDP""}, ""Relation"": {""Type"": ""SUBSTRATE"", ""Name"": ""SUBSTRATE""}, ""DirectedEntity"": {""Type"": ""GENE-N"", ""Name"": ""hyaluronan synthase""}}, {""DirectionalEntity"": {""Type"": ""CHEMICAL"", ""Name"": ""UDP""}, ""Relation"": {""Type"": ""SUBSTRATE"", ""Name"": ""SUBSTRATE""}, ""DirectedEntity"": {""Type"": ""GENE-N"", ""Name"": ""Has1-3""}}, {""DirectionalEntity"": {""Type"": ""CHEMICAL"", ""Name"": ""glucuronic acid""}, ""Relation"": {""Type"": ""SUBSTRATE"", ""Name"": ""SUBSTRATE""}, ""DirectedEntity"": {""Type"": ""GENE-N"", ""Name"": ""hyaluronan synthase""}}, {""DirectionalEntity"": {""Type"": ""CHEMICAL"", ""Name"": ""glucuronic acid""}, ""Relation"": {""Type"": ""SUBSTRATE"", ""Name"": ""SUBSTRATE""}, ""DirectedEntity"": {""Type"": ""GENE-N"", ""Name"": ""Has1-3""}}, {""DirectionalEntity"": {""Type"": ""CHEMICAL"", ""Name"": ""UDP""}, ""Relation"": {""Type"": ""SUBSTRATE"", ""Name"": ""SUBSTRATE""}, ""DirectedEntity"": {""Type"": ""GENE-Y"", ""Name"": ""HAS1""}}, {""DirectionalEntity"": {""Type"": ""CHEMICAL"", ""Name"": ""N-acetyl glucosamine""}, ""Relation"": {""Type"": ""SUBSTRATE"", ""Name"": ""SUBSTRATE""}, ""DirectedEntity"": {""Type"": ""GENE-Y"", ""Name"": ""HAS1""}}, {""DirectionalEntity"": {""Type"": ""CHEMICAL"", ""Name"": ""glucosamine""}, ""Relation"": {""Type"": ""SUBSTRATE"", ""Name"": ""SUBSTRATE""}, ""DirectedEntity"": {""Type"": ""GENE-Y"", ""Name"": ""HAS1""}}, {""DirectionalEntity"": {""Type"": ""CHEMICAL"", ""Name"": ""glucosamine""}, ""Relation"": {""Type"": ""SUBSTRATE"", ""Name"": ""SUBSTRATE""}, ""DirectedEntity"": {""Type"": ""GENE-Y"", ""Name"": ""HAS2""}}, {""DirectionalEntity"": {""Type"": ""CHEMICAL"", ""Name"": ""UDP""}, ""Relation"": {""Type"": ""SUBSTRATE"", ""Name"": ""SUBSTRATE""}, ""DirectedEntity"": {""Type"": ""GENE-N"", ""Name"": ""HAS""}}, {""DirectionalEntity"": {""Type"": ""CHEMICAL"", ""Name"": ""sugars""}, ""Relation"": {""Type"": ""SUBSTRATE"", ""Name"": ""SUBSTRATE""}, ""DirectedEntity"": {""Type"": ""GENE-N"", ""Name"": ""HAS""}}, {""DirectionalEntity"": {""Type"": ""CHEMICAL"", ""Name"": ""UDP""}, ""Relation"": {""Type"": ""SUBSTRATE"", ""Name"": ""SUBSTRATE""}, ""DirectedEntity"": {""Type"": ""GENE-Y"", ""Name"": ""Has2""}}, {""DirectionalEntity"": {""Type"": ""CHEMICAL"", ""Name"": ""UDP""}, ""Relation"": {""Type"": ""SUBSTRATE"", ""Name"": ""SUBSTRATE""}, ""DirectedEntity"": {""Type"": ""GENE-Y"", ""Name"": ""Has3""}}, {""DirectionalEntity"": {""Type"": ""CHEMICAL"", ""Name"": ""sugars""}, ""Relation"": {""Type"": ""SUBSTRATE"", ""Name"": ""SUBSTRATE""}, ""DirectedEntity"": {""Type"": ""GENE-Y"", ""Name"": ""Has2""}}, {""DirectionalEntity"": {""Type"": ""CHEMICAL"", ""Name"": ""sugars""}, ""Relation"": {""Type"": ""SUBSTRATE"", ""Name"": ""SUBSTRATE""}, ""DirectedEntity"": {""Type"": ""GENE-Y"", ""Name"": ""Has3""}}, {""DirectionalEntity"": {""Type"": ""CHEMICAL"", ""Name"": ""UDP""}, ""Relation"": {""Type"": ""SUBSTRATE"", ""Name"": ""SUBSTRATE""}, ""DirectedEntity"": {""Type"": ""GENE-Y"", ""Name"": ""HAS2""}}, {""DirectionalEntity"": {""Type"": ""CHEMICAL"", ""Name"": ""sugars""}, ""Relation"": {""Type"": ""SUBSTRATE"", ""Name"": ""SUBSTRATE""}, ""DirectedEntity"": {""Type"": ""GENE-Y"", ""Name"": ""HAS2""}}, {""DirectionalEntity"": {""Type"": ""CHEMICAL"", ""Name"": ""UDP""}, ""Relation"": {""Type"": ""SUBSTRATE"", ""Name"": ""SUBSTRATE""}, ""DirectedEntity"": {""Type"": ""GENE-Y"", ""Name"": ""Has1""}}, {""DirectionalEntity"": {""Type"": ""CHEMICAL"", ""Name"": ""N-acetylhexosamines""}, ""Relation"": {""Type"": ""SUBSTRATE"", ""Name"": ""SUBSTRATE""}, ""DirectedEntity"": {""Type"": ""GENE-Y"", ""Name"": ""Has1""}}, {""DirectionalEntity"": {""Type"": ""CHEMICAL"", ""Name"": ""UDP""}, ""Relation"": {""Type"": ""SUBSTRATE"", ""Name"": ""SUBSTRATE""}, ""DirectedEntity"": {""Type"": ""GENE-Y"", ""Name"": ""Has1""}}, {""DirectionalEntity"": {""Type"": ""CHEMICAL"", ""Name"": ""glucuronic acid""}, ""Relation"": {""Type"": ""SUBSTRATE"", ""Name"": ""SUBSTRATE""}, ""DirectedEntity"": {""Type"": ""GENE-Y"", ""Name"": ""Has1""}}, {""DirectionalEntity"": {""Type"": ""CHEMICAL"", ""Name"": ""UDP""}, ""Relation"": {""Type"": ""SUBSTRATE"", ""Name"": ""SUBSTRATE""}, ""DirectedEntity"": {""Type"": ""GENE-Y"", ""Name"": ""Has1""}}, {""DirectionalEntity"": {""Type"": ""CHEMICAL"", ""Name"": ""sugars""}, ""Relation"": {""Type"": ""SUBSTRATE"", ""Name"": ""SUBSTRATE""}, ""DirectedEntity"": {""Type"": ""GENE-Y"", ""Name"": ""Has1""}}]"
"Effects of fenofibrate, a PPAR-α ligand, on the haemodynamics of glycerol-induced renal failure in rats.
The modulating effect of peroxisome proliferator-activated receptor α ligand on haemodynamic effects of phenylepherine (PE), angiotensin II (AII), endothelin 1 (ET1), acetylcholine (Ach), sodium nitroprusside (SNP) and isoproterenol (ISO) were evaluated in glycerol-induced acute kidney injury in rats. The effect of PE on fenofibrate-treated animals was a dose-dependent increase in mean arterial blood pressure (MAP). For AII and ET1, MAP was also increased for the fenofibrate group but not in a dose-dependent fashion. On the medullary blood flow (MBF), while the lower doses of PE and AII increased the perfusion unit on the fenofibrate-treated group, the higher doses decreased the perfusion unit. The ET1 increased the perfusion unit on this group but not in dose-dependent fashion. The effects of PE and AII on the cortical blood flow (CBF) of fenofibrate-treated group is similar to that of MBF for the same group but not for ET1. The effect of Ach, SNP and ISO in all the groups was the decrease in MAP. ISO caused dose-dependent increase in MBF of fenofibrate-treated group. The effect of Ach, SNP and ISO on the CBF perfusion unit was that of the increase for the fenofibrate-treated group. The study showed that fenofibrate did not attenuate increased blood pressure induced by PE, AII and ET1 but caused enhanced vasodilation by Ach, SNP and ISO.","[""Relation-DIRECT-REGULATOR"", ""DirectedEntity-GENE-Y"", ""Relation-INDIRECT-UPREGULATOR"", ""DirectionalEntity-CHEMICAL""]","[{""DirectionalEntity"": {""Type"": ""CHEMICAL"", ""Name"": ""fenofibrate""}, ""Relation"": {""Type"": ""DIRECT-REGULATOR"", ""Name"": ""DIRECT-REGULATOR""}, ""DirectedEntity"": {""Type"": ""GENE-Y"", ""Name"": ""PPAR-α""}}, {""DirectionalEntity"": {""Type"": ""CHEMICAL"", ""Name"": ""fenofibrate""}, ""Relation"": {""Type"": ""INDIRECT-UPREGULATOR"", ""Name"": ""INDIRECT-UPREGULATOR""}, ""DirectedEntity"": {""Type"": ""GENE-Y"", ""Name"": ""AII""}}, {""DirectionalEntity"": {""Type"": ""CHEMICAL"", ""Name"": ""fenofibrate""}, ""Relation"": {""Type"": ""INDIRECT-UPREGULATOR"", ""Name"": ""INDIRECT-UPREGULATOR""}, ""DirectedEntity"": {""Type"": ""GENE-Y"", ""Name"": ""ET1""}}]"
"Static Laue diffraction studies on acetylcholinesterase.
Acetylcholinesterase (AChE) is one of nature's fastest enzymes, despite the fact that its three-dimensional structure reveals its active site to be deeply sequestered within the molecule. This raises questions with respect to traffic of substrate to, and products from, the active site, which may be investigated by time-resolved crystallography. In order to address one aspect of the feasibility of performing time-resolved studies on AChE, a data set has been collected using the Laue technique on a trigonal crystal of Torpedo californica AChE soaked with the reversible inhibitor edrophonium, using a total X-ray exposure time of 24 ms. Electron-density maps obtained from the Laue data, which are of surprisingly good quality compared with similar maps from monochromatic data, show essentially the same features. They clearly reveal the bound ligand, as well as a structural change in the conformation of the active-site Ser200 induced upon binding.","[""Relation-INHIBITOR"", ""DirectedEntity-GENE-Y"", ""DirectionalEntity-CHEMICAL""]","[{""DirectionalEntity"": {""Type"": ""CHEMICAL"", ""Name"": ""edrophonium""}, ""Relation"": {""Type"": ""INHIBITOR"", ""Name"": ""INHIBITOR""}, ""DirectedEntity"": {""Type"": ""GENE-Y"", ""Name"": ""Torpedo californica AChE""}}]"
"Expression and selective inhibition of the constitutive and inducible forms of human cyclo-oxygenase.
The enzyme cyclo-oxygenase catalyses the oxygenation of arachidonic acid, leading to the formation of prostaglandins. Recently two forms of cyclo-oxygenase have been described: a constitutive (COX-1) enzyme present in most cells and tissues, and an inducible (COX-2) isoenzyme observed in many cells in response to pro-inflammatory cytokines. Constitutive and inducible forms of human cyclo-oxygenase (hCOX-1 and hCOX-2) were cloned and expressed in insect cells, utilizing a baculovirus expression system. hCOX-1 had a specific activity of 18.8 mumol of O2/mg with a Km of 13.8 microM for arachidonate and Vmax. of 1500 nmol of O2/nmol of enzyme, whereas hCOX-2 had a specific activity of 12.2 mumol of O2/mg with a Km of 8.7 microM for arachidonate and a Vmax. of 1090 nmol of O2/nmol of enzyme. Indomethacin inhibited both hCOX-1 and hCOX-2, whereas NS-398 and Dup-697 selectively inhibited hCOX-2. Both NS-398 and Dup-697 exhibited time-dependent inactivation of hCOX-2, as did indomethacin on both enzymes. The competitive inhibitor of hCOX-1, mefenamic acid, also displayed competitive inhibition of hCOX-2. These results demonstrate the ability to generate selective non-steroidal anti-inflammatory drugs (NSAIDs), which could provide useful improvement therapeutically in the treatment of chronic inflammatory disease.","[""Relation-INHIBITOR"", ""DirectedEntity-GENE-N"", ""DirectionalEntity-CHEMICAL"", ""Relation-SUBSTRATE"", ""Relation-PRODUCT-OF"", ""DirectedEntity-GENE-Y""]","[{""DirectionalEntity"": {""Type"": ""CHEMICAL"", ""Name"": ""arachidonic acid""}, ""Relation"": {""Type"": ""SUBSTRATE"", ""Name"": ""SUBSTRATE""}, ""DirectedEntity"": {""Type"": ""GENE-N"", ""Name"": ""cyclo-oxygenase""}}, {""DirectionalEntity"": {""Type"": ""CHEMICAL"", ""Name"": ""prostaglandins""}, ""Relation"": {""Type"": ""PRODUCT-OF"", ""Name"": ""PRODUCT-OF""}, ""DirectedEntity"": {""Type"": ""GENE-N"", ""Name"": ""cyclo-oxygenase""}}, {""DirectionalEntity"": {""Type"": ""CHEMICAL"", ""Name"": ""arachidonate""}, ""Relation"": {""Type"": ""SUBSTRATE"", ""Name"": ""SUBSTRATE""}, ""DirectedEntity"": {""Type"": ""GENE-Y"", ""Name"": ""hCOX-1""}}, {""DirectionalEntity"": {""Type"": ""CHEMICAL"", ""Name"": ""arachidonate""}, ""Relation"": {""Type"": ""SUBSTRATE"", ""Name"": ""SUBSTRATE""}, ""DirectedEntity"": {""Type"": ""GENE-Y"", ""Name"": ""hCOX-2""}}, {""DirectionalEntity"": {""Type"": ""CHEMICAL"", ""Name"": ""Indomethacin""}, ""Relation"": {""Type"": ""INHIBITOR"", ""Name"": ""INHIBITOR""}, ""DirectedEntity"": {""Type"": ""GENE-Y"", ""Name"": ""hCOX-1""}}, {""DirectionalEntity"": {""Type"": ""CHEMICAL"", ""Name"": ""Indomethacin""}, ""Relation"": {""Type"": ""INHIBITOR"", ""Name"": ""INHIBITOR""}, ""DirectedEntity"": {""Type"": ""GENE-Y"", ""Name"": ""hCOX-2""}}, {""DirectionalEntity"": {""Type"": ""CHEMICAL"", ""Name"": ""NS-398""}, ""Relation"": {""Type"": ""INHIBITOR"", ""Name"": ""INHIBITOR""}, ""DirectedEntity"": {""Type"": ""GENE-Y"", ""Name"": ""hCOX-2""}}, {""DirectionalEntity"": {""Type"": ""CHEMICAL"", ""Name"": ""Dup-697""}, ""Relation"": {""Type"": ""INHIBITOR"", ""Name"": ""INHIBITOR""}, ""DirectedEntity"": {""Type"": ""GENE-Y"", ""Name"": ""hCOX-2""}}, {""DirectionalEntity"": {""Type"": ""CHEMICAL"", ""Name"": ""NS-398""}, ""Relation"": {""Type"": ""INHIBITOR"", ""Name"": ""INHIBITOR""}, ""DirectedEntity"": {""Type"": ""GENE-Y"", ""Name"": ""hCOX-2""}}, {""DirectionalEntity"": {""Type"": ""CHEMICAL"", ""Name"": ""Dup-697""}, ""Relation"": {""Type"": ""INHIBITOR"", ""Name"": ""INHIBITOR""}, ""DirectedEntity"": {""Type"": ""GENE-Y"", ""Name"": ""hCOX-2""}}, {""DirectionalEntity"": {""Type"": ""CHEMICAL"", ""Name"": ""indomethacin""}, ""Relation"": {""Type"": ""INHIBITOR"", ""Name"": ""INHIBITOR""}, ""DirectedEntity"": {""Type"": ""GENE-Y"", ""Name"": ""hCOX-2""}}, {""DirectionalEntity"": {""Type"": ""CHEMICAL"", ""Name"": ""mefenamic acid""}, ""Relation"": {""Type"": ""INHIBITOR"", ""Name"": ""INHIBITOR""}, ""DirectedEntity"": {""Type"": ""GENE-Y"", ""Name"": ""hCOX-1""}}, {""DirectionalEntity"": {""Type"": ""CHEMICAL"", ""Name"": ""mefenamic acid""}, ""Relation"": {""Type"": ""INHIBITOR"", ""Name"": ""INHIBITOR""}, ""DirectedEntity"": {""Type"": ""GENE-Y"", ""Name"": ""hCOX-2""}}]"
"Pre- and postsynaptic mechanisms in the clonidine- and oxymetazoline-induced inhibition of gastric motility in the rat.
The inhibitory effect of clonidine (non-selective alpha2-adrenoceptor agonist) and oxymetazoline (alpha2A-adrenoceptor selective agonist) was compared on basal and stimulated gastric motor activity (gastric tone and contractions) using the balloon method in the rat. It was shown that oxymetazoline (0.2-1.7 micromol/kg, i.v.) decreased the basal motility, while clonidine (1.9-3.8 micromol/kg, i.v.) failed to affect it. When motility was stimulated centrally by insulin (5 IU/rat, i.v.), both clonidine (1.9-3.8 micromol/kg, i.v.) and oxymetazoline (0.1-3.4 micromol/kg, i.v.) inhibited the gastric motor activity. However, while the effect of clonidine was antagonized by the non-selective alpha2-adrenoceptor antagonist yohimbine (5 micromol/kg, i.v.) and the alpha2A-adrenoceptor selective antagonist BRL 44408 (3 micromol/kg, i.v.), the effect of oxymetazoline was only partially affected. Prazosin (alpha1- and alpha2B-adrenoceptor antagonist, 0.07-0.28 micromol/kg, i.v.) also failed to reverse the effect of oxymetazoline. Furthermore, when gastric motility was stimulated peripherally by activation of postsynaptic cholinergic muscarinic receptors by the combination of carbachol (0.14 micromol/kg, i.v.) and hexamethonium (37 micromol/kg, i.v.), clonidine (3.8 micromol/kg, i.v.) failed to affect the increased motor activity, however, oxymetazoline (0.8-3.4 micromol/kg, i.v.) exerted a pronounced inhibition. These results suggest that different mechanisms may be involved in the inhibitory effect of clonidine and oxymetazoline; while clonidine reduces the gastric motility by activation of presynaptic alpha2-adrenoceptors, postsynaptic component in the effect of oxymetazoline has also been raised.","[""DirectedEntity-GENE-N"", ""Relation-AGONIST"", ""DirectionalEntity-CHEMICAL"", ""Relation-ACTIVATOR"", ""Relation-ANTAGONIST"", ""Relation-INHIBITOR"", ""DirectedEntity-GENE-Y""]","[{""DirectionalEntity"": {""Type"": ""CHEMICAL"", ""Name"": ""clonidine""}, ""Relation"": {""Type"": ""AGONIST"", ""Name"": ""AGONIST""}, ""DirectedEntity"": {""Type"": ""GENE-N"", ""Name"": ""alpha2-adrenoceptor""}}, {""DirectionalEntity"": {""Type"": ""CHEMICAL"", ""Name"": ""oxymetazoline""}, ""Relation"": {""Type"": ""AGONIST"", ""Name"": ""AGONIST""}, ""DirectedEntity"": {""Type"": ""GENE-Y"", ""Name"": ""alpha2A-adrenoceptor""}}, {""DirectionalEntity"": {""Type"": ""CHEMICAL"", ""Name"": ""yohimbine""}, ""Relation"": {""Type"": ""ANTAGONIST"", ""Name"": ""ANTAGONIST""}, ""DirectedEntity"": {""Type"": ""GENE-N"", ""Name"": ""alpha2-adrenoceptor""}}, {""DirectionalEntity"": {""Type"": ""CHEMICAL"", ""Name"": ""clonidine""}, ""Relation"": {""Type"": ""AGONIST"", ""Name"": ""AGONIST""}, ""DirectedEntity"": {""Type"": ""GENE-N"", ""Name"": ""alpha2-adrenoceptor""}}, {""DirectionalEntity"": {""Type"": ""CHEMICAL"", ""Name"": ""BRL 44408""}, ""Relation"": {""Type"": ""ANTAGONIST"", ""Name"": ""ANTAGONIST""}, ""DirectedEntity"": {""Type"": ""GENE-Y"", ""Name"": ""alpha2A-adrenoceptor""}}, {""DirectionalEntity"": {""Type"": ""CHEMICAL"", ""Name"": ""oxymetazoline""}, ""Relation"": {""Type"": ""AGONIST"", ""Name"": ""AGONIST""}, ""DirectedEntity"": {""Type"": ""GENE-Y"", ""Name"": ""alpha2A-adrenoceptor""}}, {""DirectionalEntity"": {""Type"": ""CHEMICAL"", ""Name"": ""clonidine""}, ""Relation"": {""Type"": ""ACTIVATOR"", ""Name"": ""ACTIVATOR""}, ""DirectedEntity"": {""Type"": ""GENE-N"", ""Name"": ""alpha2-adrenoceptors""}}, {""DirectionalEntity"": {""Type"": ""CHEMICAL"", ""Name"": ""oxymetazoline""}, ""Relation"": {""Type"": ""AGONIST"", ""Name"": ""AGONIST""}, ""DirectedEntity"": {""Type"": ""GENE-N"", ""Name"": ""alpha2-adrenoceptors""}}, {""DirectionalEntity"": {""Type"": ""CHEMICAL"", ""Name"": ""carbachol""}, ""Relation"": {""Type"": ""ACTIVATOR"", ""Name"": ""ACTIVATOR""}, ""DirectedEntity"": {""Type"": ""GENE-N"", ""Name"": ""muscarinic receptors""}}, {""DirectionalEntity"": {""Type"": ""CHEMICAL"", ""Name"": ""hexamethonium""}, ""Relation"": {""Type"": ""ACTIVATOR"", ""Name"": ""ACTIVATOR""}, ""DirectedEntity"": {""Type"": ""GENE-N"", ""Name"": ""muscarinic receptors""}}, {""DirectionalEntity"": {""Type"": ""CHEMICAL"", ""Name"": ""oxymetazoline""}, ""Relation"": {""Type"": ""INHIBITOR"", ""Name"": ""INHIBITOR""}, ""DirectedEntity"": {""Type"": ""GENE-N"", ""Name"": ""muscarinic receptors""}}]"
"Betaxolol, a beta(1)-adrenoceptor antagonist, reduces Na(+) influx into cortical synaptosomes by direct interaction with Na(+) channels: comparison with other beta-adrenoceptor antagonists.
Betaxolol, a beta(1)-adrenoceptor antagonist used for the treatment of glaucoma, is known to be neuroprotective in paradigms of ischaemia/excitotoxicity. In this study, we examined whether betaxolol and other beta-adrenoceptor antagonists interact directly with neurotoxin binding to sites 1 and 2 of the voltage-sensitive sodium channel (Na(+) channel) in rat cerebrocortical synaptosomes. Betaxolol inhibited specific [(3)H]-batrachotoxinin-A 20-alpha-benzoate ([(3)H]-BTX-B) binding to neurotoxin site 2 in a concentration-dependent manner with an IC(50) value of 9.8 microM. Comparison of all the beta-adrenoceptor antagonists tested revealed a potency order of propranolol>betaxolol approximately levobetaxolol>levobunolol approximately carteolol>/=timolol>atenolol. None of the drugs caused a significant inhibition of [(3)H]-saxitoxin binding to neurotoxin receptor site 1, even at concentrations as high as 250 microM. Saturation experiments showed that betaxolol increased the K(D) of [(3)H]-BTX-B binding but had no effect on the B(max). The association kinetics of [(3)H]-BTX-B were unaffected by betaxolol, but the drug significantly accelerated the dissociation rate of the radioligand. These findings argue for a competitive, indirect, allosteric mode of inhibition of [(3)H]-BTX-B binding by betaxolol. Betaxolol inhibited veratridine-stimulated Na(+) influx in rat cortical synaptosomes with an IC(50) value of 28. 3 microM. Carteolol, levobunolol, timolol and atenolol were significantly less effective than betaxolol at reducing veratridine-evoked Na(+) influx. The ability of betaxolol to interact with neurotoxin site 2 of the Na(+) channel and inhibit Na(+) influx may have a role in its neuroprotective action in paradigms of excitotoxicity/ischaemia and in its therapeutic effect in glaucoma.","[""Relation-DIRECT-REGULATOR"", ""DirectedEntity-GENE-N"", ""DirectionalEntity-CHEMICAL"", ""Relation-ANTAGONIST"", ""DirectedEntity-GENE-Y""]","[{""DirectionalEntity"": {""Type"": ""CHEMICAL"", ""Name"": ""Betaxolol""}, ""Relation"": {""Type"": ""ANTAGONIST"", ""Name"": ""ANTAGONIST""}, ""DirectedEntity"": {""Type"": ""GENE-Y"", ""Name"": ""beta(1)-adrenoceptor""}}, {""DirectionalEntity"": {""Type"": ""CHEMICAL"", ""Name"": ""Betaxolol""}, ""Relation"": {""Type"": ""DIRECT-REGULATOR"", ""Name"": ""DIRECT-REGULATOR""}, ""DirectedEntity"": {""Type"": ""GENE-N"", ""Name"": ""Na(+) channels""}}, {""DirectionalEntity"": {""Type"": ""CHEMICAL"", ""Name"": ""Betaxolol""}, ""Relation"": {""Type"": ""ANTAGONIST"", ""Name"": ""ANTAGONIST""}, ""DirectedEntity"": {""Type"": ""GENE-Y"", ""Name"": ""beta(1)-adrenoceptor""}}, {""DirectionalEntity"": {""Type"": ""CHEMICAL"", ""Name"": ""Betaxolol""}, ""Relation"": {""Type"": ""DIRECT-REGULATOR"", ""Name"": ""DIRECT-REGULATOR""}, ""DirectedEntity"": {""Type"": ""GENE-N"", ""Name"": ""neurotoxin site 2""}}, {""DirectionalEntity"": {""Type"": ""CHEMICAL"", ""Name"": ""[(3)H]-BTX-B""}, ""Relation"": {""Type"": ""DIRECT-REGULATOR"", ""Name"": ""DIRECT-REGULATOR""}, ""DirectedEntity"": {""Type"": ""GENE-N"", ""Name"": ""neurotoxin site 2""}}, {""DirectionalEntity"": {""Type"": ""CHEMICAL"", ""Name"": ""[(3)H]-saxitoxin""}, ""Relation"": {""Type"": ""DIRECT-REGULATOR"", ""Name"": ""DIRECT-REGULATOR""}, ""DirectedEntity"": {""Type"": ""GENE-N"", ""Name"": ""neurotoxin receptor site 1""}}, {""DirectionalEntity"": {""Type"": ""CHEMICAL"", ""Name"": ""betaxolol""}, ""Relation"": {""Type"": ""DIRECT-REGULATOR"", ""Name"": ""DIRECT-REGULATOR""}, ""DirectedEntity"": {""Type"": ""GENE-N"", ""Name"": ""Na(+) channel""}}, {""DirectionalEntity"": {""Type"": ""CHEMICAL"", ""Name"": ""propranolol""}, ""Relation"": {""Type"": ""ANTAGONIST"", ""Name"": ""ANTAGONIST""}, ""DirectedEntity"": {""Type"": ""GENE-N"", ""Name"": ""beta-adrenoceptor""}}, {""DirectionalEntity"": {""Type"": ""CHEMICAL"", ""Name"": ""betaxolol""}, ""Relation"": {""Type"": ""ANTAGONIST"", ""Name"": ""ANTAGONIST""}, ""DirectedEntity"": {""Type"": ""GENE-N"", ""Name"": ""beta-adrenoceptor""}}, {""DirectionalEntity"": {""Type"": ""CHEMICAL"", ""Name"": ""levobetaxolol""}, ""Relation"": {""Type"": ""ANTAGONIST"", ""Name"": ""ANTAGONIST""}, ""DirectedEntity"": {""Type"": ""GENE-N"", ""Name"": ""beta-adrenoceptor""}}, {""DirectionalEntity"": {""Type"": ""CHEMICAL"", ""Name"": ""levobunolol""}, ""Relation"": {""Type"": ""ANTAGONIST"", ""Name"": ""ANTAGONIST""}, ""DirectedEntity"": {""Type"": ""GENE-N"", ""Name"": ""beta-adrenoceptor""}}, {""DirectionalEntity"": {""Type"": ""CHEMICAL"", ""Name"": ""carteolol""}, ""Relation"": {""Type"": ""ANTAGONIST"", ""Name"": ""ANTAGONIST""}, ""DirectedEntity"": {""Type"": ""GENE-N"", ""Name"": ""beta-adrenoceptor""}}, {""DirectionalEntity"": {""Type"": ""CHEMICAL"", ""Name"": ""timolol""}, ""Relation"": {""Type"": ""ANTAGONIST"", ""Name"": ""ANTAGONIST""}, ""DirectedEntity"": {""Type"": ""GENE-N"", ""Name"": ""beta-adrenoceptor""}}, {""DirectionalEntity"": {""Type"": ""CHEMICAL"", ""Name"": ""atenolol""}, ""Relation"": {""Type"": ""ANTAGONIST"", ""Name"": ""ANTAGONIST""}, ""DirectedEntity"": {""Type"": ""GENE-N"", ""Name"": ""beta-adrenoceptor""}}]"
"Discovery of 7-methoxy-6-[4-(4-methyl-1,3-thiazol-2-yl)-1H-imidazol-5-yl]-1,3-benzothiazole (TASP0382088): a potent and selective transforming growth factor-β type I receptor inhibitor as a topical drug for alopecia.
7-Methoxy-6-[4-(4-methyl-1,3-thiazol-2-yl)-1H-imidazol-5-yl]-1,3-benzothiazole 11 (TASP0382088) was synthesized and evaluated as transforming growth factor-β (TGF-β) type I receptor (also known as activin receptor-like kinase 5 or ALK5) inhibitor. Compound 11, a potent and selective ALK5 inhibitor, exhibited good enzyme inhibitory activity (IC50=4.8 nM) as well as inhibitory activity against TGF-β-induced Smad2/3 phosphorylation at a cellular level (IC50=17 nM). The introduction of a methoxy group to the benzothiazole ring in 1 and the break up of the planarity between the imidazole ring and the thiazole ring improved the solubility in the lotion base of 11. Furthermore, the topical application of 3% 11 lotion significantly inhibited Smad2 phosphorylation in mouse skin at 8 h after application (71% inhibition, compared with vehicle-treated animals).","[""Relation-INHIBITOR"", ""DirectedEntity-GENE-Y"", ""DirectionalEntity-CHEMICAL""]","[{""DirectionalEntity"": {""Type"": ""CHEMICAL"", ""Name"": ""7-methoxy-6-[4-(4-methyl-1,3-thiazol-2-yl)-1H-imidazol-5-yl]-1,3-benzothiazole""}, ""Relation"": {""Type"": ""INHIBITOR"", ""Name"": ""INHIBITOR""}, ""DirectedEntity"": {""Type"": ""GENE-Y"", ""Name"": ""transforming growth factor-β type I receptor""}}, {""DirectionalEntity"": {""Type"": ""CHEMICAL"", ""Name"": ""TASP0382088""}, ""Relation"": {""Type"": ""INHIBITOR"", ""Name"": ""INHIBITOR""}, ""DirectedEntity"": {""Type"": ""GENE-Y"", ""Name"": ""transforming growth factor-β type I receptor""}}, {""DirectionalEntity"": {""Type"": ""CHEMICAL"", ""Name"": ""7-Methoxy-6-[4-(4-methyl-1,3-thiazol-2-yl)-1H-imidazol-5-yl]-1,3-benzothiazole""}, ""Relation"": {""Type"": ""INHIBITOR"", ""Name"": ""INHIBITOR""}, ""DirectedEntity"": {""Type"": ""GENE-Y"", ""Name"": ""transforming growth factor-β (TGF-β) type I receptor""}}, {""DirectionalEntity"": {""Type"": ""CHEMICAL"", ""Name"": ""TASP0382088""}, ""Relation"": {""Type"": ""INHIBITOR"", ""Name"": ""INHIBITOR""}, ""DirectedEntity"": {""Type"": ""GENE-Y"", ""Name"": ""transforming growth factor-β (TGF-β) type I receptor""}}, {""DirectionalEntity"": {""Type"": ""CHEMICAL"", ""Name"": ""7-Methoxy-6-[4-(4-methyl-1,3-thiazol-2-yl)-1H-imidazol-5-yl]-1,3-benzothiazole""}, ""Relation"": {""Type"": ""INHIBITOR"", ""Name"": ""INHIBITOR""}, ""DirectedEntity"": {""Type"": ""GENE-Y"", ""Name"": ""activin receptor-like kinase 5""}}, {""DirectionalEntity"": {""Type"": ""CHEMICAL"", ""Name"": ""7-Methoxy-6-[4-(4-methyl-1,3-thiazol-2-yl)-1H-imidazol-5-yl]-1,3-benzothiazole""}, ""Relation"": {""Type"": ""INHIBITOR"", ""Name"": ""INHIBITOR""}, ""DirectedEntity"": {""Type"": ""GENE-Y"", ""Name"": ""ALK5""}}, {""DirectionalEntity"": {""Type"": ""CHEMICAL"", ""Name"": ""TASP0382088""}, ""Relation"": {""Type"": ""INHIBITOR"", ""Name"": ""INHIBITOR""}, ""DirectedEntity"": {""Type"": ""GENE-Y"", ""Name"": ""activin receptor-like kinase 5""}}, {""DirectionalEntity"": {""Type"": ""CHEMICAL"", ""Name"": ""TASP0382088""}, ""Relation"": {""Type"": ""INHIBITOR"", ""Name"": ""INHIBITOR""}, ""DirectedEntity"": {""Type"": ""GENE-Y"", ""Name"": ""ALK5""}}]"
"2,3,7,8-Tetrachlorodibenzo-p-dioxin-mediated production of reactive oxygen species is an essential step in the mechanism of action to accelerate human keratinocyte differentiation.
Chloracne is commonly observed in humans exposed to 2,3,7,8-tetrachlorodibenzo-p-dioxin (TCDD); yet, the mechanism of toxicity is not well understood. Using normal human epidermal keratinocytes, we investigated the mechanism of TCDD-mediated enhancement of epidermal differentiation by integrating functional genomic, metabolomic, and biochemical analyses. TCDD increased the expression of 40% of the genes of the epidermal differentiation complex found on chromosome 1q21 and 75% of the genes required for de novo ceramide biosynthesis. Lipid analysis demonstrated that eight of the nine classes of ceramides were increased by TCDD, altering the ratio of ceramides to free fatty acids. TCDD decreased the expression of the glucose transporter, SLC2A1, and most of the glycolytic transcripts, followed by decreases in glycolytic intermediates, including pyruvate. NADH and Krebs cycle intermediates were decreased, whereas NAD(+) was increased. Mitochondrial glutathione (GSH) reductase activity and the GSH/glutathione disulfide ratio were decreased by TCDD, ultimately leading to mitochondrial dysfunction, characterized by decreased inner mitochondrial membrane potential and ATP production, and increased production of the reactive oxygen species (ROS), hydrogen peroxide. Aryl hydrocarbon receptor (AHR) antagonists blocked the response of many transcripts to TCDD, and the endpoints of decreased ATP production and differentiation, suggesting regulation by the AHR. Cotreatment of cells with chemical antioxidants or the enzyme catalase blocked the TCDD-mediated acceleration of keratinocyte cornified envelope formation, an endpoint of terminal differentiation. Thus, TCDD-mediated ROS production is a critical step in the mechanism of this chemical to accelerate keratinocyte differentiation.","[""DirectedEntity-GENE-N"", ""DirectionalEntity-CHEMICAL"", ""Relation-INDIRECT-DOWNREGULATOR"", ""Relation-INHIBITOR"", ""DirectedEntity-GENE-Y""]","[{""DirectionalEntity"": {""Type"": ""CHEMICAL"", ""Name"": ""TCDD""}, ""Relation"": {""Type"": ""INDIRECT-DOWNREGULATOR"", ""Name"": ""INDIRECT-DOWNREGULATOR""}, ""DirectedEntity"": {""Type"": ""GENE-N"", ""Name"": ""glucose transporter""}}, {""DirectionalEntity"": {""Type"": ""CHEMICAL"", ""Name"": ""TCDD""}, ""Relation"": {""Type"": ""INDIRECT-DOWNREGULATOR"", ""Name"": ""INDIRECT-DOWNREGULATOR""}, ""DirectedEntity"": {""Type"": ""GENE-Y"", ""Name"": ""SLC2A1""}}, {""DirectionalEntity"": {""Type"": ""CHEMICAL"", ""Name"": ""TCDD""}, ""Relation"": {""Type"": ""INHIBITOR"", ""Name"": ""INHIBITOR""}, ""DirectedEntity"": {""Type"": ""GENE-N"", ""Name"": ""glutathione (GSH) reductase""}}]"
"A fluorescence resonance energy transfer-based M2 muscarinic receptor sensor reveals rapid kinetics of allosteric modulation.
Allosteric modulators have been identified for several G protein-coupled receptors, most notably muscarinic receptors. To study their mechanism of action, we made use of a recently developed technique to generate fluorescence resonance energy transfer (FRET)-based sensors to monitor G protein-coupled receptor activation. Cyan fluorescent protein was fused to the C terminus of the M(2) muscarinic receptor, and a specific binding sequence for the small fluorescent compound fluorescein arsenical hairpin binder, FlAsH, was inserted into the third intracellular loop; the latter site was labeled in intact cells by incubation with FlAsH. We then measured FRET between the donor cyan fluorescent protein and the acceptor FlAsH in intact cells and monitored its changes in real time. Agonists such as acetylcholine and carbachol induced rapid changes in FRET, indicative of agonist-induced conformational changes. Removal of the agonists or addition of an antagonist caused a reversal of this signal with rate constants between 400 and 1100 ms. The allosteric ligands gallamine and dimethyl-W84 caused no changes in FRET when given alone, but increased FRET when given in the presence of an agonist, compatible with an inactivation of the receptors. The kinetics of these effects were very rapid, with rate constants of 80-100 ms and approximately 200 ms for saturating concentrations of gallamine and dimethyl-W84, respectively. Because these speeds are significantly faster than the responses to antagonists, these data indicate that gallamine and dimethyl-W84 are allosteric ligands and actively induce a conformation of the M(2) receptor with a reduced affinity for its agonists.","[""Relation-DIRECT-REGULATOR"", ""DirectedEntity-GENE-Y"", ""Relation-PART-OF"", ""DirectionalEntity-CHEMICAL""]","[{""DirectionalEntity"": {""Type"": ""CHEMICAL"", ""Name"": ""C""}, ""Relation"": {""Type"": ""PART-OF"", ""Name"": ""PART-OF""}, ""DirectedEntity"": {""Type"": ""GENE-Y"", ""Name"": ""M(2) muscarinic receptor""}}, {""DirectionalEntity"": {""Type"": ""CHEMICAL"", ""Name"": ""fluorescein""}, ""Relation"": {""Type"": ""DIRECT-REGULATOR"", ""Name"": ""DIRECT-REGULATOR""}, ""DirectedEntity"": {""Type"": ""GENE-Y"", ""Name"": ""M(2) muscarinic receptor""}}]"
"[3H]dofetilide binding to HERG transfected membranes: a potential high throughput preclinical screen.
The pharmacological characteristics of [3H]dofetilide binding were examined in membranes prepared from human embryonic kidney (HEK293) cells stably expressing human ether-a-go-go related gene (HERG) K+ channels. The classIII antiarrhythmic compounds dofetilide, clofilium, 4'-[[1-[2-(6-methyl-2-pyridyl)ethyl]-4-piperidyl]carbonyl]methanesulfonanilide (E-4031), N-methyl-N-[2-[methyl-(1-methyl-1H-benzimidazol-2-yl)amino]ethyl]-4-[(methylsulfo nyl)amino]benzene-sulfonamide (WAY-123,398) and d-sotalol all inhibited [3H]dofetilide binding. In addition, the structurally unrelated compounds pimozide, terfenadine and haloperidol, all of which prolong the QT interval in man, also inhibited binding. These data indicate that a [3H]dofetilide binding assay using HERG membranes may help identify compounds that prolong the QT interval.","[""Relation-DIRECT-REGULATOR"", ""DirectedEntity-GENE-Y"", ""DirectionalEntity-CHEMICAL""]","[{""DirectionalEntity"": {""Type"": ""CHEMICAL"", ""Name"": ""[3H]dofetilide""}, ""Relation"": {""Type"": ""DIRECT-REGULATOR"", ""Name"": ""DIRECT-REGULATOR""}, ""DirectedEntity"": {""Type"": ""GENE-Y"", ""Name"": ""HERG""}}, {""DirectionalEntity"": {""Type"": ""CHEMICAL"", ""Name"": ""[3H]dofetilide""}, ""Relation"": {""Type"": ""DIRECT-REGULATOR"", ""Name"": ""DIRECT-REGULATOR""}, ""DirectedEntity"": {""Type"": ""GENE-Y"", ""Name"": ""HERG""}}]"
"SOM230: a novel somatostatin peptidomimetic with broad somatotropin release inhibiting factor (SRIF) receptor binding and a unique antisecretory profile.
OBJECTIVE: The aim of the present study was to identify a small, metabolically stable somatotropin release inhibiting factor (SRIF) analog with a more universal binding profile similar to that of natural somatostatin, resulting in improved pharmacological properties and hence new therapeutic uses. DESIGN: A rational drug design approach was followed by synthesizing alanine-substituted SRIF-14 analogs to determine the importance of single amino acids in SRIF-14 for SRIF receptor subtype binding. The incorporation of structural elements of SRIF-14 in a stable cyclohexapeptide template in the form of modified unnatural amino acids resulted in the identification of the novel cyclohexapeptide SOM230. RESULTS: SOM230 binds with high affinity to SRIF receptor subtypes sst1, sst2, sst3 and sst5 and displays a 30- to 40-fold higher affinity for sst1 and sst5 than Sandostatin (octreotide; SMS 201-995) or Somatuline (BIM 23014). In vitro, SOM230 effectively inhibited the growth hormone releasing hormone (GHRH)-induced growth hormone (GH) release in primary cultures of rat pituitary cells with an IC(50) of 0.4+/-0.1 nmol/l (n=5). In vivo, SOM230 also potently suppressed GH secretion in rats. The ED(50) values determined at 1 h and 6 h post injection of SOM230 indicated its very long duration of action in vivo. This property was also reflected in pharmacokinetic studies comparing plasma levels of SMS 201-995 and SOM230 after subcutaneous application. Whereas SMS 201-995 had a terminal elimination half life of 2 h, this was markedly prolonged in SOM230-treated animals (t(1/2)=23 h). Furthermore, in rats SOM230 demonstrated a much higher efficacy in lowering plasma insulin-like growth factor-I (IGF-I) levels compared with SMS 201-995. The infusion of 10 microg/kg/h of SOM230 using subcutaneously implanted minipumps decreased plasma IGF-I levels far more effectively than SMS 201-995. After 126 days of continuous infusion of SOM230 plasma IGF-I levels were decreased by 75% of placebo-treated control animals. For comparison SMS 201-995, when used under the same experimental conditions, resulted in only a 28% reduction of plasma IGF-I levels, indicating a much higher efficacy for SOM230 in this animal model. It is important to note that the inhibitory effect of SOM230 was relatively selective for GH and IGF-I in that insulin and glucagon secretion was inhibited only at higher doses of SOM230. This lack of potent inhibition of insulin and glucagon release was also reflected in the lack of effect on plasma glucose levels. Even after high dose treatment over 126 days no obvious adverse side effects were noticed, including changes in plasma glucose levels. CONCLUSION: We have identified a novel short synthetic SRIF peptidomimetic, which exhibits high affinity binding to four of the five human SRIF receptor subtypes and has potent, long lasting inhibitory effects on GH and IGF-I release. Therefore SOM230 is a promising development candidate for effective GH and IGF-I inhibition and is currently under evaluation in phase 1 clinical trials.","[""Relation-DIRECT-REGULATOR"", ""DirectedEntity-GENE-N"", ""DirectionalEntity-CHEMICAL"", ""Relation-INDIRECT-DOWNREGULATOR"", ""Relation-PART-OF"", ""Relation-INHIBITOR"", ""DirectedEntity-GENE-Y""]","[{""DirectionalEntity"": {""Type"": ""CHEMICAL"", ""Name"": ""SOM230""}, ""Relation"": {""Type"": ""DIRECT-REGULATOR"", ""Name"": ""DIRECT-REGULATOR""}, ""DirectedEntity"": {""Type"": ""GENE-N"", ""Name"": ""somatotropin release inhibiting factor (SRIF) receptor""}}, {""DirectionalEntity"": {""Type"": ""CHEMICAL"", ""Name"": ""somatostatin""}, ""Relation"": {""Type"": ""DIRECT-REGULATOR"", ""Name"": ""DIRECT-REGULATOR""}, ""DirectedEntity"": {""Type"": ""GENE-N"", ""Name"": ""somatotropin release inhibiting factor (SRIF) receptor""}}, {""DirectionalEntity"": {""Type"": ""CHEMICAL"", ""Name"": ""somatostatin""}, ""Relation"": {""Type"": ""DIRECT-REGULATOR"", ""Name"": ""DIRECT-REGULATOR""}, ""DirectedEntity"": {""Type"": ""GENE-N"", ""Name"": ""SRIF""}}, {""DirectionalEntity"": {""Type"": ""CHEMICAL"", ""Name"": ""somatostatin""}, ""Relation"": {""Type"": ""DIRECT-REGULATOR"", ""Name"": ""DIRECT-REGULATOR""}, ""DirectedEntity"": {""Type"": ""GENE-N"", ""Name"": ""somatotropin release inhibiting factor""}}, {""DirectionalEntity"": {""Type"": ""CHEMICAL"", ""Name"": ""alanine""}, ""Relation"": {""Type"": ""PART-OF"", ""Name"": ""PART-OF""}, ""DirectedEntity"": {""Type"": ""GENE-Y"", ""Name"": ""SRIF-14""}}, {""DirectionalEntity"": {""Type"": ""CHEMICAL"", ""Name"": ""alanine""}, ""Relation"": {""Type"": ""PART-OF"", ""Name"": ""PART-OF""}, ""DirectedEntity"": {""Type"": ""GENE-Y"", ""Name"": ""SRIF-14""}}, {""DirectionalEntity"": {""Type"": ""CHEMICAL"", ""Name"": ""alanine""}, ""Relation"": {""Type"": ""PART-OF"", ""Name"": ""PART-OF""}, ""DirectedEntity"": {""Type"": ""GENE-N"", ""Name"": ""SRIF receptor""}}, {""DirectionalEntity"": {""Type"": ""CHEMICAL"", ""Name"": ""SOM230""}, ""Relation"": {""Type"": ""DIRECT-REGULATOR"", ""Name"": ""DIRECT-REGULATOR""}, ""DirectedEntity"": {""Type"": ""GENE-N"", ""Name"": ""SRIF receptor""}}, {""DirectionalEntity"": {""Type"": ""CHEMICAL"", ""Name"": ""SOM230""}, ""Relation"": {""Type"": ""DIRECT-REGULATOR"", ""Name"": ""DIRECT-REGULATOR""}, ""DirectedEntity"": {""Type"": ""GENE-N"", ""Name"": ""sst1""}}, {""DirectionalEntity"": {""Type"": ""CHEMICAL"", ""Name"": ""SOM230""}, ""Relation"": {""Type"": ""DIRECT-REGULATOR"", ""Name"": ""DIRECT-REGULATOR""}, ""DirectedEntity"": {""Type"": ""GENE-N"", ""Name"": ""sst2""}}, {""DirectionalEntity"": {""Type"": ""CHEMICAL"", ""Name"": ""SOM230""}, ""Relation"": {""Type"": ""DIRECT-REGULATOR"", ""Name"": ""DIRECT-REGULATOR""}, ""DirectedEntity"": {""Type"": ""GENE-N"", ""Name"": ""sst3""}}, {""DirectionalEntity"": {""Type"": ""CHEMICAL"", ""Name"": ""SOM230""}, ""Relation"": {""Type"": ""DIRECT-REGULATOR"", ""Name"": ""DIRECT-REGULATOR""}, ""DirectedEntity"": {""Type"": ""GENE-N"", ""Name"": ""sst5""}}, {""DirectionalEntity"": {""Type"": ""CHEMICAL"", ""Name"": ""SOM230""}, ""Relation"": {""Type"": ""DIRECT-REGULATOR"", ""Name"": ""DIRECT-REGULATOR""}, ""DirectedEntity"": {""Type"": ""GENE-N"", ""Name"": ""sst1""}}, {""DirectionalEntity"": {""Type"": ""CHEMICAL"", ""Name"": ""SOM230""}, ""Relation"": {""Type"": ""DIRECT-REGULATOR"", ""Name"": ""DIRECT-REGULATOR""}, ""DirectedEntity"": {""Type"": ""GENE-N"", ""Name"": ""sst5""}}, {""DirectionalEntity"": {""Type"": ""CHEMICAL"", ""Name"": ""SOM230""}, ""Relation"": {""Type"": ""INHIBITOR"", ""Name"": ""INHIBITOR""}, ""DirectedEntity"": {""Type"": ""GENE-Y"", ""Name"": ""growth hormone releasing hormone""}}, {""DirectionalEntity"": {""Type"": ""CHEMICAL"", ""Name"": ""SOM230""}, ""Relation"": {""Type"": ""INDIRECT-DOWNREGULATOR"", ""Name"": ""INDIRECT-DOWNREGULATOR""}, ""DirectedEntity"": {""Type"": ""GENE-Y"", ""Name"": ""growth hormone""}}, {""DirectionalEntity"": {""Type"": ""CHEMICAL"", ""Name"": ""SOM230""}, ""Relation"": {""Type"": ""INDIRECT-DOWNREGULATOR"", ""Name"": ""INDIRECT-DOWNREGULATOR""}, ""DirectedEntity"": {""Type"": ""GENE-Y"", ""Name"": ""GH""}}, {""DirectionalEntity"": {""Type"": ""CHEMICAL"", ""Name"": ""SOM230""}, ""Relation"": {""Type"": ""INHIBITOR"", ""Name"": ""INHIBITOR""}, ""DirectedEntity"": {""Type"": ""GENE-Y"", ""Name"": ""GHRH""}}, {""DirectionalEntity"": {""Type"": ""CHEMICAL"", ""Name"": ""SOM230""}, ""Relation"": {""Type"": ""INDIRECT-DOWNREGULATOR"", ""Name"": ""INDIRECT-DOWNREGULATOR""}, ""DirectedEntity"": {""Type"": ""GENE-Y"", ""Name"": ""GH""}}, {""DirectionalEntity"": {""Type"": ""CHEMICAL"", ""Name"": ""SOM230""}, ""Relation"": {""Type"": ""INDIRECT-DOWNREGULATOR"", ""Name"": ""INDIRECT-DOWNREGULATOR""}, ""DirectedEntity"": {""Type"": ""GENE-Y"", ""Name"": ""insulin-like growth factor-I""}}, {""DirectionalEntity"": {""Type"": ""CHEMICAL"", ""Name"": ""SOM230""}, ""Relation"": {""Type"": ""INDIRECT-DOWNREGULATOR"", ""Name"": ""INDIRECT-DOWNREGULATOR""}, ""DirectedEntity"": {""Type"": ""GENE-Y"", ""Name"": ""IGF-I""}}, {""DirectionalEntity"": {""Type"": ""CHEMICAL"", ""Name"": ""SOM230""}, ""Relation"": {""Type"": ""INDIRECT-DOWNREGULATOR"", ""Name"": ""INDIRECT-DOWNREGULATOR""}, ""DirectedEntity"": {""Type"": ""GENE-Y"", ""Name"": ""IGF-I""}}, {""DirectionalEntity"": {""Type"": ""CHEMICAL"", ""Name"": ""SOM230""}, ""Relation"": {""Type"": ""INDIRECT-DOWNREGULATOR"", ""Name"": ""INDIRECT-DOWNREGULATOR""}, ""DirectedEntity"": {""Type"": ""GENE-Y"", ""Name"": ""IGF-I""}}, {""DirectionalEntity"": {""Type"": ""CHEMICAL"", ""Name"": ""SOM230""}, ""Relation"": {""Type"": ""INDIRECT-DOWNREGULATOR"", ""Name"": ""INDIRECT-DOWNREGULATOR""}, ""DirectedEntity"": {""Type"": ""GENE-Y"", ""Name"": ""IGF-I""}}, {""DirectionalEntity"": {""Type"": ""CHEMICAL"", ""Name"": ""SOM230""}, ""Relation"": {""Type"": ""INHIBITOR"", ""Name"": ""INHIBITOR""}, ""DirectedEntity"": {""Type"": ""GENE-Y"", ""Name"": ""GH""}}, {""DirectionalEntity"": {""Type"": ""CHEMICAL"", ""Name"": ""SOM230""}, ""Relation"": {""Type"": ""INHIBITOR"", ""Name"": ""INHIBITOR""}, ""DirectedEntity"": {""Type"": ""GENE-Y"", ""Name"": ""IGF-I""}}, {""DirectionalEntity"": {""Type"": ""CHEMICAL"", ""Name"": ""SOM230""}, ""Relation"": {""Type"": ""INDIRECT-DOWNREGULATOR"", ""Name"": ""INDIRECT-DOWNREGULATOR""}, ""DirectedEntity"": {""Type"": ""GENE-N"", ""Name"": ""insulin""}}, {""DirectionalEntity"": {""Type"": ""CHEMICAL"", ""Name"": ""SOM230""}, ""Relation"": {""Type"": ""INDIRECT-DOWNREGULATOR"", ""Name"": ""INDIRECT-DOWNREGULATOR""}, ""DirectedEntity"": {""Type"": ""GENE-Y"", ""Name"": ""glucagon""}}, {""DirectionalEntity"": {""Type"": ""CHEMICAL"", ""Name"": ""SOM230""}, ""Relation"": {""Type"": ""INHIBITOR"", ""Name"": ""INHIBITOR""}, ""DirectedEntity"": {""Type"": ""GENE-Y"", ""Name"": ""GH""}}, {""DirectionalEntity"": {""Type"": ""CHEMICAL"", ""Name"": ""SOM230""}, ""Relation"": {""Type"": ""INHIBITOR"", ""Name"": ""INHIBITOR""}, ""DirectedEntity"": {""Type"": ""GENE-Y"", ""Name"": ""IGF-I""}}]"
"The time point of β-catenin knockout in hepatocytes determines their response to xenobiotic activation of the constitutive androstane receptor.
The constitutive androstane receptor (CAR) controls the expression of drug-metabolizing enzymes and regulates hepatocyte proliferation. Studies with transgenic mice with an early postnatal conditional hepatocyte-specific knockout of the β-catenin gene Ctnnb1 revealed that β-catenin deficiency decreases the magnitude of induction of drug-metabolizing enzymes by CAR activators, abrogates zonal differences in the hepatocytes' susceptibility to these compounds, and impacts on hepatocyte proliferation. These data, however, do not allow distinguishing between effects caused by β-catenin deficiency during postnatal liver development and acute effects of β-catenin deficiency in the adult animal at the time point of CAR activation. Therefore, CAR activation was now studied in a different mouse model allowing for the hepatocyte-specific knockout of β-catenin in adult mice. Treatment of these mice with 3mg/kg body weight of the model CAR activator 1,4-bis-[2-(3,5-dichloropyridyloxy)]benzene (TCPOBOP) confirmed previous findings related to the coordinate regulation of drug metabolism by β-catenin and CAR. More importantly, the present study clarified that the impact of β-catenin signaling on CAR-mediated enzyme induction in the liver is not merely due to developmental defects caused by a postnatal lack of β-catenin, but depends on the presence of β-catenin at the time point of xenobiotic treatment. The study also revealed interesting differences between the two mouse models: hepatic zonation of TCPOBOP-dependent induction of drug-metabolizing enzymes was restored in mice with late knockout of β-catenin, and the strong proliferative response of female mice was exclusively abolished when using animals with a late β-catenin knockout. This suggests a β-catenin-dependent postnatal priming of hepatocytes during postnatal liver development, later affecting the proliferative response of adult animals to CAR-activating xenobiotics.","[""DirectedEntity-GENE-Y"", ""Relation-ACTIVATOR"", ""DirectionalEntity-CHEMICAL""]","[{""DirectionalEntity"": {""Type"": ""CHEMICAL"", ""Name"": ""1,4-bis-[2-(3,5-dichloropyridyloxy)]benzene""}, ""Relation"": {""Type"": ""ACTIVATOR"", ""Name"": ""ACTIVATOR""}, ""DirectedEntity"": {""Type"": ""GENE-Y"", ""Name"": ""CAR""}}, {""DirectionalEntity"": {""Type"": ""CHEMICAL"", ""Name"": ""TCPOBOP""}, ""Relation"": {""Type"": ""ACTIVATOR"", ""Name"": ""ACTIVATOR""}, ""DirectedEntity"": {""Type"": ""GENE-Y"", ""Name"": ""CAR""}}]"
"Corticotropin-releasing hormone receptor type 1 and type 2 mediate differential effects on 15-hydroxy prostaglandin dehydrogenase expression in cultured human chorion trophoblasts.
Throughout gestation, the chorion laeve controls the levels of biologically active prostaglandins (PGs) by its high level of nicotinamide adenine dinucleotide-dependent 15-hydroxy PG dehydrogenase (PGDH). In this study, we investigate the effects mediated by CRH receptors on the expression of PGDH in the chorion. We found that both CRHR1 and CRHR2 were localized in cultured chorion trophoblast cells, with CRH-R1alpha, R1beta, R1c, R1e, and R1f and CRHR2beta isoforms identified in these cells. To block the actions of endogenous CRH and its related peptides, cultured chorion trophoblasts were treated with an increasing concentration of alpha-helical CRH 9-41, the nonselective CRH receptor antagonist, which resulted in decreased mRNA and protein expression as well as the activity of PGDH. To investigate the individual role of CRHR1 and CRHR2, cell cultures were treated with the specific CRHR1 antagonist antalarmin and CRHR2 antagonist astressin2B, respectively. The results showed that antalarmin increased whereas astressin2B decreased mRNA and protein expression as well as the activity of PGDH in chorion cells. When the cells were treated with an exclusive CRHR2 agonist, urocortin II, elevated expression and activity of PGDH was exhibited. However, cells treated with either exogenous CRH or urocortin I showed significantly increased PGDH expression, and these effects could be blocked by astressin2B but not by antalarmin. We suggest that, in chorion trophoblast cells, CRHR1 and CRHR2 mediate divergent effects on PGDH expression, and this may provide a precise regulation of PGs levels from chorion to myometrium during pregnancy.","[""DirectionalEntity-CHEMICAL"", ""Relation-ACTIVATOR"", ""Relation-SUBSTRATE"", ""Relation-ANTAGONIST"", ""DirectedEntity-GENE-Y"", ""Relation-INDIRECT-UPREGULATOR""]","[{""DirectionalEntity"": {""Type"": ""CHEMICAL"", ""Name"": ""antalarmin""}, ""Relation"": {""Type"": ""ANTAGONIST"", ""Name"": ""ANTAGONIST""}, ""DirectedEntity"": {""Type"": ""GENE-Y"", ""Name"": ""CRHR1""}}, {""DirectionalEntity"": {""Type"": ""CHEMICAL"", ""Name"": ""antalarmin""}, ""Relation"": {""Type"": ""INDIRECT-UPREGULATOR"", ""Name"": ""INDIRECT-UPREGULATOR""}, ""DirectedEntity"": {""Type"": ""GENE-Y"", ""Name"": ""PGDH""}}, {""DirectionalEntity"": {""Type"": ""CHEMICAL"", ""Name"": ""antalarmin""}, ""Relation"": {""Type"": ""ACTIVATOR"", ""Name"": ""ACTIVATOR""}, ""DirectedEntity"": {""Type"": ""GENE-Y"", ""Name"": ""PGDH""}}, {""DirectionalEntity"": {""Type"": ""CHEMICAL"", ""Name"": ""prostaglandins""}, ""Relation"": {""Type"": ""SUBSTRATE"", ""Name"": ""SUBSTRATE""}, ""DirectedEntity"": {""Type"": ""GENE-Y"", ""Name"": ""nicotinamide adenine dinucleotide-dependent 15-hydroxy PG dehydrogenase""}}, {""DirectionalEntity"": {""Type"": ""CHEMICAL"", ""Name"": ""PGs""}, ""Relation"": {""Type"": ""SUBSTRATE"", ""Name"": ""SUBSTRATE""}, ""DirectedEntity"": {""Type"": ""GENE-Y"", ""Name"": ""nicotinamide adenine dinucleotide-dependent 15-hydroxy PG dehydrogenase""}}, {""DirectionalEntity"": {""Type"": ""CHEMICAL"", ""Name"": ""prostaglandins""}, ""Relation"": {""Type"": ""SUBSTRATE"", ""Name"": ""SUBSTRATE""}, ""DirectedEntity"": {""Type"": ""GENE-Y"", ""Name"": ""PGDH""}}, {""DirectionalEntity"": {""Type"": ""CHEMICAL"", ""Name"": ""PGs""}, ""Relation"": {""Type"": ""SUBSTRATE"", ""Name"": ""SUBSTRATE""}, ""DirectedEntity"": {""Type"": ""GENE-Y"", ""Name"": ""PGDH""}}, {""DirectionalEntity"": {""Type"": ""CHEMICAL"", ""Name"": ""PGs""}, ""Relation"": {""Type"": ""SUBSTRATE"", ""Name"": ""SUBSTRATE""}, ""DirectedEntity"": {""Type"": ""GENE-Y"", ""Name"": ""PGDH""}}]"
"A novel reproductive peptide, phoenixin.
Normal anterior pituitary function is essential for fertility. Release from the gland of the reproductive hormones luteinising hormone and follicle-stimulating hormone is regulated primarily by hypothalamically-derived gonadotrophin-releasing hormone (GnRH), although other releasing factors (RF) have been postulated to exist. Using a bioinformatic approach, we have identified a novel peptide, phoenixin, that regulates pituitary gonadotrophin secretion by modulating the expression of the GnRH receptor, an action with physiologically relevant consequences. Compromise of phoenixin in vivo using small interfering RNA resulted in the delayed appearance of oestrus and a reduction in GnRH receptor expression in the pituitary. Phoenixin may represent a new class of hypothalamically-derived pituitary priming factors that sensitise the pituitary to the action of other RFs, rather than directly stimulating the fusion of secretary vesicles to pituitary membranes.","[""DirectedEntity-GENE-N"", ""DirectionalEntity-CHEMICAL"", ""Relation-INDIRECT-DOWNREGULATOR"", ""DirectedEntity-GENE-Y"", ""Relation-INDIRECT-UPREGULATOR""]","[{""DirectionalEntity"": {""Type"": ""CHEMICAL"", ""Name"": ""phoenixin""}, ""Relation"": {""Type"": ""INDIRECT-UPREGULATOR"", ""Name"": ""INDIRECT-UPREGULATOR""}, ""DirectedEntity"": {""Type"": ""GENE-N"", ""Name"": ""gonadotrophin""}}, {""DirectionalEntity"": {""Type"": ""CHEMICAL"", ""Name"": ""phoenixin""}, ""Relation"": {""Type"": ""INDIRECT-DOWNREGULATOR"", ""Name"": ""INDIRECT-DOWNREGULATOR""}, ""DirectedEntity"": {""Type"": ""GENE-Y"", ""Name"": ""GnRH receptor""}}]"
"The effect of a novel transition state inhibitor of methylthioadenosine phosphorylase on pemetrexed activity.
Pemetrexed is a new-generation antifolate inhibitor of thymidylate synthase (TS) and a weaker inhibitor of glycinamide ribonucleotide transformylase (GARFT) required for de novo purine synthesis. Methylthioadenosine phosphorylase (MTAP) salvages purines by releasing adenine from methylthioadenosine and is often deleted in mesothelioma. The current study addresses the effect of MTAP on pemetrexed activity using a highly potent transition state inhibitor of MTAP, MT-DADMe-Immucillin A (ImmA; K(i) = 86 pmol/L) in the MTAP(+) NCI-H28 and MTAP(-) NCI-H2052 mesothelioma cell lines. Based on selective nucleoside protection, TS was found to be the primary pemetrexed target in both cell lines with GARFT inhibition requiring 20- to 30-fold higher pemetrexed concentrations. ImmA had no effect on pemetrexed activity but, when thymidine was added, the pemetrexed IC(50) decreased by a factor of approximately 3 in MTAP(+) H28 cells with no effect in MTAP(-) H2052 cells. Conversely, the transfection of MTAP into H2052 cells increased the pemetrexed IC(50) by nearly 3-fold but only in the presence of thymidine; this was reversed by ImmA. An MTAP-specific short interfering RNA produced a 2-fold decrease in pemetrexed IC(50) in MTAP(+) HeLa cells in the presence of thymidine. These data indicate that suppression of constitutive MTAP has no effect on pemetrexed activity when the primary target is TS. There is a modest salutary effect when the pemetrexed target is GARFT alone.","[""Relation-INHIBITOR"", ""DirectionalEntity-CHEMICAL"", ""Relation-SUBSTRATE"", ""Relation-PRODUCT-OF"", ""DirectedEntity-GENE-Y""]","[{""DirectionalEntity"": {""Type"": ""CHEMICAL"", ""Name"": ""adenine""}, ""Relation"": {""Type"": ""PRODUCT-OF"", ""Name"": ""PRODUCT-OF""}, ""DirectedEntity"": {""Type"": ""GENE-Y"", ""Name"": ""Methylthioadenosine phosphorylase""}}, {""DirectionalEntity"": {""Type"": ""CHEMICAL"", ""Name"": ""methylthioadenosine""}, ""Relation"": {""Type"": ""SUBSTRATE"", ""Name"": ""SUBSTRATE""}, ""DirectedEntity"": {""Type"": ""GENE-Y"", ""Name"": ""Methylthioadenosine phosphorylase""}}, {""DirectionalEntity"": {""Type"": ""CHEMICAL"", ""Name"": ""adenine""}, ""Relation"": {""Type"": ""PRODUCT-OF"", ""Name"": ""PRODUCT-OF""}, ""DirectedEntity"": {""Type"": ""GENE-Y"", ""Name"": ""MTAP""}}, {""DirectionalEntity"": {""Type"": ""CHEMICAL"", ""Name"": ""methylthioadenosine""}, ""Relation"": {""Type"": ""SUBSTRATE"", ""Name"": ""SUBSTRATE""}, ""DirectedEntity"": {""Type"": ""GENE-Y"", ""Name"": ""MTAP""}}, {""DirectionalEntity"": {""Type"": ""CHEMICAL"", ""Name"": ""pemetrexed""}, ""Relation"": {""Type"": ""INHIBITOR"", ""Name"": ""INHIBITOR""}, ""DirectedEntity"": {""Type"": ""GENE-Y"", ""Name"": ""GARFT""}}]"
"The Effects of Carbohydrate, Unsaturated Fat, and Protein Intake on Measures of Insulin Sensitivity: Results from the OmniHeart Trial.
OBJECTIVE Impaired insulin sensitivity increases the risk of cardiovascular disease. Although calorie restriction and weight loss increase insulin sensitivity, the effects of modifying macronutrient composition on insulin sensitivity are uncertain. The purpose of this study is to determine the effects on insulin sensitivity of a carbohydrate-rich diet (CARB; similar to the Dietary Approaches to Stop Hypertension [DASH] diet), a protein-rich diet (PROT; protein predominantly from plant sources), and an unsaturated fat-rich diet (UNSAT; predominantly monounsaturated). RESEARCH DESIGN AND METHODS This study was a randomized, controlled, three-period, crossover feeding study. The study participants were 164 individuals with prehypertension or stage 1 hypertension without diabetes. Diets were administered for 6 weeks each, with a washout period between diets of 2-4 weeks. Weight was held constant throughout the study. For our primary outcome, we calculated the quantitative insulin sensitivity check index (QUICKI) using the end-of-period fasting serum glucose and insulin. QUICKI is a validated measure of insulin sensitivity. The primary analyses used generalized estimating equations. RESULTS At baseline, mean (SD) BMI was 30.2 (6.1) kg/m(2), and mean (SD) QUICKI was 0.35 (0.04). The UNSAT diet increased QUICKI by 0.005, more than the CARB diet (P = 0.04). PROT had no significant effect compared with CARB. CONCLUSIONS A diet that partially replaces carbohydrate with unsaturated fat may improve insulin sensitivity in a population at risk for cardiovascular disease. Given the well-recognized challenges of sustaining weight loss, our results suggest an alternative approach for improving insulin sensitivity.","[""DirectedEntity-GENE-Y"", ""Relation-INDIRECT-UPREGULATOR"", ""DirectionalEntity-CHEMICAL""]","[{""DirectionalEntity"": {""Type"": ""CHEMICAL"", ""Name"": ""carbohydrate""}, ""Relation"": {""Type"": ""INDIRECT-UPREGULATOR"", ""Name"": ""INDIRECT-UPREGULATOR""}, ""DirectedEntity"": {""Type"": ""GENE-Y"", ""Name"": ""insulin""}}]"
"Inhibition of bacterial thioredoxin reductase: an antibiotic mechanism targeting bacteria lacking glutathione.
Increasing antibiotic resistance makes the identification of new antibacterial principles an urgent task. The thioredoxin system including thioredoxin reductase (TrxR), thioredoxin (Trx), and NADPH plays critical roles in cellular DNA synthesis and defense against oxidative stress. Notably, TrxR is very different in structure and mechanism in mammals and bacteria. Ebselen [2-phenyl-1,2 benzisoselenazol-3(2H)-one], a well-known antioxidant and a substrate for mammalian TrxR and Trx, is rapidly bacteriocidal for methicillin-resistant Staphylococcus aureus by an unknown mechanism. We have discovered that ebselen is a competitive inhibitor of Escherichia coli TrxR with a Ki of 0.52 ± 0.13 μM, through reaction with the active site dithiol of the enzyme. Bacteria lacking glutathione (GSH) and glutaredoxin, in which TrxR and Trx are essential for DNA synthesis, were particularly sensitive to ebselen. In growth-inhibited E. coli strains, Trx1 and Trx2 were oxidized, demonstrating that electron transfer via thioredoxin was blocked. Ebselen and its sulfur analog ebsulfur were bactericidal for GSH-negative pathogens. Ebsulfur inhibited a clinically isolated Helicobacter pylori strain with a minimum inhibitory concentration value as low as 0.39 μg/ml. These results demonstrate that bacterial Trx and TrxR are viable antibacterial drug targets using benzisoselenazol and benzisothiazol derivates.-Lu, J., Vlamis-Gardikas, A., Kandasamy, K., Zhao, R., Gustafsson, T. N., Engstrand, L., Hoffner, S., Engman, L., Holmgren, A. Inhibition of bacterial thioredoxin reductase: an antibiotic mechanism targeting bacteria lacking glutathione.","[""DirectedEntity-GENE-N"", ""DirectionalEntity-CHEMICAL"", ""Relation-PART-OF"", ""Relation-SUBSTRATE"", ""Relation-INHIBITOR"", ""DirectedEntity-GENE-Y""]","[{""DirectionalEntity"": {""Type"": ""CHEMICAL"", ""Name"": ""Ebselen""}, ""Relation"": {""Type"": ""SUBSTRATE"", ""Name"": ""SUBSTRATE""}, ""DirectedEntity"": {""Type"": ""GENE-N"", ""Name"": ""mammalian TrxR""}}, {""DirectionalEntity"": {""Type"": ""CHEMICAL"", ""Name"": ""2-phenyl-1,2 benzisoselenazol-3(2H)-one""}, ""Relation"": {""Type"": ""SUBSTRATE"", ""Name"": ""SUBSTRATE""}, ""DirectedEntity"": {""Type"": ""GENE-N"", ""Name"": ""mammalian TrxR""}}, {""DirectionalEntity"": {""Type"": ""CHEMICAL"", ""Name"": ""Ebselen""}, ""Relation"": {""Type"": ""SUBSTRATE"", ""Name"": ""SUBSTRATE""}, ""DirectedEntity"": {""Type"": ""GENE-N"", ""Name"": ""Trx""}}, {""DirectionalEntity"": {""Type"": ""CHEMICAL"", ""Name"": ""2-phenyl-1,2 benzisoselenazol-3(2H)-one""}, ""Relation"": {""Type"": ""SUBSTRATE"", ""Name"": ""SUBSTRATE""}, ""DirectedEntity"": {""Type"": ""GENE-N"", ""Name"": ""Trx""}}, {""DirectionalEntity"": {""Type"": ""CHEMICAL"", ""Name"": ""ebselen""}, ""Relation"": {""Type"": ""INHIBITOR"", ""Name"": ""INHIBITOR""}, ""DirectedEntity"": {""Type"": ""GENE-Y"", ""Name"": ""Escherichia coli TrxR""}}, {""DirectionalEntity"": {""Type"": ""CHEMICAL"", ""Name"": ""dithiol""}, ""Relation"": {""Type"": ""PART-OF"", ""Name"": ""PART-OF""}, ""DirectedEntity"": {""Type"": ""GENE-Y"", ""Name"": ""Escherichia coli TrxR""}}]"
"Palonosetron: in the prevention of nausea and vomiting.
Palonosetron is a second-generation serotonin 5-HT3 receptor antagonist, with a distinct pharmacological profile that differs from first-generation 5-HT3 receptor antagonists. Intravenous palonosetron is widely indicated for the prevention of chemotherapy-induced nausea and vomiting (CINV) in the acute and delayed phases following moderately emetogenic chemotherapy (MEC) and the prevention of CINV in the acute phase following highly emetogenic chemotherapy (HEC). In the US, oral palonosetron is approved for the prevention of CINV in the acute phase following MEC (although this formulation is not currently available), and intravenous palonosetron is indicated for the prevention of postoperative nausea and vomiting (PONV) in the first 24 hours following surgery. All indications are currently limited to adult patients. Intravenous palonosetron was noninferior to intravenous ondansetron (with statistically greater efficacy than ondansetron) or dolasetron in preventing CINV following MEC, or to intravenous ondansetron or granisetron in preventing CINV following HEC, in the acute phase. Statistically greater efficacy was seen with intravenous palonosetron than ondansetron or dolasetron in preventing CINV following MEC in the delayed phase. Oral palonosetron was noninferior to intravenous palonosetron in preventing CINV in the acute phase in patients receiving MEC. Intravenous palonosetron was superior to placebo in preventing PONV in the first 24 hours following surgery. Palonosetron was generally well tolerated in clinical trials. Intravenous palonosetron is a valuable option in the prevention of acute- and delayed-phase CINV in adult patients receiving MEC, and of acute-phase CINV in patients receiving HEC. Oral palonosetron is likely to be a useful addition to oral formulations of other 5-HT3 receptor antagonists in preventing CINV in patients receiving MEC. Intravenous palonosetron is a useful alternative to currently recommended agents in PONV prevention.","[""DirectedEntity-GENE-N"", ""DirectionalEntity-CHEMICAL"", ""Relation-ANTAGONIST""]","[{""DirectionalEntity"": {""Type"": ""CHEMICAL"", ""Name"": ""Palonosetron""}, ""Relation"": {""Type"": ""ANTAGONIST"", ""Name"": ""ANTAGONIST""}, ""DirectedEntity"": {""Type"": ""GENE-N"", ""Name"": ""serotonin 5-HT3 receptor""}}, {""DirectionalEntity"": {""Type"": ""CHEMICAL"", ""Name"": ""Palonosetron""}, ""Relation"": {""Type"": ""ANTAGONIST"", ""Name"": ""ANTAGONIST""}, ""DirectedEntity"": {""Type"": ""GENE-N"", ""Name"": ""5-HT3 receptor""}}, {""DirectionalEntity"": {""Type"": ""CHEMICAL"", ""Name"": ""palonosetron""}, ""Relation"": {""Type"": ""ANTAGONIST"", ""Name"": ""ANTAGONIST""}, ""DirectedEntity"": {""Type"": ""GENE-N"", ""Name"": ""5-HT3 recepto""}}]"
"Genetic Insights into Pyralomicin Biosynthesis in Nonomuraea spiralis IMC A-0156.
The biosynthetic gene cluster for the pyralomicin antibiotics has been cloned and sequenced from Nonomuraea spiralis IMC A-0156. The 41 kb gene cluster contains 27 ORFs predicted to encode all of the functions for pyralomicin biosynthesis. This includes nonribosomal peptide synthetases (NRPS) and polyketide synthases (PKS) required for the formation of the benzopyranopyrrole core unit, as well as a suite of tailoring enzymes (e.g., four halogenases, an O-methyltransferase, and an N-glycosyltransferase) necessary for further modifications of the core structure. The N-glycosyltransferase is predicted to transfer either glucose or a pseudosugar (cyclitol) to the aglycone. A gene cassette encoding C7-cyclitol biosynthetic enzymes was identified upstream of the benzopyranopyrrole-specific ORFs. Targeted disruption of the gene encoding the N-glycosyltransferase, prlH, abolished pyralomicin production, and recombinant expression of PrlA confirms the activity of this enzyme as a sugar phosphate cyclase involved in the formation of the C7-cyclitol moiety.","[""DirectedEntity-GENE-N"", ""DirectionalEntity-CHEMICAL"", ""Relation-SUBSTRATE"", ""Relation-PRODUCT-OF"", ""DirectedEntity-GENE-Y""]","[{""DirectionalEntity"": {""Type"": ""CHEMICAL"", ""Name"": ""benzopyranopyrrole""}, ""Relation"": {""Type"": ""PRODUCT-OF"", ""Name"": ""PRODUCT-OF""}, ""DirectedEntity"": {""Type"": ""GENE-N"", ""Name"": ""PKS""}}, {""DirectionalEntity"": {""Type"": ""CHEMICAL"", ""Name"": ""benzopyranopyrrole""}, ""Relation"": {""Type"": ""PRODUCT-OF"", ""Name"": ""PRODUCT-OF""}, ""DirectedEntity"": {""Type"": ""GENE-N"", ""Name"": ""nonribosomal peptide synthetases""}}, {""DirectionalEntity"": {""Type"": ""CHEMICAL"", ""Name"": ""benzopyranopyrrole""}, ""Relation"": {""Type"": ""PRODUCT-OF"", ""Name"": ""PRODUCT-OF""}, ""DirectedEntity"": {""Type"": ""GENE-N"", ""Name"": ""NRPS""}}, {""DirectionalEntity"": {""Type"": ""CHEMICAL"", ""Name"": ""benzopyranopyrrole""}, ""Relation"": {""Type"": ""PRODUCT-OF"", ""Name"": ""PRODUCT-OF""}, ""DirectedEntity"": {""Type"": ""GENE-N"", ""Name"": ""polyketide synthases""}}, {""DirectionalEntity"": {""Type"": ""CHEMICAL"", ""Name"": ""pyralomicin""}, ""Relation"": {""Type"": ""PRODUCT-OF"", ""Name"": ""PRODUCT-OF""}, ""DirectedEntity"": {""Type"": ""GENE-N"", ""Name"": ""N-glycosyltransferase""}}, {""DirectionalEntity"": {""Type"": ""CHEMICAL"", ""Name"": ""pyralomicin""}, ""Relation"": {""Type"": ""PRODUCT-OF"", ""Name"": ""PRODUCT-OF""}, ""DirectedEntity"": {""Type"": ""GENE-Y"", ""Name"": ""prlH""}}, {""DirectionalEntity"": {""Type"": ""CHEMICAL"", ""Name"": ""cyclitol""}, ""Relation"": {""Type"": ""PRODUCT-OF"", ""Name"": ""PRODUCT-OF""}, ""DirectedEntity"": {""Type"": ""GENE-N"", ""Name"": ""sugar phosphate cyclase""}}, {""DirectionalEntity"": {""Type"": ""CHEMICAL"", ""Name"": ""C7""}, ""Relation"": {""Type"": ""PRODUCT-OF"", ""Name"": ""PRODUCT-OF""}, ""DirectedEntity"": {""Type"": ""GENE-N"", ""Name"": ""sugar phosphate cyclase""}}, {""DirectionalEntity"": {""Type"": ""CHEMICAL"", ""Name"": ""cyclitol""}, ""Relation"": {""Type"": ""PRODUCT-OF"", ""Name"": ""PRODUCT-OF""}, ""DirectedEntity"": {""Type"": ""GENE-Y"", ""Name"": ""PrlA""}}, {""DirectionalEntity"": {""Type"": ""CHEMICAL"", ""Name"": ""C7""}, ""Relation"": {""Type"": ""PRODUCT-OF"", ""Name"": ""PRODUCT-OF""}, ""DirectedEntity"": {""Type"": ""GENE-Y"", ""Name"": ""PrlA""}}, {""DirectionalEntity"": {""Type"": ""CHEMICAL"", ""Name"": ""benzopyranopyrrole""}, ""Relation"": {""Type"": ""SUBSTRATE"", ""Name"": ""SUBSTRATE""}, ""DirectedEntity"": {""Type"": ""GENE-N"", ""Name"": ""halogenases""}}, {""DirectionalEntity"": {""Type"": ""CHEMICAL"", ""Name"": ""benzopyranopyrrole""}, ""Relation"": {""Type"": ""SUBSTRATE"", ""Name"": ""SUBSTRATE""}, ""DirectedEntity"": {""Type"": ""GENE-N"", ""Name"": ""O-methyltransferase""}}, {""DirectionalEntity"": {""Type"": ""CHEMICAL"", ""Name"": ""benzopyranopyrrole""}, ""Relation"": {""Type"": ""SUBSTRATE"", ""Name"": ""SUBSTRATE""}, ""DirectedEntity"": {""Type"": ""GENE-N"", ""Name"": ""N-glycosyltransferase""}}]"
"Effect of Korean pear (Pyruspyrifolia cv. Shingo) juice on hangover severity following alcohol consumption.
Korean pear has been used as a traditional prophylactic agent for alcohol hangover. However, its mechanism was not investigated in human yet. Therefore, we performed a randomized single blind crossover trial with 14 healthy young men to examine effects of Korean pear juice on alcohol hangover. All subjects consumed 540ml of spirits (alcohol conc. 20.1v/v%) after 30min from the intervention, i.e. placebo or Korean pear juice treatment. Blood and urine specimens were collected in time-courses (9 time-points for 15h after alcohol consumption). The total and average of hangover severity were alleviated to 16% and 21% by Korean pear juice at 15h after the alcohol consumption (ps<0.05). Particularly, 'trouble concentrating' was significantly improved by the pear juice treatment (p<0.05). Impaired memory, sensitivity to light and sound, and mean of hangover severity were significantly improved by Korean pear juice among the subjects with ALDH2*1/*1 or ALDH2*1/*2 genotypes (ps<0.05) but not in the subjects with ALDH2*2/*2 genotype. In addition, the pear juice treatment lowered levels of blood alcohol (p<0.01). Therefore, Korean pear juice may alleviate alcohol-hangover and its detoxification of alcohol seems to be modified by the genetic variation of ALDH2.","[""Relation-SUBSTRATE"", ""DirectedEntity-GENE-Y"", ""DirectionalEntity-CHEMICAL""]","[{""DirectionalEntity"": {""Type"": ""CHEMICAL"", ""Name"": ""alcohol""}, ""Relation"": {""Type"": ""SUBSTRATE"", ""Name"": ""SUBSTRATE""}, ""DirectedEntity"": {""Type"": ""GENE-Y"", ""Name"": ""ALDH2""}}]"
"Effects of long-term treatment with dicyclic, tricyclic, tetracyclic, and noncyclic antidepressant drugs on monoamine oxidase activity in mouse brain.
1. The individual long-term effects of the antidepressant drugs zimeldine, viloxazine, imipramine, amitriptyline, nortriptyline, maprotiline, or nomifensine, on brain mitochondrial monoamine oxidase (MAO) activity, were studied in mice that were given daily intraperitoneal injections (30 mg/kg) of these reagents for 4 weeks. 2. Both the A-form (MAO-A) and B-form (MAO-B) of MAO were inhibited after long-term administration of all the drugs except nortriptyline (MAO-A was not affected) and maprotiline (neither MAO-A nor MAO-B were affected). 3. Kinetic analysis showed a significant decrease in Vmax values, and an increase in K(m) values for MAO-B during treatment. 4. All seven drugs are competitive inhibitors of MAO-A, noncompetitive inhibitors of MAO-B, and were more potent in vitro for MAO-B. 5. MAO-A was inhibited by the following drugs (in ascending order of potency) : nortriptyline, amitriptyline, imipramine, maprotiline, zimeldine, nomifensine, and viloxazine. 6. MAO-B was inhibited by the following drugs (in ascending order of potency): nortriptyline, imipramine, maprotiline, amitriptyline, zimeldine, nomifensine, and viloxazine.","[""Relation-INHIBITOR"", ""DirectedEntity-GENE-Y"", ""DirectionalEntity-CHEMICAL""]","[{""DirectionalEntity"": {""Type"": ""CHEMICAL"", ""Name"": ""nortriptyline""}, ""Relation"": {""Type"": ""INHIBITOR"", ""Name"": ""INHIBITOR""}, ""DirectedEntity"": {""Type"": ""GENE-Y"", ""Name"": ""MAO-A""}}, {""DirectionalEntity"": {""Type"": ""CHEMICAL"", ""Name"": ""amitriptyline""}, ""Relation"": {""Type"": ""INHIBITOR"", ""Name"": ""INHIBITOR""}, ""DirectedEntity"": {""Type"": ""GENE-Y"", ""Name"": ""MAO-A""}}, {""DirectionalEntity"": {""Type"": ""CHEMICAL"", ""Name"": ""imipramine""}, ""Relation"": {""Type"": ""INHIBITOR"", ""Name"": ""INHIBITOR""}, ""DirectedEntity"": {""Type"": ""GENE-Y"", ""Name"": ""MAO-A""}}, {""DirectionalEntity"": {""Type"": ""CHEMICAL"", ""Name"": ""maprotiline""}, ""Relation"": {""Type"": ""INHIBITOR"", ""Name"": ""INHIBITOR""}, ""DirectedEntity"": {""Type"": ""GENE-Y"", ""Name"": ""MAO-A""}}, {""DirectionalEntity"": {""Type"": ""CHEMICAL"", ""Name"": ""zimeldine""}, ""Relation"": {""Type"": ""INHIBITOR"", ""Name"": ""INHIBITOR""}, ""DirectedEntity"": {""Type"": ""GENE-Y"", ""Name"": ""MAO-A""}}, {""DirectionalEntity"": {""Type"": ""CHEMICAL"", ""Name"": ""nomifensine""}, ""Relation"": {""Type"": ""INHIBITOR"", ""Name"": ""INHIBITOR""}, ""DirectedEntity"": {""Type"": ""GENE-Y"", ""Name"": ""MAO-A""}}, {""DirectionalEntity"": {""Type"": ""CHEMICAL"", ""Name"": ""viloxazine""}, ""Relation"": {""Type"": ""INHIBITOR"", ""Name"": ""INHIBITOR""}, ""DirectedEntity"": {""Type"": ""GENE-Y"", ""Name"": ""MAO-A""}}, {""DirectionalEntity"": {""Type"": ""CHEMICAL"", ""Name"": ""nortriptyline""}, ""Relation"": {""Type"": ""INHIBITOR"", ""Name"": ""INHIBITOR""}, ""DirectedEntity"": {""Type"": ""GENE-Y"", ""Name"": ""MAO-B""}}, {""DirectionalEntity"": {""Type"": ""CHEMICAL"", ""Name"": ""imipramine""}, ""Relation"": {""Type"": ""INHIBITOR"", ""Name"": ""INHIBITOR""}, ""DirectedEntity"": {""Type"": ""GENE-Y"", ""Name"": ""MAO-B""}}, {""DirectionalEntity"": {""Type"": ""CHEMICAL"", ""Name"": ""maprotiline""}, ""Relation"": {""Type"": ""INHIBITOR"", ""Name"": ""INHIBITOR""}, ""DirectedEntity"": {""Type"": ""GENE-Y"", ""Name"": ""MAO-B""}}, {""DirectionalEntity"": {""Type"": ""CHEMICAL"", ""Name"": ""amitriptyline""}, ""Relation"": {""Type"": ""INHIBITOR"", ""Name"": ""INHIBITOR""}, ""DirectedEntity"": {""Type"": ""GENE-Y"", ""Name"": ""MAO-B""}}, {""DirectionalEntity"": {""Type"": ""CHEMICAL"", ""Name"": ""zimeldine""}, ""Relation"": {""Type"": ""INHIBITOR"", ""Name"": ""INHIBITOR""}, ""DirectedEntity"": {""Type"": ""GENE-Y"", ""Name"": ""MAO-B""}}, {""DirectionalEntity"": {""Type"": ""CHEMICAL"", ""Name"": ""nomifensine""}, ""Relation"": {""Type"": ""INHIBITOR"", ""Name"": ""INHIBITOR""}, ""DirectedEntity"": {""Type"": ""GENE-Y"", ""Name"": ""MAO-B""}}, {""DirectionalEntity"": {""Type"": ""CHEMICAL"", ""Name"": ""viloxazine""}, ""Relation"": {""Type"": ""INHIBITOR"", ""Name"": ""INHIBITOR""}, ""DirectedEntity"": {""Type"": ""GENE-Y"", ""Name"": ""MAO-B""}}]"
"Puerarin mediates hepatoprotection against CCl4-induced hepatic fibrosis rats through attenuation of inflammation response and amelioration of metabolic function.
This study was designed to evaluate the potential effects of puerarin (PR), an effective isoflavonoid compound purified from Pueraria lobata, in treating hepatic fibrosis (HF) rats induced by carbon tetrachloride (CCl(4), 2 mL kg(-1) d(-1)). Compared to model control, PR treatment effectively lowered the serum levels of alanine aminotransferase (ALT), aspartate aminotransferase (AST), albumin (Alb), total protein (TP) in HF rats. Masson stained analysis showed that the condition of HF rats was mitigated. Meanwhile, the tumor necrosis factor alpha (TNF-α), nuclear factor-kappa B (NF-κB) expressions were significantly down-regulated at protein level by PR intervention. Additionally, the activity of superoxide dismutase (SOD) was elevated, while the content of malondialdehyde (MDA) was lessened in liver tissue. As revealed by immunohistochemistry assay, PR therapy resulted in reduced production of transforming growth factor-βl (TGF-βl). Moreover, it also was attributed to decreased mRNA level of inducible nitric oxide synthase (iNOS) using RT-PCR analysis. These findings demonstrate that puerarin successfully reverses hepatotoxicity in CCl(4)-induced HF rats via the underlying mechanisms of regulating serum enzymes and attenuating TNF-α/NF-κB pathway for anti-inflammation response, as well as improving metabolic function in liver tissue.","[""Relation-INHIBITOR"", ""DirectedEntity-GENE-N"", ""DirectedEntity-GENE-Y"", ""DirectionalEntity-CHEMICAL""]","[{""DirectionalEntity"": {""Type"": ""CHEMICAL"", ""Name"": ""puerarin""}, ""Relation"": {""Type"": ""INHIBITOR"", ""Name"": ""INHIBITOR""}, ""DirectedEntity"": {""Type"": ""GENE-Y"", ""Name"": ""TNF-α""}}, {""DirectionalEntity"": {""Type"": ""CHEMICAL"", ""Name"": ""puerarin""}, ""Relation"": {""Type"": ""INHIBITOR"", ""Name"": ""INHIBITOR""}, ""DirectedEntity"": {""Type"": ""GENE-N"", ""Name"": ""NF-κB""}}]"
"Evaluation of biological activities of a groundnut (Apios americana Medik) extract containing a novel isoflavone.
Groundnut (Apios americana Medik) contains a novel isoflavone, genistein-7-O-gentiobioside. In the present study, we examined the biological activities of an alcohol extract of groundnut containing genistein-7-O-gentiobioside as the main component. Although the groundnut extract by itself did not show antioxidative activity, it drove the antioxidative system in cells. Pretreatment of human breast carcinoma MCF-7 cells for 24 h with the groundnut extract and soybean isoflavone increased gene expression of heme oxygenase-1 (HO-1), a major antioxidative stress enzyme. These groundnut extract-treated cells showed antioxidative activity against free radicals derived from a radical initiator. Pretreatment of cells with 100 μg/mL groundnut extract prevented the depletion of glutathione by the radical initiator; however, treatment with 100 μg/mL of soybean isoflavone injured the cell membrane, indicating that glutathione might be released to the extracellular environment. These results suggest that the groundnut extract had isoflavone-like activity. Like soybean, groundnuts are a good source of isoflavones.","[""DirectedEntity-GENE-Y"", ""Relation-INDIRECT-UPREGULATOR"", ""DirectionalEntity-CHEMICAL""]","[{""DirectionalEntity"": {""Type"": ""CHEMICAL"", ""Name"": ""isoflavone""}, ""Relation"": {""Type"": ""INDIRECT-UPREGULATOR"", ""Name"": ""INDIRECT-UPREGULATOR""}, ""DirectedEntity"": {""Type"": ""GENE-Y"", ""Name"": ""heme oxygenase-1""}}, {""DirectionalEntity"": {""Type"": ""CHEMICAL"", ""Name"": ""isoflavone""}, ""Relation"": {""Type"": ""INDIRECT-UPREGULATOR"", ""Name"": ""INDIRECT-UPREGULATOR""}, ""DirectedEntity"": {""Type"": ""GENE-Y"", ""Name"": ""HO-1""}}]"
"Evidence for a new binding mode to GSK-3: allosteric regulation by the marine compound palinurin.
Glycogen synthase kinase 3β (GSK-3β) is widely recognised as a relevant player in the pathogenesis of several highly prevalent disorders such as Alzheimer's disease, mood disorders, diabetes and cancer. Therefore, this enzyme constitutes a highly attractive therapeutic target for the development of selective inhibitors as new promising drugs for the treatment of these pathologies. We describe here the isolation and biochemical characterization of the marine natural sesquiterpene palinurin as a GSK-3β inhibitor. Experimental studies performed for characterizing the inhibitory mechanism indicate that GSK-3β inhibition by palinurin cannot be competed out by ATP nor peptide substrate. Molecular modelling techniques have enabled us to propose an unconventional binding mode to GSK-3β. Moreover, molecular dynamics simulations have identified an allosteric mechanism by which binding of palinurin leads to GSK-3β inhibition. The inhibitory activities determined for a series of structurally related analogues support the proposed binding mode of palinurin, which is the first compound described to target this allosteric site. The results offer new opportunities for designing and developing selective inhibitors with novel mechanisms of action.","[""Relation-INHIBITOR"", ""DirectedEntity-GENE-Y"", ""DirectionalEntity-CHEMICAL""]","[{""DirectionalEntity"": {""Type"": ""CHEMICAL"", ""Name"": ""sesquiterpene""}, ""Relation"": {""Type"": ""INHIBITOR"", ""Name"": ""INHIBITOR""}, ""DirectedEntity"": {""Type"": ""GENE-Y"", ""Name"": ""GSK-3β""}}, {""DirectionalEntity"": {""Type"": ""CHEMICAL"", ""Name"": ""palinurin""}, ""Relation"": {""Type"": ""INHIBITOR"", ""Name"": ""INHIBITOR""}, ""DirectedEntity"": {""Type"": ""GENE-Y"", ""Name"": ""GSK-3β""}}, {""DirectionalEntity"": {""Type"": ""CHEMICAL"", ""Name"": ""palinurin""}, ""Relation"": {""Type"": ""INHIBITOR"", ""Name"": ""INHIBITOR""}, ""DirectedEntity"": {""Type"": ""GENE-Y"", ""Name"": ""GSK-3β""}}, {""DirectionalEntity"": {""Type"": ""CHEMICAL"", ""Name"": ""palinurin""}, ""Relation"": {""Type"": ""INHIBITOR"", ""Name"": ""INHIBITOR""}, ""DirectedEntity"": {""Type"": ""GENE-Y"", ""Name"": ""GSK-3β""}}]"
"Desvenlafaxine succinate: A new serotonin and norepinephrine reuptake inhibitor.
The purpose of this study was to characterize a new chemical entity, desvenlafaxine succinate (DVS). DVS is a novel salt form of the isolated major active metabolite of venlafaxine. Competitive radioligand binding assays were performed using cells expressing either the human serotonin (5-HT) transporter (hSERT) or norepinephrine (NE) transporter (hNET) with K(i) values for DVS of 40.2 +/- 1.6 and 558.4 +/- 121.6 nM, respectively. DVS showed weak binding affinity (62% inhibition at 100 microM) at the human dopamine (DA) transporter. Inhibition of [3H]5-HT or [3H]NE uptake by DVS for the hSERT or hNET produced IC50 values of 47.3 +/- 19.4 and 531.3 +/- 113.0 nM, respectively. DVS (10 microM), examined at a large number of nontransporter targets, showed no significant activity. DVS (30 mg/kg orally) rapidly penetrated the male rat brain and hypothalamus. DVS (30 mg/kg orally) significantly increased extracellular NE levels compared with baseline in the male rat hypothalamus but had no effect on DA levels using microdialysis. To mimic chronic selective serotonin reuptake inhibitor treatment and to block the inhibitory 5-HT(1A) autoreceptors, a 5-HT(1A) antagonist, N-[2-[4-(2-methoxyphenyl)-1-piperazinyl]ethyl]-N-2-pyridinylcyclo hexanecarboxamide maleate salt (WAY-100635) (0.3 mg/kg s.c.), was administered with DVS (30 mg/kg orally). 5-HT increased 78% compared with baseline with no additional increase in NE or DA levels. In conclusion, DVS is a new 5-HT and NE reuptake inhibitor in vitro and in vivo that demonstrates good brain-to-plasma ratios, suggesting utility in a variety of central nervous system-related disorders.","[""Relation-DIRECT-REGULATOR"", ""DirectionalEntity-CHEMICAL"", ""Relation-SUBSTRATE"", ""Relation-ANTAGONIST"", ""Relation-INHIBITOR"", ""DirectedEntity-GENE-Y""]","[{""DirectionalEntity"": {""Type"": ""CHEMICAL"", ""Name"": ""DVS""}, ""Relation"": {""Type"": ""INHIBITOR"", ""Name"": ""INHIBITOR""}, ""DirectedEntity"": {""Type"": ""GENE-Y"", ""Name"": ""human serotonin (5-HT) transporter""}}, {""DirectionalEntity"": {""Type"": ""CHEMICAL"", ""Name"": ""DVS""}, ""Relation"": {""Type"": ""INHIBITOR"", ""Name"": ""INHIBITOR""}, ""DirectedEntity"": {""Type"": ""GENE-Y"", ""Name"": ""hSERT""}}, {""DirectionalEntity"": {""Type"": ""CHEMICAL"", ""Name"": ""DVS""}, ""Relation"": {""Type"": ""INHIBITOR"", ""Name"": ""INHIBITOR""}, ""DirectedEntity"": {""Type"": ""GENE-Y"", ""Name"": ""norepinephrine (NE) transporter""}}, {""DirectionalEntity"": {""Type"": ""CHEMICAL"", ""Name"": ""DVS""}, ""Relation"": {""Type"": ""INHIBITOR"", ""Name"": ""INHIBITOR""}, ""DirectedEntity"": {""Type"": ""GENE-Y"", ""Name"": ""hNET""}}, {""DirectionalEntity"": {""Type"": ""CHEMICAL"", ""Name"": ""DVS""}, ""Relation"": {""Type"": ""DIRECT-REGULATOR"", ""Name"": ""DIRECT-REGULATOR""}, ""DirectedEntity"": {""Type"": ""GENE-Y"", ""Name"": ""human dopamine (DA) transporter""}}, {""DirectionalEntity"": {""Type"": ""CHEMICAL"", ""Name"": ""N-[2-[4-(2-methoxyphenyl)-1-piperazinyl]ethyl]-N-2-pyridinylcyclo hexanecarboxamide maleate salt""}, ""Relation"": {""Type"": ""ANTAGONIST"", ""Name"": ""ANTAGONIST""}, ""DirectedEntity"": {""Type"": ""GENE-Y"", ""Name"": ""5-HT(1A)""}}, {""DirectionalEntity"": {""Type"": ""CHEMICAL"", ""Name"": ""WAY-100635""}, ""Relation"": {""Type"": ""ANTAGONIST"", ""Name"": ""ANTAGONIST""}, ""DirectedEntity"": {""Type"": ""GENE-Y"", ""Name"": ""5-HT(1A)""}}, {""DirectionalEntity"": {""Type"": ""CHEMICAL"", ""Name"": ""DVS""}, ""Relation"": {""Type"": ""DIRECT-REGULATOR"", ""Name"": ""DIRECT-REGULATOR""}, ""DirectedEntity"": {""Type"": ""GENE-Y"", ""Name"": ""hSERT""}}, {""DirectionalEntity"": {""Type"": ""CHEMICAL"", ""Name"": ""DVS""}, ""Relation"": {""Type"": ""DIRECT-REGULATOR"", ""Name"": ""DIRECT-REGULATOR""}, ""DirectedEntity"": {""Type"": ""GENE-Y"", ""Name"": ""hNET""}}, {""DirectionalEntity"": {""Type"": ""CHEMICAL"", ""Name"": ""[3H]5-HT""}, ""Relation"": {""Type"": ""SUBSTRATE"", ""Name"": ""SUBSTRATE""}, ""DirectedEntity"": {""Type"": ""GENE-Y"", ""Name"": ""hSERT""}}, {""DirectionalEntity"": {""Type"": ""CHEMICAL"", ""Name"": ""[3H]NE""}, ""Relation"": {""Type"": ""SUBSTRATE"", ""Name"": ""SUBSTRATE""}, ""DirectedEntity"": {""Type"": ""GENE-Y"", ""Name"": ""hNET""}}]"
"Inhibition of monoamine oxidase type A, but not type B, is an effective means of inducing anticonvulsant activity in the kindling model of epilepsy.
The anticonvulsant activity of inhibitors of monoamine oxidase (MAO) was reported early after the development of irreversible MAO inhibitors such as tranylcypromine, but was never clinically used because of the adverse effects of these compounds. The more recently developed reversible MAO inhibitors with selectivity for either the MAO-A or MAO-B isoenzyme forms have not been studied extensively in animal models of epilepsy, so it is not known which type of MAO inhibitor is particularly effective in this respect. We compared the following drugs in the kindling model of epilepsy: 1) L-deprenyl (selegiline), i.e., an irreversible inhibitor of MAO-B, which, however, also inhibits MAO-A at higher doses, 2) the novel reversible MAO-B inhibitor LU 53439 (3,4-dimethyl-7-(2-isopropyl-1,3, 4-thiadiazol-5-yl)-methoxy-coumarin), which is much more selective for MAO-B than L-deprenyl, 3) the novel reversible and highly selective MAO-A inhibitor LU 43839 (esuprone; 7-hydroxy-3, 4-dimethylcoumarin ethanesulfonate), and 4) the irreversible nonselective MAO inhibitor tranylcypromine. Esuprone proved to be an effective anticonvulsant in the kindling model with a similar potency as L-deprenyl. In contrast to esuprone and L-deprenyl, the selective MAO-B inhibitor LU 53439 was not effective in the kindling model; this substantiates the previous notion that the anticonvulsant activity of L-deprenyl is not related to MAO-B inhibition, but to other effects of this drug, such as inhibition of MAO-A. Drugs inhibiting both MAO-A and MAO-B to a similar extent (tranylcypromine) or combinations of selective MAO-A and MAO-B inhibitors (esuprone plus LU 53439) had no advantage over MAO-A inhibition alone, but were less well tolerated. The data thus suggest that selective MAO-A inhibitors such as esuprone may be an interesting new approach for the treatment of epilepsy.","[""Relation-INHIBITOR"", ""DirectedEntity-GENE-N"", ""DirectedEntity-GENE-Y"", ""DirectionalEntity-CHEMICAL""]","[{""DirectionalEntity"": {""Type"": ""CHEMICAL"", ""Name"": ""tranylcypromine""}, ""Relation"": {""Type"": ""INHIBITOR"", ""Name"": ""INHIBITOR""}, ""DirectedEntity"": {""Type"": ""GENE-N"", ""Name"": ""MAO""}}, {""DirectionalEntity"": {""Type"": ""CHEMICAL"", ""Name"": ""L-deprenyl""}, ""Relation"": {""Type"": ""INHIBITOR"", ""Name"": ""INHIBITOR""}, ""DirectedEntity"": {""Type"": ""GENE-Y"", ""Name"": ""MAO-B""}}, {""DirectionalEntity"": {""Type"": ""CHEMICAL"", ""Name"": ""selegiline""}, ""Relation"": {""Type"": ""INHIBITOR"", ""Name"": ""INHIBITOR""}, ""DirectedEntity"": {""Type"": ""GENE-Y"", ""Name"": ""MAO-B""}}, {""DirectionalEntity"": {""Type"": ""CHEMICAL"", ""Name"": ""L-deprenyl""}, ""Relation"": {""Type"": ""INHIBITOR"", ""Name"": ""INHIBITOR""}, ""DirectedEntity"": {""Type"": ""GENE-Y"", ""Name"": ""MAO-A""}}, {""DirectionalEntity"": {""Type"": ""CHEMICAL"", ""Name"": ""selegiline""}, ""Relation"": {""Type"": ""INHIBITOR"", ""Name"": ""INHIBITOR""}, ""DirectedEntity"": {""Type"": ""GENE-Y"", ""Name"": ""MAO-A""}}, {""DirectionalEntity"": {""Type"": ""CHEMICAL"", ""Name"": ""LU 53439""}, ""Relation"": {""Type"": ""INHIBITOR"", ""Name"": ""INHIBITOR""}, ""DirectedEntity"": {""Type"": ""GENE-Y"", ""Name"": ""MAO-B""}}, {""DirectionalEntity"": {""Type"": ""CHEMICAL"", ""Name"": ""3,4-dimethyl-7-(2-isopropyl-1,3, 4-thiadiazol-5-yl)-methoxy-coumarin""}, ""Relation"": {""Type"": ""INHIBITOR"", ""Name"": ""INHIBITOR""}, ""DirectedEntity"": {""Type"": ""GENE-Y"", ""Name"": ""MAO-B""}}, {""DirectionalEntity"": {""Type"": ""CHEMICAL"", ""Name"": ""LU 53439""}, ""Relation"": {""Type"": ""INHIBITOR"", ""Name"": ""INHIBITOR""}, ""DirectedEntity"": {""Type"": ""GENE-Y"", ""Name"": ""MAO-B""}}, {""DirectionalEntity"": {""Type"": ""CHEMICAL"", ""Name"": ""3,4-dimethyl-7-(2-isopropyl-1,3, 4-thiadiazol-5-yl)-methoxy-coumarin""}, ""Relation"": {""Type"": ""INHIBITOR"", ""Name"": ""INHIBITOR""}, ""DirectedEntity"": {""Type"": ""GENE-Y"", ""Name"": ""MAO-B""}}, {""DirectionalEntity"": {""Type"": ""CHEMICAL"", ""Name"": ""LU 43839""}, ""Relation"": {""Type"": ""INHIBITOR"", ""Name"": ""INHIBITOR""}, ""DirectedEntity"": {""Type"": ""GENE-Y"", ""Name"": ""MAO-A""}}, {""DirectionalEntity"": {""Type"": ""CHEMICAL"", ""Name"": ""esuprone""}, ""Relation"": {""Type"": ""INHIBITOR"", ""Name"": ""INHIBITOR""}, ""DirectedEntity"": {""Type"": ""GENE-Y"", ""Name"": ""MAO-A""}}, {""DirectionalEntity"": {""Type"": ""CHEMICAL"", ""Name"": ""7-hydroxy-3, 4-dimethylcoumarin ethanesulfonate""}, ""Relation"": {""Type"": ""INHIBITOR"", ""Name"": ""INHIBITOR""}, ""DirectedEntity"": {""Type"": ""GENE-Y"", ""Name"": ""MAO-A""}}, {""DirectionalEntity"": {""Type"": ""CHEMICAL"", ""Name"": ""tranylcypromine""}, ""Relation"": {""Type"": ""INHIBITOR"", ""Name"": ""INHIBITOR""}, ""DirectedEntity"": {""Type"": ""GENE-N"", ""Name"": ""MAO""}}, {""DirectionalEntity"": {""Type"": ""CHEMICAL"", ""Name"": ""esuprone""}, ""Relation"": {""Type"": ""INHIBITOR"", ""Name"": ""INHIBITOR""}, ""DirectedEntity"": {""Type"": ""GENE-Y"", ""Name"": ""MAO-B""}}, {""DirectionalEntity"": {""Type"": ""CHEMICAL"", ""Name"": ""L-deprenyl""}, ""Relation"": {""Type"": ""INHIBITOR"", ""Name"": ""INHIBITOR""}, ""DirectedEntity"": {""Type"": ""GENE-Y"", ""Name"": ""MAO-B""}}, {""DirectionalEntity"": {""Type"": ""CHEMICAL"", ""Name"": ""L-deprenyl""}, ""Relation"": {""Type"": ""INHIBITOR"", ""Name"": ""INHIBITOR""}, ""DirectedEntity"": {""Type"": ""GENE-Y"", ""Name"": ""MAO-A""}}, {""DirectionalEntity"": {""Type"": ""CHEMICAL"", ""Name"": ""tranylcypromine""}, ""Relation"": {""Type"": ""INHIBITOR"", ""Name"": ""INHIBITOR""}, ""DirectedEntity"": {""Type"": ""GENE-Y"", ""Name"": ""MAO-A""}}, {""DirectionalEntity"": {""Type"": ""CHEMICAL"", ""Name"": ""tranylcypromine""}, ""Relation"": {""Type"": ""INHIBITOR"", ""Name"": ""INHIBITOR""}, ""DirectedEntity"": {""Type"": ""GENE-Y"", ""Name"": ""MAO-B""}}, {""DirectionalEntity"": {""Type"": ""CHEMICAL"", ""Name"": ""esuprone""}, ""Relation"": {""Type"": ""INHIBITOR"", ""Name"": ""INHIBITOR""}, ""DirectedEntity"": {""Type"": ""GENE-Y"", ""Name"": ""MAO-A""}}, {""DirectionalEntity"": {""Type"": ""CHEMICAL"", ""Name"": ""esuprone""}, ""Relation"": {""Type"": ""INHIBITOR"", ""Name"": ""INHIBITOR""}, ""DirectedEntity"": {""Type"": ""GENE-Y"", ""Name"": ""MAO-B""}}, {""DirectionalEntity"": {""Type"": ""CHEMICAL"", ""Name"": ""LU 53439""}, ""Relation"": {""Type"": ""INHIBITOR"", ""Name"": ""INHIBITOR""}, ""DirectedEntity"": {""Type"": ""GENE-Y"", ""Name"": ""MAO-A""}}, {""DirectionalEntity"": {""Type"": ""CHEMICAL"", ""Name"": ""LU 53439""}, ""Relation"": {""Type"": ""INHIBITOR"", ""Name"": ""INHIBITOR""}, ""DirectedEntity"": {""Type"": ""GENE-Y"", ""Name"": ""MAO-B""}}, {""DirectionalEntity"": {""Type"": ""CHEMICAL"", ""Name"": ""esuprone""}, ""Relation"": {""Type"": ""INHIBITOR"", ""Name"": ""INHIBITOR""}, ""DirectedEntity"": {""Type"": ""GENE-Y"", ""Name"": ""MAO-A""}}]"
"Tilting the balance between canonical and noncanonical conformations for the H1 hypervariable loop of a llama VHH through point mutations.
Nanobodies are single-domain antibodies found in camelids. These are the smallest naturally occurring binding domains and derive functionality via three hypervariable loops (H1-H3) that form the binding surface. They are excellent candidates for antibody engineering because of their favorable characteristics like small size, high solubility, and stability. To rationally engineer antibodies with affinity for a specific target, the hypervariable loops can be tailored to obtain the desired binding surface. As a first step toward such a goal, we consider the design of loops with a desired conformation. In this study, we focus on the H1 loop of the anti-hCG llama nanobody that exhibits a noncanonical conformation. We aim to ""tilt"" the stability of the H1 loop structure from a noncanonical conformation to a (humanized) type 1 canonical conformation by studying the effect of selected mutations to the amino acid sequence of the H1, H2, and proximal residues. We use all-atomistic, explicit-solvent, biased molecular dynamic simulations to simulate the wild-type and mutant loops in a prefolded framework. We thus find mutants with increasing propensity to form a stable type 1 canonical conformation of the H1 loop. Free energy landscapes reveal the existence of conformational isomers of the canonical conformation that may play a role in binding different antigenic surfaces. We also elucidate the approximate mechanism and kinetics of transitions between such conformational isomers by using a Markovian model. We find that a particular three-point mutant has the strongest thermodynamic propensity to form the H1 type 1 canonical structure but also to exhibit transitions between conformational isomers, while a different, more rigid three-point mutant has the strongest propensity to be kinetically trapped in such a canonical structure.","[""DirectedEntity-GENE-N"", ""Relation-PART-OF"", ""DirectionalEntity-CHEMICAL""]","[{""DirectionalEntity"": {""Type"": ""CHEMICAL"", ""Name"": ""amino acid""}, ""Relation"": {""Type"": ""PART-OF"", ""Name"": ""PART-OF""}, ""DirectedEntity"": {""Type"": ""GENE-N"", ""Name"": ""H1""}}, {""DirectionalEntity"": {""Type"": ""CHEMICAL"", ""Name"": ""amino acid""}, ""Relation"": {""Type"": ""PART-OF"", ""Name"": ""PART-OF""}, ""DirectedEntity"": {""Type"": ""GENE-N"", ""Name"": ""H2""}}]"
"Molecular analysis of PCCB gene in Korean patients with propionic acidemia.
Propionic acidemia (PA) is an autosomal recessive inborn error in the catabolism of methionine, isoleucine, threonine, and valine, odd-numbered chain length fatty acids and cholesterol. Clinical symptoms are very heterogeneous and present as a severe neonatal-onset or a late-onset form. It is caused by a deficiency of propionyl-CoA carboxylase (PCC, EC 6.4.1.3), a biotin-dependent enzyme that catalyzes the carboxylation of propionyl-CoA to D-methylmalonyl-CoA. PCC is a heteropolymeric enzyme composed of alpha- and beta-subunits. A greater heterogeneity is observed in the PCCA gene, while for the PCCB gene, a limited number of mutations is responsible for the majority of the alleles characterized in both Caucasian and Oriental populations. We identified eight Korean patients with PA by organic acid analysis confirmed in five patients by the PCC enzyme assay in the lymphoblasts. Two neonatal-onset patients showed undetectable PCC activities while three cases with residual enzyme activities had relatively late manifestations. In the molecular analysis, we identified five novel mutations, Y439C, 1527del3, 1357insT, IVS12-8T-->A, and 31del10, and one known mutation, T428I in PCCB gene. Alleleic frequency of T428I in Korean patients with PA was 56.3% in this study. Two neonatal-onset patients with null enzyme activities were homozygotes with 1527del3 and T428I, respectively. This finding implies that T428I and 1527del3 mutation could be responsible for their severe clinical courses and null enzyme activities. The mRNA of PCCB gene in T428I and 1527del3 homozygotes were normal but in Western blot analysis, the betaPCC-subunit was only absent in 1527del3 homozygote patient suggesting different molecular pathology.","[""Relation-SUBSTRATE"", ""DirectedEntity-GENE-N"", ""DirectedEntity-GENE-Y"", ""DirectionalEntity-CHEMICAL""]","[{""DirectionalEntity"": {""Type"": ""CHEMICAL"", ""Name"": ""propionyl-CoA""}, ""Relation"": {""Type"": ""SUBSTRATE"", ""Name"": ""SUBSTRATE""}, ""DirectedEntity"": {""Type"": ""GENE-N"", ""Name"": ""propionyl-CoA carboxylase""}}, {""DirectionalEntity"": {""Type"": ""CHEMICAL"", ""Name"": ""propionyl-CoA""}, ""Relation"": {""Type"": ""SUBSTRATE"", ""Name"": ""SUBSTRATE""}, ""DirectedEntity"": {""Type"": ""GENE-N"", ""Name"": ""PCC""}}, {""DirectionalEntity"": {""Type"": ""CHEMICAL"", ""Name"": ""propionyl-CoA""}, ""Relation"": {""Type"": ""SUBSTRATE"", ""Name"": ""SUBSTRATE""}, ""DirectedEntity"": {""Type"": ""GENE-Y"", ""Name"": ""EC 6.4.1.3""}}, {""DirectionalEntity"": {""Type"": ""CHEMICAL"", ""Name"": ""D-methylmalonyl-CoA""}, ""Relation"": {""Type"": ""SUBSTRATE"", ""Name"": ""SUBSTRATE""}, ""DirectedEntity"": {""Type"": ""GENE-N"", ""Name"": ""propionyl-CoA carboxylase""}}, {""DirectionalEntity"": {""Type"": ""CHEMICAL"", ""Name"": ""D-methylmalonyl-CoA""}, ""Relation"": {""Type"": ""SUBSTRATE"", ""Name"": ""SUBSTRATE""}, ""DirectedEntity"": {""Type"": ""GENE-N"", ""Name"": ""PCC""}}, {""DirectionalEntity"": {""Type"": ""CHEMICAL"", ""Name"": ""D-methylmalonyl-CoA""}, ""Relation"": {""Type"": ""SUBSTRATE"", ""Name"": ""SUBSTRATE""}, ""DirectedEntity"": {""Type"": ""GENE-Y"", ""Name"": ""EC 6.4.1.3""}}]"
"Inhibition of the ATP-sensitive potassium channel from mouse pancreatic beta-cells by surfactants.
1. We have used patch-clamp methods to study the effects of the detergents, Cremophor, Tween 80 and Triton X100 on the K(ATP) channel in the pancreatic beta-cell from mouse. 2. All three detergents blocked K(ATP) channel activity with the following order of potency: Tween 80 (Ki< approximately 83 nM)>Triton X100 (Ki=350 nM)>Cremophor. In all cases the block was poorly reversible. 3. Single-channel studies suggested that at low doses, the detergents act as slow blockers of the K(ATP) channel. 4. Unlike the block produced by tolbutamide, that produced by detergent was not affected by intracellular Mg2+-nucleotide, diazoxide or trypsin treatment, nor did it involve an acceleration of rundown or increase in ATP sensitivity of the chanel. 5. The detergents could block the pore-forming subunit, Kir6.2deltaC26, which can be expressed independently of SUR1 (the regulatory subunit of the K(ATP) channel). These data suggest that the detergents act on Kir6.2 and not SUR1. 6. The detergents had no effect on another member of the inward rectifier family: Kir1.1a (ROMK1). 7. Voltage-dependent K-currents in the beta-cell were reversibly blocked by the detergents with a far lower potency than that found for the K(ATP) channel. 8. Like other insulin secretagogues that act by blocking the K(ATP) channel, Cremophor elevated intracellular Ca2+ in single beta-cells to levels that would be expected to elicit insulin secretion. 9. Given the role of the K(ATP) channel in many physiological processes, we conclude that plasma borne detergent may have pharmacological actions mediated through blockage of the K(ATP) channel.","[""Relation-INHIBITOR"", ""DirectedEntity-GENE-N"", ""Relation-INDIRECT-UPREGULATOR"", ""DirectionalEntity-CHEMICAL""]","[{""DirectionalEntity"": {""Type"": ""CHEMICAL"", ""Name"": ""Tween 80""}, ""Relation"": {""Type"": ""INHIBITOR"", ""Name"": ""INHIBITOR""}, ""DirectedEntity"": {""Type"": ""GENE-N"", ""Name"": ""K(ATP) channel""}}, {""DirectionalEntity"": {""Type"": ""CHEMICAL"", ""Name"": ""Triton X100""}, ""Relation"": {""Type"": ""INHIBITOR"", ""Name"": ""INHIBITOR""}, ""DirectedEntity"": {""Type"": ""GENE-N"", ""Name"": ""K(ATP) channel""}}, {""DirectionalEntity"": {""Type"": ""CHEMICAL"", ""Name"": ""Ca2+""}, ""Relation"": {""Type"": ""INDIRECT-UPREGULATOR"", ""Name"": ""INDIRECT-UPREGULATOR""}, ""DirectedEntity"": {""Type"": ""GENE-N"", ""Name"": ""insulin""}}]"
"Regulation of a viral proteinase by a peptide and DNA in one-dimensional space: II. adenovirus proteinase is activated in an unusual one-dimensional biochemical reaction.
Late in an adenovirus infection, the viral proteinase (AVP) becomes activated to process virion precursor proteins used in virus assembly. AVP is activated by two cofactors, the viral DNA and pVIc, an 11-amino acid peptide originating from the C terminus of the precursor protein pVI. There is a conundrum in the activation of AVP in that AVP and pVI are sequence-independent DNA-binding proteins with nm equilibrium dissociation constants such that in the virus particle, they are predicted to be essentially irreversibly bound to the viral DNA. Here, we resolve that conundrum by showing that activation of AVP takes place on the one-dimensional contour of DNA. In vitro, pVI, a substrate, slides on DNA via one-dimensional diffusion, D(1) = 1.45 × 10(6) bp(2)/s, until it binds to AVP also on the same DNA molecule. AVP, partially activated by being bound to DNA, excises pVIc, which binds to the AVP molecule that cut it out. pVIc then forms a disulfide bond with AVP forming the fully active AVP-pVIc complex bound to DNA. In vivo, in heat-disrupted immature virus, AVP was also activated by pVI in DNA-dependent reactions. This activation mechanism illustrates a new paradigm for virion maturation and a new way, by sliding on DNA, for bimolecular complexes to form among proteins not involved in DNA metabolism.","[""Relation-DIRECT-REGULATOR"", ""DirectedEntity-GENE-N"", ""DirectionalEntity-CHEMICAL"", ""Relation-ACTIVATOR"", ""Relation-PART-OF""]","[{""DirectionalEntity"": {""Type"": ""CHEMICAL"", ""Name"": ""C""}, ""Relation"": {""Type"": ""PART-OF"", ""Name"": ""PART-OF""}, ""DirectedEntity"": {""Type"": ""GENE-N"", ""Name"": ""pVI""}}, {""DirectionalEntity"": {""Type"": ""CHEMICAL"", ""Name"": ""amino acid""}, ""Relation"": {""Type"": ""PART-OF"", ""Name"": ""PART-OF""}, ""DirectedEntity"": {""Type"": ""GENE-N"", ""Name"": ""pVIc""}}, {""DirectionalEntity"": {""Type"": ""CHEMICAL"", ""Name"": ""pVIc""}, ""Relation"": {""Type"": ""ACTIVATOR"", ""Name"": ""ACTIVATOR""}, ""DirectedEntity"": {""Type"": ""GENE-N"", ""Name"": ""AVP""}}, {""DirectionalEntity"": {""Type"": ""CHEMICAL"", ""Name"": ""pVIc""}, ""Relation"": {""Type"": ""DIRECT-REGULATOR"", ""Name"": ""DIRECT-REGULATOR""}, ""DirectedEntity"": {""Type"": ""GENE-N"", ""Name"": ""AVP""}}, {""DirectionalEntity"": {""Type"": ""CHEMICAL"", ""Name"": ""pVIc""}, ""Relation"": {""Type"": ""DIRECT-REGULATOR"", ""Name"": ""DIRECT-REGULATOR""}, ""DirectedEntity"": {""Type"": ""GENE-N"", ""Name"": ""AVP""}}, {""DirectionalEntity"": {""Type"": ""CHEMICAL"", ""Name"": ""pVIc""}, ""Relation"": {""Type"": ""DIRECT-REGULATOR"", ""Name"": ""DIRECT-REGULATOR""}, ""DirectedEntity"": {""Type"": ""GENE-N"", ""Name"": ""AVP""}}]"
"Dimethylfumarate attenuates renal fibrosis via NF-E2-related factor 2-mediated inhibition of transforming growth factor-beta/Smad signaling.
TGF-beta plays a key role in the development of renal fibrosis. Suppressing the TGF-beta signaling pathway is a possible therapeutic approach for preventing this disease, and reports have suggested that Nrf2 protects against renal fibrosis by inhibiting TGF-beta signaling. This study examines whether dimethylfumarate (DMF), which stimulates Nrf2, prevents renal fibrosis via the Nrf2-mediated suppression of TGF-beta signaling. Results showed that DMF increased nuclear levels of Nrf2, and both DMF and adenovirus-mediated overexpression of Nrf2 (Ad-Nrf2) decreased PAI-1, alpha-smooth muscle actin (alpha-SMA), fibronectin and type 1 collagen expression in TGF-beta-treated rat mesangial cells (RMCs) and renal fibroblast cells (NRK-49F). Additionally, DMF and Ad-Nrf2 repressed TGF-beta-stimulated Smad3 activity by inhibiting Smad3 phosphorylation, which was restored by siRNA-mediated knockdown of Nrf2 expression. However, downregulation of the antioxidant response element (ARE)-driven Nrf2 target genes such as NQO1, HO-1 and glutathione S-transferase (GST) did not reverse the inhibitory effect of DMF on TGF-beta-induced upregulation of profibrotic genes or extracellular matrix proteins, suggesting an ARE-independent anti-fibrotic activity of DMF. Finally, DMF suppressed unilateral ureteral obstruction (UUO)-induced renal fibrosis and alpha-SMA, fibronectin and type 1 collagen expression in the obstructed kidneys from UUO mice, along with increased and decreased expression of Nrf2 and phospho-Smad3, respectively. In summary, DMF attenuated renal fibrosis via the Nrf2-mediated inhibition of TGF-beta/Smad3 signaling in an ARE-independent manner, suggesting that DMF could be used to treat renal fibrosis.","[""DirectedEntity-GENE-N"", ""DirectionalEntity-CHEMICAL"", ""Relation-INDIRECT-DOWNREGULATOR"", ""Relation-INHIBITOR"", ""DirectedEntity-GENE-Y"", ""Relation-INDIRECT-UPREGULATOR""]","[{""DirectionalEntity"": {""Type"": ""CHEMICAL"", ""Name"": ""Dimethylfumarate""}, ""Relation"": {""Type"": ""INDIRECT-DOWNREGULATOR"", ""Name"": ""INDIRECT-DOWNREGULATOR""}, ""DirectedEntity"": {""Type"": ""GENE-Y"", ""Name"": ""transforming growth factor-beta""}}, {""DirectionalEntity"": {""Type"": ""CHEMICAL"", ""Name"": ""Dimethylfumarate""}, ""Relation"": {""Type"": ""INDIRECT-DOWNREGULATOR"", ""Name"": ""INDIRECT-DOWNREGULATOR""}, ""DirectedEntity"": {""Type"": ""GENE-N"", ""Name"": ""Smad""}}, {""DirectionalEntity"": {""Type"": ""CHEMICAL"", ""Name"": ""DMF""}, ""Relation"": {""Type"": ""INDIRECT-UPREGULATOR"", ""Name"": ""INDIRECT-UPREGULATOR""}, ""DirectedEntity"": {""Type"": ""GENE-Y"", ""Name"": ""Nrf2""}}, {""DirectionalEntity"": {""Type"": ""CHEMICAL"", ""Name"": ""DMF""}, ""Relation"": {""Type"": ""INDIRECT-UPREGULATOR"", ""Name"": ""INDIRECT-UPREGULATOR""}, ""DirectedEntity"": {""Type"": ""GENE-Y"", ""Name"": ""Nrf2""}}, {""DirectionalEntity"": {""Type"": ""CHEMICAL"", ""Name"": ""DMF""}, ""Relation"": {""Type"": ""INDIRECT-DOWNREGULATOR"", ""Name"": ""INDIRECT-DOWNREGULATOR""}, ""DirectedEntity"": {""Type"": ""GENE-Y"", ""Name"": ""PAI-1""}}, {""DirectionalEntity"": {""Type"": ""CHEMICAL"", ""Name"": ""DMF""}, ""Relation"": {""Type"": ""INDIRECT-DOWNREGULATOR"", ""Name"": ""INDIRECT-DOWNREGULATOR""}, ""DirectedEntity"": {""Type"": ""GENE-Y"", ""Name"": ""alpha-smooth muscle actin""}}, {""DirectionalEntity"": {""Type"": ""CHEMICAL"", ""Name"": ""DMF""}, ""Relation"": {""Type"": ""INDIRECT-DOWNREGULATOR"", ""Name"": ""INDIRECT-DOWNREGULATOR""}, ""DirectedEntity"": {""Type"": ""GENE-Y"", ""Name"": ""alpha-SMA""}}, {""DirectionalEntity"": {""Type"": ""CHEMICAL"", ""Name"": ""DMF""}, ""Relation"": {""Type"": ""INDIRECT-DOWNREGULATOR"", ""Name"": ""INDIRECT-DOWNREGULATOR""}, ""DirectedEntity"": {""Type"": ""GENE-Y"", ""Name"": ""fibronectin""}}, {""DirectionalEntity"": {""Type"": ""CHEMICAL"", ""Name"": ""DMF""}, ""Relation"": {""Type"": ""INDIRECT-DOWNREGULATOR"", ""Name"": ""INDIRECT-DOWNREGULATOR""}, ""DirectedEntity"": {""Type"": ""GENE-N"", ""Name"": ""type 1 collagen""}}, {""DirectionalEntity"": {""Type"": ""CHEMICAL"", ""Name"": ""DMF""}, ""Relation"": {""Type"": ""INHIBITOR"", ""Name"": ""INHIBITOR""}, ""DirectedEntity"": {""Type"": ""GENE-Y"", ""Name"": ""Smad3""}}, {""DirectionalEntity"": {""Type"": ""CHEMICAL"", ""Name"": ""DMF""}, ""Relation"": {""Type"": ""INHIBITOR"", ""Name"": ""INHIBITOR""}, ""DirectedEntity"": {""Type"": ""GENE-Y"", ""Name"": ""Smad3""}}, {""DirectionalEntity"": {""Type"": ""CHEMICAL"", ""Name"": ""DMF""}, ""Relation"": {""Type"": ""INDIRECT-DOWNREGULATOR"", ""Name"": ""INDIRECT-DOWNREGULATOR""}, ""DirectedEntity"": {""Type"": ""GENE-Y"", ""Name"": ""alpha-SMA""}}, {""DirectionalEntity"": {""Type"": ""CHEMICAL"", ""Name"": ""DMF""}, ""Relation"": {""Type"": ""INDIRECT-DOWNREGULATOR"", ""Name"": ""INDIRECT-DOWNREGULATOR""}, ""DirectedEntity"": {""Type"": ""GENE-Y"", ""Name"": ""fibronectin""}}, {""DirectionalEntity"": {""Type"": ""CHEMICAL"", ""Name"": ""DMF""}, ""Relation"": {""Type"": ""INDIRECT-DOWNREGULATOR"", ""Name"": ""INDIRECT-DOWNREGULATOR""}, ""DirectedEntity"": {""Type"": ""GENE-N"", ""Name"": ""type 1 collagen""}}, {""DirectionalEntity"": {""Type"": ""CHEMICAL"", ""Name"": ""DMF""}, ""Relation"": {""Type"": ""INDIRECT-UPREGULATOR"", ""Name"": ""INDIRECT-UPREGULATOR""}, ""DirectedEntity"": {""Type"": ""GENE-Y"", ""Name"": ""Nrf2""}}, {""DirectionalEntity"": {""Type"": ""CHEMICAL"", ""Name"": ""DMF""}, ""Relation"": {""Type"": ""INDIRECT-DOWNREGULATOR"", ""Name"": ""INDIRECT-DOWNREGULATOR""}, ""DirectedEntity"": {""Type"": ""GENE-Y"", ""Name"": ""phospho-Smad3""}}, {""DirectionalEntity"": {""Type"": ""CHEMICAL"", ""Name"": ""DMF""}, ""Relation"": {""Type"": ""INDIRECT-DOWNREGULATOR"", ""Name"": ""INDIRECT-DOWNREGULATOR""}, ""DirectedEntity"": {""Type"": ""GENE-Y"", ""Name"": ""TGF-beta""}}, {""DirectionalEntity"": {""Type"": ""CHEMICAL"", ""Name"": ""DMF""}, ""Relation"": {""Type"": ""INDIRECT-DOWNREGULATOR"", ""Name"": ""INDIRECT-DOWNREGULATOR""}, ""DirectedEntity"": {""Type"": ""GENE-Y"", ""Name"": ""Smad3""}}]"
"Renal biomarker changes associated with hyaline droplet nephropathy in rats are time and potentially compound dependent.
Alpha 2u-globulin mediated hyaline droplet nephropathy (HDN) is a male rat specific lesion induced when a compound or metabolite binds to alpha 2u-globulin. The objective of this study was to investigate if the newer and more sensitive renal biomarkers would be altered with HDN as well as be able to distinguish between HDN and oxidative stress-induced kidney injury. Rats were dosed orally for 7 days to determine (1) if HDN (induced by 2-propanol or D-limonene) altered the newer renal biomarkers and not BUN or creatinine, (2) if renal biomarkers could distinguish between HDN and oxidative stress-induced kidney injury (induced by potassium bromate), (3) sensitivity of HDN-induced renal biomarker changes relative to D-limonene dose, and (4) reversibility of HDN and renal biomarkers, using vehicle or 300 mg/kg/day D-limonene with 7 days of dosing and necropsies scheduled over the period of Days 8-85. HDN-induced renal biomarker changes in male rats were potentially compound specific: (1) 2-propanol induced mild HDN without increased renal biomarkers, (2) potassium bromate induced moderate HDN with increased clusterin, and (3) D-limonene induced marked HDN with increased αGST, μGST and albumin. Administration of potassium bromate did not result in oxidative stress-induced kidney injury, based on histopathology and renal biomarkers creatinine and BUN. The compound D-limonene induced a dose dependent increase in HDN severity and renal biomarker changes without altering BUN, creatinine or NAG: (1) minimal induction of HDN and no altered biomarkers at 10 mg/kg/day, (2) mild induction of HDN with increased αGST and μGST at 50 mg/kg/day and (3) marked induction of HDN with increased αGST, μGST and albumin at 300 mg/kg/day. HDN induced by D-limonene was reversible, but with a variable renal biomarker pattern over time: Day 8 there was increased αGST, μGST and albumin; on Day 15 increased clusterin, albumin and Kim-1. In summary, HDN altered the newer and more sensitive renal biomarkers in a time and possibly compound dependent manner.","[""DirectedEntity-GENE-N"", ""DirectedEntity-GENE-Y"", ""Relation-INDIRECT-UPREGULATOR"", ""DirectionalEntity-CHEMICAL""]","[{""DirectionalEntity"": {""Type"": ""CHEMICAL"", ""Name"": ""D-limonene""}, ""Relation"": {""Type"": ""INDIRECT-UPREGULATOR"", ""Name"": ""INDIRECT-UPREGULATOR""}, ""DirectedEntity"": {""Type"": ""GENE-N"", ""Name"": ""αGST""}}, {""DirectionalEntity"": {""Type"": ""CHEMICAL"", ""Name"": ""potassium bromate""}, ""Relation"": {""Type"": ""INDIRECT-UPREGULATOR"", ""Name"": ""INDIRECT-UPREGULATOR""}, ""DirectedEntity"": {""Type"": ""GENE-Y"", ""Name"": ""clusterin""}}, {""DirectionalEntity"": {""Type"": ""CHEMICAL"", ""Name"": ""D-limonene""}, ""Relation"": {""Type"": ""INDIRECT-UPREGULATOR"", ""Name"": ""INDIRECT-UPREGULATOR""}, ""DirectedEntity"": {""Type"": ""GENE-N"", ""Name"": ""αGST""}}, {""DirectionalEntity"": {""Type"": ""CHEMICAL"", ""Name"": ""D-limonene""}, ""Relation"": {""Type"": ""INDIRECT-UPREGULATOR"", ""Name"": ""INDIRECT-UPREGULATOR""}, ""DirectedEntity"": {""Type"": ""GENE-N"", ""Name"": ""μGST""}}, {""DirectionalEntity"": {""Type"": ""CHEMICAL"", ""Name"": ""D-limonene""}, ""Relation"": {""Type"": ""INDIRECT-UPREGULATOR"", ""Name"": ""INDIRECT-UPREGULATOR""}, ""DirectedEntity"": {""Type"": ""GENE-Y"", ""Name"": ""albumin""}}, {""DirectionalEntity"": {""Type"": ""CHEMICAL"", ""Name"": ""D-limonene""}, ""Relation"": {""Type"": ""INDIRECT-UPREGULATOR"", ""Name"": ""INDIRECT-UPREGULATOR""}, ""DirectedEntity"": {""Type"": ""GENE-N"", ""Name"": ""αGST""}}, {""DirectionalEntity"": {""Type"": ""CHEMICAL"", ""Name"": ""D-limonene""}, ""Relation"": {""Type"": ""INDIRECT-UPREGULATOR"", ""Name"": ""INDIRECT-UPREGULATOR""}, ""DirectedEntity"": {""Type"": ""GENE-N"", ""Name"": ""μGST""}}, {""DirectionalEntity"": {""Type"": ""CHEMICAL"", ""Name"": ""D-limonene""}, ""Relation"": {""Type"": ""INDIRECT-UPREGULATOR"", ""Name"": ""INDIRECT-UPREGULATOR""}, ""DirectedEntity"": {""Type"": ""GENE-N"", ""Name"": ""αGST""}}, {""DirectionalEntity"": {""Type"": ""CHEMICAL"", ""Name"": ""D-limonene""}, ""Relation"": {""Type"": ""INDIRECT-UPREGULATOR"", ""Name"": ""INDIRECT-UPREGULATOR""}, ""DirectedEntity"": {""Type"": ""GENE-N"", ""Name"": ""μGST""}}, {""DirectionalEntity"": {""Type"": ""CHEMICAL"", ""Name"": ""D-limonene""}, ""Relation"": {""Type"": ""INDIRECT-UPREGULATOR"", ""Name"": ""INDIRECT-UPREGULATOR""}, ""DirectedEntity"": {""Type"": ""GENE-Y"", ""Name"": ""albumin""}}, {""DirectionalEntity"": {""Type"": ""CHEMICAL"", ""Name"": ""D-limonene""}, ""Relation"": {""Type"": ""INDIRECT-UPREGULATOR"", ""Name"": ""INDIRECT-UPREGULATOR""}, ""DirectedEntity"": {""Type"": ""GENE-N"", ""Name"": ""μGST""}}, {""DirectionalEntity"": {""Type"": ""CHEMICAL"", ""Name"": ""D-limonene""}, ""Relation"": {""Type"": ""INDIRECT-UPREGULATOR"", ""Name"": ""INDIRECT-UPREGULATOR""}, ""DirectedEntity"": {""Type"": ""GENE-Y"", ""Name"": ""albumin""}}, {""DirectionalEntity"": {""Type"": ""CHEMICAL"", ""Name"": ""D-limonene""}, ""Relation"": {""Type"": ""INDIRECT-UPREGULATOR"", ""Name"": ""INDIRECT-UPREGULATOR""}, ""DirectedEntity"": {""Type"": ""GENE-Y"", ""Name"": ""clusterin""}}, {""DirectionalEntity"": {""Type"": ""CHEMICAL"", ""Name"": ""D-limonene""}, ""Relation"": {""Type"": ""INDIRECT-UPREGULATOR"", ""Name"": ""INDIRECT-UPREGULATOR""}, ""DirectedEntity"": {""Type"": ""GENE-Y"", ""Name"": ""albumin""}}, {""DirectionalEntity"": {""Type"": ""CHEMICAL"", ""Name"": ""D-limonene""}, ""Relation"": {""Type"": ""INDIRECT-UPREGULATOR"", ""Name"": ""INDIRECT-UPREGULATOR""}, ""DirectedEntity"": {""Type"": ""GENE-Y"", ""Name"": ""Kim-1""}}]"
"[Medication of the month. Vardenafil (Levitra)].
Vardenafil (Levitra), recently launched in Belgium by Bayer and Glaxo-SmithKline, is a new drug that potently and selectively inhibits phosphodiesterase type 5 (PDE5) in the cavernosum tissue of the penis. Inhibition of PDE5 blocks the hydrolysis of cyclic guanosine monophosphate (GMPc) and results in increased arterial blood flow leading to enlargement of the corpus cavernosum and resulting in erection. In controlled clinical trials, vardenafil at least doubled the rate of successful erections as compared to placebo, whatever the evaluation parameter considered and the subgroup of patients studied. Vardenafil is thus indicated in the treatment of patients with erectile dysfunction. It is presented as 5, 10 and 20 mg tablets and the usual dose is 10 mg to be ingested 25 to 60 minutes before sexual activity. Vardenafil has a more potent inhibitory activity of PDE5 in vitro than sildenafil or tadalafil while its pharmacokinetics in vivo is somewhat more rapid than that of the two other compounds. The dosage of vardenafil may be reduced to 5 mg (especially in older individuals) to improve tolerance or be increased up to 20 mg (especially in the presence of organic diseases aggravating erectile dysfunction) to improve efficacy. Contra-indications (co-administration with drugs increasing nitric oxide) and side-effects (headache and flushing due to vasodilatation) of vardenafil are similar to those of other PDE5 inhibitors.","[""Relation-INHIBITOR"", ""DirectedEntity-GENE-Y"", ""Relation-SUBSTRATE"", ""DirectionalEntity-CHEMICAL""]","[{""DirectionalEntity"": {""Type"": ""CHEMICAL"", ""Name"": ""Vardenafil""}, ""Relation"": {""Type"": ""INHIBITOR"", ""Name"": ""INHIBITOR""}, ""DirectedEntity"": {""Type"": ""GENE-Y"", ""Name"": ""phosphodiesterase type 5""}}, {""DirectionalEntity"": {""Type"": ""CHEMICAL"", ""Name"": ""Vardenafil""}, ""Relation"": {""Type"": ""INHIBITOR"", ""Name"": ""INHIBITOR""}, ""DirectedEntity"": {""Type"": ""GENE-Y"", ""Name"": ""PDE5""}}, {""DirectionalEntity"": {""Type"": ""CHEMICAL"", ""Name"": ""Levitra""}, ""Relation"": {""Type"": ""INHIBITOR"", ""Name"": ""INHIBITOR""}, ""DirectedEntity"": {""Type"": ""GENE-Y"", ""Name"": ""phosphodiesterase type 5""}}, {""DirectionalEntity"": {""Type"": ""CHEMICAL"", ""Name"": ""Levitra""}, ""Relation"": {""Type"": ""INHIBITOR"", ""Name"": ""INHIBITOR""}, ""DirectedEntity"": {""Type"": ""GENE-Y"", ""Name"": ""PDE5""}}, {""DirectionalEntity"": {""Type"": ""CHEMICAL"", ""Name"": ""cyclic guanosine monophosphate""}, ""Relation"": {""Type"": ""SUBSTRATE"", ""Name"": ""SUBSTRATE""}, ""DirectedEntity"": {""Type"": ""GENE-Y"", ""Name"": ""PDE5""}}, {""DirectionalEntity"": {""Type"": ""CHEMICAL"", ""Name"": ""GMPc""}, ""Relation"": {""Type"": ""SUBSTRATE"", ""Name"": ""SUBSTRATE""}, ""DirectedEntity"": {""Type"": ""GENE-Y"", ""Name"": ""PDE5""}}, {""DirectionalEntity"": {""Type"": ""CHEMICAL"", ""Name"": ""Vardenafil""}, ""Relation"": {""Type"": ""INHIBITOR"", ""Name"": ""INHIBITOR""}, ""DirectedEntity"": {""Type"": ""GENE-Y"", ""Name"": ""PDE5""}}, {""DirectionalEntity"": {""Type"": ""CHEMICAL"", ""Name"": ""vardenafil""}, ""Relation"": {""Type"": ""INHIBITOR"", ""Name"": ""INHIBITOR""}, ""DirectedEntity"": {""Type"": ""GENE-Y"", ""Name"": ""PDE5""}}]"
"Crystal structure of nitric oxide synthase bound to nitro indazole reveals a novel inactivation mechanism.
Nitric oxide is generated under normal and pathophysiological conditions by three distinct isoforms of nitric oxide synthase (NOS). A small-molecule inhibitor of NOS (3-Br-7-nitroindazole, 7-NIBr) is profoundly neuroprotective in mouse models of stroke and Parkinson's disease. We report the crystal structure of the catalytic heme domain of endothelial NOS complexed with 7-NIBr at 1.65 A resolution. Critical to the binding of 7-NIBr at the substrate site is the adoption by eNOS of an altered conformation, in which a key glutamate residue swings out toward one of the heme propionate groups. Perturbation of the heme propionate ensues and eliminates the cofactor tetrahydrobiopterin-heme interaction. We also present three crystal structures that reveal how alterations at the substrate site facilitate 7-NIBr and structurally dissimilar ligands to occupy the cofactor site.","[""Relation-DIRECT-REGULATOR"", ""Relation-INHIBITOR"", ""DirectedEntity-GENE-N"", ""DirectionalEntity-CHEMICAL"", ""Relation-PART-OF"", ""Relation-PRODUCT-OF"", ""DirectedEntity-GENE-Y""]","[{""DirectionalEntity"": {""Type"": ""CHEMICAL"", ""Name"": ""nitro indazole""}, ""Relation"": {""Type"": ""DIRECT-REGULATOR"", ""Name"": ""DIRECT-REGULATOR""}, ""DirectedEntity"": {""Type"": ""GENE-N"", ""Name"": ""nitric oxide synthase""}}, {""DirectionalEntity"": {""Type"": ""CHEMICAL"", ""Name"": ""Nitric oxide""}, ""Relation"": {""Type"": ""PRODUCT-OF"", ""Name"": ""PRODUCT-OF""}, ""DirectedEntity"": {""Type"": ""GENE-N"", ""Name"": ""nitric oxide synthase""}}, {""DirectionalEntity"": {""Type"": ""CHEMICAL"", ""Name"": ""Nitric oxide""}, ""Relation"": {""Type"": ""PRODUCT-OF"", ""Name"": ""PRODUCT-OF""}, ""DirectedEntity"": {""Type"": ""GENE-N"", ""Name"": ""NOS""}}, {""DirectionalEntity"": {""Type"": ""CHEMICAL"", ""Name"": ""3-Br-7-nitroindazole""}, ""Relation"": {""Type"": ""INHIBITOR"", ""Name"": ""INHIBITOR""}, ""DirectedEntity"": {""Type"": ""GENE-N"", ""Name"": ""NOS""}}, {""DirectionalEntity"": {""Type"": ""CHEMICAL"", ""Name"": ""7-NIBr""}, ""Relation"": {""Type"": ""INHIBITOR"", ""Name"": ""INHIBITOR""}, ""DirectedEntity"": {""Type"": ""GENE-N"", ""Name"": ""NOS""}}, {""DirectionalEntity"": {""Type"": ""CHEMICAL"", ""Name"": ""7-NIBr""}, ""Relation"": {""Type"": ""DIRECT-REGULATOR"", ""Name"": ""DIRECT-REGULATOR""}, ""DirectedEntity"": {""Type"": ""GENE-N"", ""Name"": ""catalytic heme domain""}}, {""DirectionalEntity"": {""Type"": ""CHEMICAL"", ""Name"": ""7-NIBr""}, ""Relation"": {""Type"": ""DIRECT-REGULATOR"", ""Name"": ""DIRECT-REGULATOR""}, ""DirectedEntity"": {""Type"": ""GENE-Y"", ""Name"": ""endothelial NOS""}}, {""DirectionalEntity"": {""Type"": ""CHEMICAL"", ""Name"": ""glutamate""}, ""Relation"": {""Type"": ""PART-OF"", ""Name"": ""PART-OF""}, ""DirectedEntity"": {""Type"": ""GENE-Y"", ""Name"": ""eNOS""}}, {""DirectionalEntity"": {""Type"": ""CHEMICAL"", ""Name"": ""7-NIBr""}, ""Relation"": {""Type"": ""DIRECT-REGULATOR"", ""Name"": ""DIRECT-REGULATOR""}, ""DirectedEntity"": {""Type"": ""GENE-Y"", ""Name"": ""eNOS""}}, {""DirectionalEntity"": {""Type"": ""CHEMICAL"", ""Name"": ""heme propionate""}, ""Relation"": {""Type"": ""PART-OF"", ""Name"": ""PART-OF""}, ""DirectedEntity"": {""Type"": ""GENE-Y"", ""Name"": ""eNOS""}}]"
"Gliptins (dipeptidyl peptidase-4 inhibitors) and risk of acute pancreatitis.
Introduction: Dipeptidyl peptidase-4 (DPP-4) inhibitors (gliptins) play an increasing role in the management of type 2 diabetes. Such incretin-based therapies offer some advantages over other glucose-lowering agents, but might be associated with an increased risk of acute pancreatitis. Areas covered: An extensive literature search was performed to analyze clinical cases of acute pancreatitis reported in the literature or to the Food and Drug Administration (FDA), in randomized clinical trials, and in observational studies with five DPP-4 inhibitors: sitagliptin, vildagliptin, saxagliptin, alogliptin, and linagliptin. Expert opinion: An increased risk of pancreatitis has been reported in diabetic versus nondiabetic patients. Several anecdotal clinical cases of pancreatitis have been reported with sitagliptin and vildagliptin and an increased relative risk reported to the FDA with sitagliptin versus other comparators, but reporting bias cannot be excluded. In rather short-term clinical trials with well-selected diabetic patients, no increased risk of acute pancreatitis has been observed with any of the five commercialized DPP-4 inhibitors: sitagliptin, vildagliptin, saxagliptin, alogliptin, and linagliptin. Similarly, real-life cohort studies showed no increased incidence of pancreatitis with gliptins compared with other glucose-lowering agents, a finding recently challenged by a case- control study. These results must be confirmed in postmarketing surveillance programs and in ongoing large prospective trials with cardiovascular outcomes.","[""Relation-INHIBITOR"", ""DirectedEntity-GENE-Y"", ""DirectionalEntity-CHEMICAL""]","[{""DirectionalEntity"": {""Type"": ""CHEMICAL"", ""Name"": ""sitagliptin""}, ""Relation"": {""Type"": ""INHIBITOR"", ""Name"": ""INHIBITOR""}, ""DirectedEntity"": {""Type"": ""GENE-Y"", ""Name"": ""DPP-4""}}, {""DirectionalEntity"": {""Type"": ""CHEMICAL"", ""Name"": ""vildagliptin""}, ""Relation"": {""Type"": ""INHIBITOR"", ""Name"": ""INHIBITOR""}, ""DirectedEntity"": {""Type"": ""GENE-Y"", ""Name"": ""DPP-4""}}, {""DirectionalEntity"": {""Type"": ""CHEMICAL"", ""Name"": ""saxagliptin""}, ""Relation"": {""Type"": ""INHIBITOR"", ""Name"": ""INHIBITOR""}, ""DirectedEntity"": {""Type"": ""GENE-Y"", ""Name"": ""DPP-4""}}, {""DirectionalEntity"": {""Type"": ""CHEMICAL"", ""Name"": ""alogliptin""}, ""Relation"": {""Type"": ""INHIBITOR"", ""Name"": ""INHIBITOR""}, ""DirectedEntity"": {""Type"": ""GENE-Y"", ""Name"": ""DPP-4""}}, {""DirectionalEntity"": {""Type"": ""CHEMICAL"", ""Name"": ""linagliptin""}, ""Relation"": {""Type"": ""INHIBITOR"", ""Name"": ""INHIBITOR""}, ""DirectedEntity"": {""Type"": ""GENE-Y"", ""Name"": ""DPP-4""}}, {""DirectionalEntity"": {""Type"": ""CHEMICAL"", ""Name"": ""sitagliptin""}, ""Relation"": {""Type"": ""INHIBITOR"", ""Name"": ""INHIBITOR""}, ""DirectedEntity"": {""Type"": ""GENE-Y"", ""Name"": ""DPP-4""}}, {""DirectionalEntity"": {""Type"": ""CHEMICAL"", ""Name"": ""vildagliptin""}, ""Relation"": {""Type"": ""INHIBITOR"", ""Name"": ""INHIBITOR""}, ""DirectedEntity"": {""Type"": ""GENE-Y"", ""Name"": ""DPP-4""}}, {""DirectionalEntity"": {""Type"": ""CHEMICAL"", ""Name"": ""saxagliptin""}, ""Relation"": {""Type"": ""INHIBITOR"", ""Name"": ""INHIBITOR""}, ""DirectedEntity"": {""Type"": ""GENE-Y"", ""Name"": ""DPP-4""}}, {""DirectionalEntity"": {""Type"": ""CHEMICAL"", ""Name"": ""alogliptin""}, ""Relation"": {""Type"": ""INHIBITOR"", ""Name"": ""INHIBITOR""}, ""DirectedEntity"": {""Type"": ""GENE-Y"", ""Name"": ""DPP-4""}}, {""DirectionalEntity"": {""Type"": ""CHEMICAL"", ""Name"": ""linagliptin""}, ""Relation"": {""Type"": ""INHIBITOR"", ""Name"": ""INHIBITOR""}, ""DirectedEntity"": {""Type"": ""GENE-Y"", ""Name"": ""DPP-4""}}]"
"Bisphenol A inhibits proliferation and induces apoptosis in micromass cultures of rat embryonic midbrain cells through the JNK, CREB and p53 signaling pathways.
Bisphenol A (BPA) has been widely used in the manufacture of polycarbonate plastic, water bottles and food containers. Previous studies have established that BPA could cause developmental toxicity by inhibiting the proliferation and differentiation of rat embryonic midbrain (MB) cells in vitro. However, the underlying mechanisms have not been well studied yet. In the current study, we examined the proliferation and differentiation of MB cells treated with 10(-12)-10(-4)M BPA and found that only 10(-4)M BPA inhibited proliferation and differentiation. Then, we investigated the cell cycle progression and apoptosis of MB cells; 10(-4)M BPA caused an explicit S phase and G2/M phase arrest in the cell cycle and increased the percentage of apoptotic cells. Moreover, the phosphorylation of mitogen-activated protein kinase (MAPK) and cyclic-AMP response binding protein (CREB) and the expression of some apoptotic regulatory genes were investigated. BPA (10(-4)M) reduced the phosphorylation of C-Jun N-terminal kinase (JNK) and CREB, and increased the mRNA expression level of Bax and p53. Our findings demonstrated that BPA could cause developmental toxicity through anti-proliferation and pro-apoptosis in MB cells. Multiple signaling pathways, such as the JNK, CREB and p53-mitochondrial apoptosis pathways, participate in these effects.","[""DirectedEntity-GENE-N"", ""DirectionalEntity-CHEMICAL"", ""Relation-INHIBITOR"", ""DirectedEntity-GENE-Y"", ""Relation-INDIRECT-UPREGULATOR""]","[{""DirectionalEntity"": {""Type"": ""CHEMICAL"", ""Name"": ""BPA""}, ""Relation"": {""Type"": ""INHIBITOR"", ""Name"": ""INHIBITOR""}, ""DirectedEntity"": {""Type"": ""GENE-N"", ""Name"": ""C-Jun N-terminal kinase""}}, {""DirectionalEntity"": {""Type"": ""CHEMICAL"", ""Name"": ""BPA""}, ""Relation"": {""Type"": ""INHIBITOR"", ""Name"": ""INHIBITOR""}, ""DirectedEntity"": {""Type"": ""GENE-N"", ""Name"": ""JNK""}}, {""DirectionalEntity"": {""Type"": ""CHEMICAL"", ""Name"": ""BPA""}, ""Relation"": {""Type"": ""INHIBITOR"", ""Name"": ""INHIBITOR""}, ""DirectedEntity"": {""Type"": ""GENE-N"", ""Name"": ""CREB""}}, {""DirectionalEntity"": {""Type"": ""CHEMICAL"", ""Name"": ""BPA""}, ""Relation"": {""Type"": ""INDIRECT-UPREGULATOR"", ""Name"": ""INDIRECT-UPREGULATOR""}, ""DirectedEntity"": {""Type"": ""GENE-Y"", ""Name"": ""Bax""}}, {""DirectionalEntity"": {""Type"": ""CHEMICAL"", ""Name"": ""BPA""}, ""Relation"": {""Type"": ""INDIRECT-UPREGULATOR"", ""Name"": ""INDIRECT-UPREGULATOR""}, ""DirectedEntity"": {""Type"": ""GENE-Y"", ""Name"": ""p53""}}]"
"Antioxidant activity of phytosteryl phenolates in different model systems.
As part of a comprehensive study of the physiochemical and biological properties of phytosteryl phenolates, successfully synthesized chemoenzymatically in our lab, their antioxidant activity was evaluated using three different in vitro model systems, namely bulk oil model system, β-carotene-linoleate model system and low-density lipoprotein cholesterol (LDL-C) oxidation assay. In the bulk oil system, phytosteryl phenolates showed similar or lower antioxidant activity compared with those of phenolic acids. However, in β-carotene-linoleate assay, an emulsion model system, phytosteryl phenolates showed enhanced antioxidant activity except phytosteryl ferulates. Moderate inhibitory effect of LDL-C oxidation by phytosteryl phenolates was observed. These findings demonstrate that use of multidimensional antioxidant activity determinations with differing reaction mechanisms is necessary to provide an overall understanding of the mechanisms of antioxidant action of phytosteryl phenolates.","[""DirectedEntity-GENE-N"", ""DirectionalEntity-CHEMICAL"", ""Relation-INDIRECT-DOWNREGULATOR""]","[{""DirectionalEntity"": {""Type"": ""CHEMICAL"", ""Name"": ""phytosteryl phenolates""}, ""Relation"": {""Type"": ""INDIRECT-DOWNREGULATOR"", ""Name"": ""INDIRECT-DOWNREGULATOR""}, ""DirectedEntity"": {""Type"": ""GENE-N"", ""Name"": ""LDL""}}]"
"Cortisol metabolism in hypertension.
Corticosteroids are critically involved in blood pressure regulation. Lack of adrenal steroids in Addison's disease causes life-threatening hypotension, whereas glucocorticoid excess in Cushing's syndrome invariably results in high blood pressure. At a pre-receptor level, glucocorticoid action is modulated by 11beta-hydroxysteroid dehydrogenases (11beta-HSDs). 11Beta-HSD1 activates cortisone to cortisol to facilitate glucocorticoid receptor (GR)-mediated action. By contrast, 11beta-HSD2 plays a pivotal role in aldosterone target tissues where it catalyses the opposite reaction (i.e. inactivation of cortisol to cortisone) to prevent activation of the mineralocorticoid receptor (MR) by cortisol. Mutations in the 11beta-HSD2 gene cause a rare form of inherited hypertension, the syndrome of apparent mineralocorticoid excess (AME), in which cortisol activates the MR resulting in severe hypertension and hypokalemia. Ingestion of competitive inhibitors of 11beta-HSD2 such as liquorice and carbenoxolone result in a similar but milder clinical phenotype. Epidemiological data suggests that polymorphic variability in the HSD11B2 gene determines salt sensitivity in the general population, which is a key predisposing factor to adult onset hypertension in some patients. Extrarenal sites of glucocorticoid action and metabolism that might impact on blood pressure include the vasculature and the central nervous system. Intriguingly, increased exposure to glucocorticoids during fetal life promotes high blood pressure in adulthood suggesting an early programming effect. Thus, metabolism and action in many peripheral tissues might contribute to the pathophysiology of human hypertension.","[""Relation-PRODUCT-OF"", ""DirectionalEntity-CHEMICAL"", ""Relation-ACTIVATOR"", ""Relation-SUBSTRATE"", ""Relation-INHIBITOR"", ""DirectedEntity-GENE-Y""]","[{""DirectionalEntity"": {""Type"": ""CHEMICAL"", ""Name"": ""cortisone""}, ""Relation"": {""Type"": ""SUBSTRATE"", ""Name"": ""SUBSTRATE""}, ""DirectedEntity"": {""Type"": ""GENE-Y"", ""Name"": ""11Beta-HSD1""}}, {""DirectionalEntity"": {""Type"": ""CHEMICAL"", ""Name"": ""cortisol""}, ""Relation"": {""Type"": ""PRODUCT-OF"", ""Name"": ""PRODUCT-OF""}, ""DirectedEntity"": {""Type"": ""GENE-Y"", ""Name"": ""11Beta-HSD1""}}, {""DirectionalEntity"": {""Type"": ""CHEMICAL"", ""Name"": ""cortisol""}, ""Relation"": {""Type"": ""SUBSTRATE"", ""Name"": ""SUBSTRATE""}, ""DirectedEntity"": {""Type"": ""GENE-Y"", ""Name"": ""11beta-HSD2""}}, {""DirectionalEntity"": {""Type"": ""CHEMICAL"", ""Name"": ""cortisone""}, ""Relation"": {""Type"": ""PRODUCT-OF"", ""Name"": ""PRODUCT-OF""}, ""DirectedEntity"": {""Type"": ""GENE-Y"", ""Name"": ""11beta-HSD2""}}, {""DirectionalEntity"": {""Type"": ""CHEMICAL"", ""Name"": ""carbenoxolone""}, ""Relation"": {""Type"": ""INHIBITOR"", ""Name"": ""INHIBITOR""}, ""DirectedEntity"": {""Type"": ""GENE-Y"", ""Name"": ""11beta-HSD2""}}, {""DirectionalEntity"": {""Type"": ""CHEMICAL"", ""Name"": ""cortisol""}, ""Relation"": {""Type"": ""ACTIVATOR"", ""Name"": ""ACTIVATOR""}, ""DirectedEntity"": {""Type"": ""GENE-Y"", ""Name"": ""MR""}}]"
"Support for 5-HT2C receptor functional selectivity in vivo utilizing structurally diverse, selective 5-HT2C receptor ligands and the 2,5-dimethoxy-4-iodoamphetamine elicited head-twitch response model.
There are seemingly conflicting data in the literature regarding the role of serotonin (5-HT) 5-HT2C receptors in the mouse head-twitch response (HTR) elicited by the hallucinogenic 5-HT2A/2B/2C receptor agonist 2,5-dimethoxy-4-iodoamphetamine (DOI). Namely, both 5-HT2C receptor agonists and antagonists, regarding 5-HT2C receptor-mediated Gq-phospholipase C (PLC) signaling, reportedly attenuate the HTR response. The present experiments tested the hypothesis that both classes of 5-HT2C receptor compounds could attenuate the DOI-elicited-HTR in a single strain of mice, C57Bl/6J. The expected results were considered in accordance with ligand functional selectivity. Commercially-available 5-HT2C agonists (CP 809101, Ro 60-0175, WAY 161503, mCPP, and 1-methylpsilocin), novel 4-phenyl-2-N,N-dimethyl-aminotetralin (PAT)-type 5-HT2C agonists (with 5-HT2A/2B antagonist activity), and antagonists selective for 5-HT2A (M100907), 5-HT2C (SB-242084), and 5-HT2B/2C (SB-206553) receptors attenuated the DOI-elicited-HTR. In contrast, there were differential effects on locomotion across classes of compounds. The 5-HT2C agonists and M100907 decreased locomotion, SB-242084 increased locomotion, SB-206553 resulted in dose-dependent biphasic effects on locomotion, and the PATs did not alter locomotion. In vitro molecular pharmacology studies showed that 5-HT2C agonists potent for attenuating the DOI-elicited-HTR also reduced the efficacy of DOI to activate mouse 5-HT2C receptor-mediated PLC signaling in HEK cells. Although there were differences in affinities of a few compounds at mouse compared to human 5-HT2A or 5-HT2C receptors, all compounds tested retained their selectivity for either receptor, regardless of receptor species. Results indicate that 5-HT2C receptor agonists and antagonists attenuate the DOI-elicited-HTR in C57Bl/6J mice, and suggest that structurally diverse 5-HT2C ligands result in different 5-HT2C receptor signaling outcomes compared to DOI.","[""Relation-DIRECT-REGULATOR"", ""Relation-AGONIST"", ""DirectionalEntity-CHEMICAL"", ""Relation-ACTIVATOR"", ""Relation-ANTAGONIST"", ""DirectedEntity-GENE-Y""]","[{""DirectionalEntity"": {""Type"": ""CHEMICAL"", ""Name"": ""CP 809101""}, ""Relation"": {""Type"": ""AGONIST"", ""Name"": ""AGONIST""}, ""DirectedEntity"": {""Type"": ""GENE-Y"", ""Name"": ""5-HT2C""}}, {""DirectionalEntity"": {""Type"": ""CHEMICAL"", ""Name"": ""Ro 60-0175""}, ""Relation"": {""Type"": ""AGONIST"", ""Name"": ""AGONIST""}, ""DirectedEntity"": {""Type"": ""GENE-Y"", ""Name"": ""5-HT2C""}}, {""DirectionalEntity"": {""Type"": ""CHEMICAL"", ""Name"": ""WAY 161503""}, ""Relation"": {""Type"": ""AGONIST"", ""Name"": ""AGONIST""}, ""DirectedEntity"": {""Type"": ""GENE-Y"", ""Name"": ""5-HT2C""}}, {""DirectionalEntity"": {""Type"": ""CHEMICAL"", ""Name"": ""mCPP""}, ""Relation"": {""Type"": ""AGONIST"", ""Name"": ""AGONIST""}, ""DirectedEntity"": {""Type"": ""GENE-Y"", ""Name"": ""5-HT2C""}}, {""DirectionalEntity"": {""Type"": ""CHEMICAL"", ""Name"": ""1-methylpsilocin""}, ""Relation"": {""Type"": ""AGONIST"", ""Name"": ""AGONIST""}, ""DirectedEntity"": {""Type"": ""GENE-Y"", ""Name"": ""5-HT2C""}}, {""DirectionalEntity"": {""Type"": ""CHEMICAL"", ""Name"": ""4-phenyl-2-N,N-dimethyl-aminotetralin""}, ""Relation"": {""Type"": ""AGONIST"", ""Name"": ""AGONIST""}, ""DirectedEntity"": {""Type"": ""GENE-Y"", ""Name"": ""5-HT2C""}}, {""DirectionalEntity"": {""Type"": ""CHEMICAL"", ""Name"": ""PAT""}, ""Relation"": {""Type"": ""AGONIST"", ""Name"": ""AGONIST""}, ""DirectedEntity"": {""Type"": ""GENE-Y"", ""Name"": ""5-HT2C""}}, {""DirectionalEntity"": {""Type"": ""CHEMICAL"", ""Name"": ""M100907""}, ""Relation"": {""Type"": ""ANTAGONIST"", ""Name"": ""ANTAGONIST""}, ""DirectedEntity"": {""Type"": ""GENE-Y"", ""Name"": ""5-HT2A""}}, {""DirectionalEntity"": {""Type"": ""CHEMICAL"", ""Name"": ""SB-242084""}, ""Relation"": {""Type"": ""ANTAGONIST"", ""Name"": ""ANTAGONIST""}, ""DirectedEntity"": {""Type"": ""GENE-Y"", ""Name"": ""5-HT2C""}}, {""DirectionalEntity"": {""Type"": ""CHEMICAL"", ""Name"": ""DOI""}, ""Relation"": {""Type"": ""ACTIVATOR"", ""Name"": ""ACTIVATOR""}, ""DirectedEntity"": {""Type"": ""GENE-Y"", ""Name"": ""mouse 5-HT2C""}}, {""DirectionalEntity"": {""Type"": ""CHEMICAL"", ""Name"": ""DOI""}, ""Relation"": {""Type"": ""DIRECT-REGULATOR"", ""Name"": ""DIRECT-REGULATOR""}, ""DirectedEntity"": {""Type"": ""GENE-Y"", ""Name"": ""5-HT2C""}}]"
"Procainamide is a specific inhibitor of DNA methyltransferase 1.
CpG island hypermethylation occurs in most cases of cancer, typically resulting in the transcriptional silencing of critical cancer genes. Procainamide has been shown to inhibit DNA methyltransferase activity and reactivate silenced gene expression in cancer cells by reversing CpG island hypermethylation. We report here that procainamide specifically inhibits the hemimethylase activity of DNA methyltransferase 1 (DNMT1), the mammalian enzyme thought to be responsible for maintaining DNA methylation patterns during replication. At micromolar concentrations, procainamide was found to be a partial competitive inhibitor of DNMT1, reducing the affinity of the enzyme for its two substrates, hemimethylated DNA and S-adenosyl-l-methionine. By doing so, procainamide significantly decreased the processivity of DNMT1 on hemimethylated DNA. Procainamide was not a potent inhibitor of the de novo methyltransferases DNMT3a and DNMT3b2. As further evidence of the specificity of procainamide for DNMT1, procainamide failed to lower genomic 5-methyl-2'-deoxycytidine levels in HCT116 colorectal cancer cells when DNMT1 was genetically deleted but significantly reduced genomic 5-methyl-2'-deoxycytidine content in parental HCT116 cells and in HCT116 cells where DNMT3b was genetically deleted. Because many reports have strongly linked DNMT1 with epigenetic alterations in carcinogenesis, procainamide may be a useful drug in the prevention of cancer.","[""DirectedEntity-GENE-N"", ""DirectionalEntity-CHEMICAL"", ""Relation-INDIRECT-DOWNREGULATOR"", ""Relation-SUBSTRATE"", ""Relation-INHIBITOR"", ""DirectedEntity-GENE-Y""]","[{""DirectionalEntity"": {""Type"": ""CHEMICAL"", ""Name"": ""Procainamide""}, ""Relation"": {""Type"": ""INHIBITOR"", ""Name"": ""INHIBITOR""}, ""DirectedEntity"": {""Type"": ""GENE-Y"", ""Name"": ""DNA methyltransferase 1""}}, {""DirectionalEntity"": {""Type"": ""CHEMICAL"", ""Name"": ""Procainamide""}, ""Relation"": {""Type"": ""INHIBITOR"", ""Name"": ""INHIBITOR""}, ""DirectedEntity"": {""Type"": ""GENE-N"", ""Name"": ""DNA methyltransferase""}}, {""DirectionalEntity"": {""Type"": ""CHEMICAL"", ""Name"": ""procainamide""}, ""Relation"": {""Type"": ""INHIBITOR"", ""Name"": ""INHIBITOR""}, ""DirectedEntity"": {""Type"": ""GENE-N"", ""Name"": ""hemimethylase""}}, {""DirectionalEntity"": {""Type"": ""CHEMICAL"", ""Name"": ""procainamide""}, ""Relation"": {""Type"": ""INHIBITOR"", ""Name"": ""INHIBITOR""}, ""DirectedEntity"": {""Type"": ""GENE-Y"", ""Name"": ""DNA methyltransferase 1""}}, {""DirectionalEntity"": {""Type"": ""CHEMICAL"", ""Name"": ""procainamide""}, ""Relation"": {""Type"": ""INHIBITOR"", ""Name"": ""INHIBITOR""}, ""DirectedEntity"": {""Type"": ""GENE-Y"", ""Name"": ""DNMT1""}}, {""DirectionalEntity"": {""Type"": ""CHEMICAL"", ""Name"": ""procainamide""}, ""Relation"": {""Type"": ""INHIBITOR"", ""Name"": ""INHIBITOR""}, ""DirectedEntity"": {""Type"": ""GENE-Y"", ""Name"": ""DNMT1""}}, {""DirectionalEntity"": {""Type"": ""CHEMICAL"", ""Name"": ""S-adenosyl-l-methionine""}, ""Relation"": {""Type"": ""SUBSTRATE"", ""Name"": ""SUBSTRATE""}, ""DirectedEntity"": {""Type"": ""GENE-Y"", ""Name"": ""DNMT1""}}, {""DirectionalEntity"": {""Type"": ""CHEMICAL"", ""Name"": ""procainamide""}, ""Relation"": {""Type"": ""INDIRECT-DOWNREGULATOR"", ""Name"": ""INDIRECT-DOWNREGULATOR""}, ""DirectedEntity"": {""Type"": ""GENE-Y"", ""Name"": ""DNMT1""}}, {""DirectionalEntity"": {""Type"": ""CHEMICAL"", ""Name"": ""procainamide""}, ""Relation"": {""Type"": ""INHIBITOR"", ""Name"": ""INHIBITOR""}, ""DirectedEntity"": {""Type"": ""GENE-Y"", ""Name"": ""DNMT1""}}, {""DirectionalEntity"": {""Type"": ""CHEMICAL"", ""Name"": ""procainamide""}, ""Relation"": {""Type"": ""INHIBITOR"", ""Name"": ""INHIBITOR""}, ""DirectedEntity"": {""Type"": ""GENE-Y"", ""Name"": ""DNMT1""}}]"
"Crystal structure of the IL-2 signaling complex: paradigm for a heterotrimeric cytokine receptor.
IL-2 is a cytokine that functions as a growth factor and central regulator in the immune system and mediates its effects through ligand-induced hetero-trimerization of the receptor subunits IL-2R alpha, IL-2R beta, and gamma(c). Here, we describe the crystal structure of the trimeric assembly of the human IL-2 receptor ectodomains in complex with IL-2 at 3.0 A resolution. The quaternary structure is consistent with a stepwise assembly from IL-2/IL-2R alpha to IL-2/IL-2R alpha/IL-2R beta to IL-2/IL-2R alpha/IL-2R beta/gamma(c). The IL-2R alpha subunit forms the largest of the three IL-2/IL-2R interfaces, which, together with the high abundance of charge-charge interactions, correlates well with the rapid association rate and high-affinity interaction of IL-2R alpha with IL-2 at the cell surface. Surprisingly, IL-2R alpha makes no contacts with IL-2R beta or gamma(c), and only minor changes are observed in the IL-2 structure in response to receptor binding. These findings support the principal role of IL-2R alpha to deliver IL-2 to the signaling complex and act as regulator of signal transduction. Cooperativity in assembly of the final quaternary complex is easily explained by the extraordinarily extensive set of interfaces found within the fully assembled IL-2 signaling complex, which nearly span the entire length of the IL-2R beta and gamma(c) subunits. Helix A of IL-2 wedges tightly between IL-2R beta and gamma(c) to form a three-way junction that coalesces into a composite binding site for the final gamma(c) recruitment. The IL-2/gamma(c) interface itself exhibits the smallest buried surface and the fewest hydrogen bonds in the complex, which is consistent with its promiscuous use in other cytokine receptor complexes.","[""DirectedEntity-GENE-Y"", ""Relation-PART-OF"", ""DirectionalEntity-CHEMICAL""]","[{""DirectionalEntity"": {""Type"": ""CHEMICAL"", ""Name"": ""hydrogen""}, ""Relation"": {""Type"": ""PART-OF"", ""Name"": ""PART-OF""}, ""DirectedEntity"": {""Type"": ""GENE-Y"", ""Name"": ""IL-2""}}]"
"The effect of estramustine derivatives on microtubule assembly in vitro depends on the charge of the substituent.
Estramustine, and derivatives of estramustine with a charged substituent at position 17 on the estrogen moiety, have been investigated for their effects on bovine brain microtubules in vitro. The negatively charged estramustine phosphate has been found previously to be a microtubule-associated protein (MAP)-dependent microtubule inhibitor [Wallin M, Deinum J and Friden B, FEBS Lett 179: 289-293, 1985]. In the present study the binding of estramustine phosphate to MAP2 and tau was investigated. Both these MAPs were found to have two to three binding sites for estramustine phosphate which is compatible with the reported number of basic amino acid repeats of these MAPs, considered to be the ultimate tubulin binding domains. The Kd for the binding of estramustine phosphate to MAP2 was estimated to be 20 microM at 4 degrees, and for the binding of tau, 200 microM. The rate of dissociation was very low (T1/2 greater than 2 hr), which indicates that the binding of estramustine phosphate may stabilize the protein-drug complex by changing the protein conformation. Two new negatively charged estramustine derivatives, estramustine sulphate and estramustine glucuronide, were found to be similar MAP-dependent microtubule inhibitors. The concentration for 50% inhibition of assembly was 100 microM for the sulphate derivative, the same as found previously for estramustine phosphate, and 250 microM for the more bulky estramustine glucuronide. A positively charged derivative, estramustine sarcosinate, did not inhibit microtubule assembly or alter the composition of the coassembled MAPs. The morphology of the microtubules was, however, affected. The uncharged estramustine bound to both tubulin and MAPs, but no effects were seen on microtubule assembly, the composition of coassembled MAPs or the microtubule morphology. Our results suggest that only negatively charged estramustine derivatives have a MAP-dependent microtubule inhibitory effect. The two new negatively charged derivatives could therefore be valuable tools in the study of tubulin-MAP interactions. The results also confirm that these interactions between tubulin and MAPs are mainly electrostatic.","[""DirectedEntity-GENE-N"", ""Relation-DIRECT-REGULATOR"", ""Relation-PART-OF"", ""DirectionalEntity-CHEMICAL""]","[{""DirectionalEntity"": {""Type"": ""CHEMICAL"", ""Name"": ""estramustine phosphate""}, ""Relation"": {""Type"": ""DIRECT-REGULATOR"", ""Name"": ""DIRECT-REGULATOR""}, ""DirectedEntity"": {""Type"": ""GENE-N"", ""Name"": ""MAPs""}}, {""DirectionalEntity"": {""Type"": ""CHEMICAL"", ""Name"": ""amino acid""}, ""Relation"": {""Type"": ""PART-OF"", ""Name"": ""PART-OF""}, ""DirectedEntity"": {""Type"": ""GENE-N"", ""Name"": ""MAPs""}}, {""DirectionalEntity"": {""Type"": ""CHEMICAL"", ""Name"": ""amino acid""}, ""Relation"": {""Type"": ""PART-OF"", ""Name"": ""PART-OF""}, ""DirectedEntity"": {""Type"": ""GENE-N"", ""Name"": ""tubulin""}}, {""DirectionalEntity"": {""Type"": ""CHEMICAL"", ""Name"": ""estramustine phosphate""}, ""Relation"": {""Type"": ""DIRECT-REGULATOR"", ""Name"": ""DIRECT-REGULATOR""}, ""DirectedEntity"": {""Type"": ""GENE-N"", ""Name"": ""MAP2""}}, {""DirectionalEntity"": {""Type"": ""CHEMICAL"", ""Name"": ""estramustine""}, ""Relation"": {""Type"": ""DIRECT-REGULATOR"", ""Name"": ""DIRECT-REGULATOR""}, ""DirectedEntity"": {""Type"": ""GENE-N"", ""Name"": ""tubulin""}}, {""DirectionalEntity"": {""Type"": ""CHEMICAL"", ""Name"": ""estramustine""}, ""Relation"": {""Type"": ""DIRECT-REGULATOR"", ""Name"": ""DIRECT-REGULATOR""}, ""DirectedEntity"": {""Type"": ""GENE-N"", ""Name"": ""MAPs""}}]"
"Synthesis, pharmacological evaluation and QSAR modeling of mono-substituted 4-phenylpiperidines and 4-phenylpiperazines.
A series of mono-substituted 4-phenylpiperidines and -piperazines have been synthesized and their effects on the dopaminergic system tested in vivo. The structure activity relationship (SAR) revealed that the position and physicochemical character of the aromatic substituent proved to be critical for the levels of 3,4-dihydroxyphenylacetic acid (DOPAC) in the brain of freely moving rats. In order to investigate how the structural properties of these compounds affect the response, a set of tabulated and calculated physicochemical descriptors were modeled against the in vivo effects using partial least square (PLS) regression. Furthermore, the binding affinities to the dopamine D2 (DA D2) receptor and monoamine oxidase A (MAO A) enzyme were determined for a chosen subset and QSAR models using the same descriptors as in the in vivo model were produced to investigate the mechanisms leading to the observed DOPAC response. These models, in combination with a strong correlation between the levels of striatal DOPAC and the affinities to DA D2 and MAO A, provides a comprehensive understanding of the biological response for compounds in this class.","[""Relation-DIRECT-REGULATOR"", ""DirectedEntity-GENE-Y"", ""DirectionalEntity-CHEMICAL""]","[{""DirectionalEntity"": {""Type"": ""CHEMICAL"", ""Name"": ""DOPAC""}, ""Relation"": {""Type"": ""DIRECT-REGULATOR"", ""Name"": ""DIRECT-REGULATOR""}, ""DirectedEntity"": {""Type"": ""GENE-Y"", ""Name"": ""DA D2""}}, {""DirectionalEntity"": {""Type"": ""CHEMICAL"", ""Name"": ""DOPAC""}, ""Relation"": {""Type"": ""DIRECT-REGULATOR"", ""Name"": ""DIRECT-REGULATOR""}, ""DirectedEntity"": {""Type"": ""GENE-Y"", ""Name"": ""MAO A""}}]"
"Identification and synthesis of N-(thiophen-2-yl) benzamide derivatives as BRAF(V600E) inhibitors.
The V600E BRAF kinase mutation, which activates the downstream MAPK signaling pathway, commonly occurs in about 8% of all human malignancies and about 50% of all melanomas. In this study, we employed virtual screening and chemical synthesis to identify a series of N-(thiophen-2-yl) benzamide derivatives as potent BRAF(V600E) inhibitors. Structure-activity relationship studies of these derivatives revealed that compounds b40 and b47 are the two most potent BRAF(V600E) inhibitors in this series.","[""Relation-INHIBITOR"", ""DirectedEntity-GENE-N"", ""DirectedEntity-GENE-Y"", ""DirectionalEntity-CHEMICAL""]","[{""DirectionalEntity"": {""Type"": ""CHEMICAL"", ""Name"": ""N-(thiophen-2-yl) benzamide""}, ""Relation"": {""Type"": ""INHIBITOR"", ""Name"": ""INHIBITOR""}, ""DirectedEntity"": {""Type"": ""GENE-Y"", ""Name"": ""BRAF""}}, {""DirectionalEntity"": {""Type"": ""CHEMICAL"", ""Name"": ""N-(thiophen-2-yl) benzamide""}, ""Relation"": {""Type"": ""INHIBITOR"", ""Name"": ""INHIBITOR""}, ""DirectedEntity"": {""Type"": ""GENE-N"", ""Name"": ""V600E""}}, {""DirectionalEntity"": {""Type"": ""CHEMICAL"", ""Name"": ""N-(thiophen-2-yl) benzamide""}, ""Relation"": {""Type"": ""INHIBITOR"", ""Name"": ""INHIBITOR""}, ""DirectedEntity"": {""Type"": ""GENE-Y"", ""Name"": ""BRAF""}}, {""DirectionalEntity"": {""Type"": ""CHEMICAL"", ""Name"": ""N-(thiophen-2-yl) benzamide""}, ""Relation"": {""Type"": ""INHIBITOR"", ""Name"": ""INHIBITOR""}, ""DirectedEntity"": {""Type"": ""GENE-N"", ""Name"": ""V600E""}}]"
"Structural Explanation for Allolactose (lac Operon Inducer) Synthesis by lacZ β-Galactosidase and the Evolutionary Relationship between Allolactose Synthesis and the lac Repressor.
β-Galactosidase (lacZ) has bifunctional activity. It hydrolyzes lactose to galactose and glucose and catalyzes the intramolecular isomerization of lactose to allolactose, the lac operon inducer. β-Galactosidase promotes the isomerization by means of an acceptor site that binds glucose after its cleavage from lactose and thus delays its exit from the site. However, because of its relatively low affinity for glucose, details of this site have remained elusive. We present structural data mapping the glucose site based on a substituted enzyme (G794A-β-galactosidase) that traps allolactose. Various lines of evidence indicate that the glucose of the trapped allolactose is in the acceptor position. The evidence includes structures with Bis-Tris (2,2-bis(hydroxymethyl)-2,2',2″-nitrilotriethanol) and l-ribose in the site and kinetic binding studies with substituted β-galactosidases. The site is composed of Asn-102, His-418, Lys-517, Ser-796, Glu-797, and Trp-999. Ser-796 and Glu-797 are part of a loop (residues 795-803) that closes over the active site. This loop appears essential for the bifunctional nature of the enzyme because it helps form the glucose binding site. In addition, because the loop is mobile, glucose binding is transient, allowing the release of some glucose. Bioinformatics studies showed that the residues important for interacting with glucose are only conserved in a subset of related enzymes. Thus, intramolecular isomerization is not a universal feature of β-galactosidases. Genomic analyses indicated that lac repressors were co-selected only within the conserved subset. This shows that the glucose binding site of β-galactosidase played an important role in lac operon evolution.","[""Relation-PRODUCT-OF"", ""DirectedEntity-GENE-N"", ""DirectionalEntity-CHEMICAL""]","[{""DirectionalEntity"": {""Type"": ""CHEMICAL"", ""Name"": ""Allolactose""}, ""Relation"": {""Type"": ""PRODUCT-OF"", ""Name"": ""PRODUCT-OF""}, ""DirectedEntity"": {""Type"": ""GENE-N"", ""Name"": ""lacZ""}}, {""DirectionalEntity"": {""Type"": ""CHEMICAL"", ""Name"": ""Allolactose""}, ""Relation"": {""Type"": ""PRODUCT-OF"", ""Name"": ""PRODUCT-OF""}, ""DirectedEntity"": {""Type"": ""GENE-N"", ""Name"": ""β-Galactosidase""}}]"
"IL-4 stimulates the expression of CXCL-8, E-selectin, VEGF, and inducible nitric oxide synthase mRNA by equine pulmonary artery endothelial cells.
Little is known concerning the possible contribution of T helper 2 (Th2)-type cytokines to the recruitment of neutrophils into the lung tissue. In the present study, endothelial cells from equine pulmonary arteries were cultured in the presence of recombinant equine (re) IL-4 and reIL-5, and the cytokine mRNA expression of molecules implicated in the chemotaxis and migration of neutrophils was studied using real-time RT-PCR. The functional response of reIL-4-induced endothelial cell stimulation on neutrophil migration was also studied using a chemotaxis chamber. ReIL-4 either increased the expression of CXCL-8, E-selectin, vascular endothelial growth factor (VEGF), and inducible nitric oxide synthase (iNOS), or potentiated the coeffects of lipopolysaccharide (LPS) and tumor necrosis factor-alpha (TNF-alpha) on CXCL-8. Supernatants collected from cultured endothelial cells stimulated with reIL-4 significantly promoted neutrophil migration in a dose-dependent manner. Dexamethasone (DXM) decreased the expression of CXCL-8, VEGF, and iNOS induced by reIL-4, while 1400W dihydrochloride (1400W), a selective inhibitor of iNOS, decreased the expression of E-selectin, VEGF, and iNOS. DXM and 1400W attenuated the mRNA expression of E-selectin and iNOS induced by the costimulation of reIL-4, reTNF-alpha, and LPS. Neither equine nor human recombinant IL-5 influenced the mRNA expression of CXCL-8, E-selectin, or VEGF. These findings suggest that Th2-type cytokines may contribute to pulmonary neutrophilia during allergic inflammation by the increased expression of neutrophil chemokines and adhesion molecules by endothelial cells. DXM and the iNOS inhibitors may decrease pulmonary neutrophilia due, in part, to a direct inhibition of some of these factors.","[""Relation-INHIBITOR"", ""DirectedEntity-GENE-Y"", ""DirectionalEntity-CHEMICAL"", ""Relation-INDIRECT-DOWNREGULATOR""]","[{""DirectionalEntity"": {""Type"": ""CHEMICAL"", ""Name"": ""1400W""}, ""Relation"": {""Type"": ""INHIBITOR"", ""Name"": ""INHIBITOR""}, ""DirectedEntity"": {""Type"": ""GENE-Y"", ""Name"": ""iNOS""}}, {""DirectionalEntity"": {""Type"": ""CHEMICAL"", ""Name"": ""Dexamethasone""}, ""Relation"": {""Type"": ""INDIRECT-DOWNREGULATOR"", ""Name"": ""INDIRECT-DOWNREGULATOR""}, ""DirectedEntity"": {""Type"": ""GENE-Y"", ""Name"": ""CXCL-8""}}, {""DirectionalEntity"": {""Type"": ""CHEMICAL"", ""Name"": ""Dexamethasone""}, ""Relation"": {""Type"": ""INDIRECT-DOWNREGULATOR"", ""Name"": ""INDIRECT-DOWNREGULATOR""}, ""DirectedEntity"": {""Type"": ""GENE-Y"", ""Name"": ""VEGF""}}, {""DirectionalEntity"": {""Type"": ""CHEMICAL"", ""Name"": ""Dexamethasone""}, ""Relation"": {""Type"": ""INDIRECT-DOWNREGULATOR"", ""Name"": ""INDIRECT-DOWNREGULATOR""}, ""DirectedEntity"": {""Type"": ""GENE-Y"", ""Name"": ""iNOS""}}, {""DirectionalEntity"": {""Type"": ""CHEMICAL"", ""Name"": ""DXM""}, ""Relation"": {""Type"": ""INDIRECT-DOWNREGULATOR"", ""Name"": ""INDIRECT-DOWNREGULATOR""}, ""DirectedEntity"": {""Type"": ""GENE-Y"", ""Name"": ""CXCL-8""}}, {""DirectionalEntity"": {""Type"": ""CHEMICAL"", ""Name"": ""DXM""}, ""Relation"": {""Type"": ""INDIRECT-DOWNREGULATOR"", ""Name"": ""INDIRECT-DOWNREGULATOR""}, ""DirectedEntity"": {""Type"": ""GENE-Y"", ""Name"": ""VEGF""}}, {""DirectionalEntity"": {""Type"": ""CHEMICAL"", ""Name"": ""DXM""}, ""Relation"": {""Type"": ""INDIRECT-DOWNREGULATOR"", ""Name"": ""INDIRECT-DOWNREGULATOR""}, ""DirectedEntity"": {""Type"": ""GENE-Y"", ""Name"": ""iNOS""}}, {""DirectionalEntity"": {""Type"": ""CHEMICAL"", ""Name"": ""1400W dihydrochloride""}, ""Relation"": {""Type"": ""INHIBITOR"", ""Name"": ""INHIBITOR""}, ""DirectedEntity"": {""Type"": ""GENE-Y"", ""Name"": ""iNOS""}}, {""DirectionalEntity"": {""Type"": ""CHEMICAL"", ""Name"": ""1400W dihydrochloride""}, ""Relation"": {""Type"": ""INDIRECT-DOWNREGULATOR"", ""Name"": ""INDIRECT-DOWNREGULATOR""}, ""DirectedEntity"": {""Type"": ""GENE-Y"", ""Name"": ""E-selectin""}}, {""DirectionalEntity"": {""Type"": ""CHEMICAL"", ""Name"": ""1400W dihydrochloride""}, ""Relation"": {""Type"": ""INDIRECT-DOWNREGULATOR"", ""Name"": ""INDIRECT-DOWNREGULATOR""}, ""DirectedEntity"": {""Type"": ""GENE-Y"", ""Name"": ""VEGF""}}, {""DirectionalEntity"": {""Type"": ""CHEMICAL"", ""Name"": ""1400W dihydrochloride""}, ""Relation"": {""Type"": ""INDIRECT-DOWNREGULATOR"", ""Name"": ""INDIRECT-DOWNREGULATOR""}, ""DirectedEntity"": {""Type"": ""GENE-Y"", ""Name"": ""iNOS""}}, {""DirectionalEntity"": {""Type"": ""CHEMICAL"", ""Name"": ""1400W""}, ""Relation"": {""Type"": ""INDIRECT-DOWNREGULATOR"", ""Name"": ""INDIRECT-DOWNREGULATOR""}, ""DirectedEntity"": {""Type"": ""GENE-Y"", ""Name"": ""E-selectin""}}, {""DirectionalEntity"": {""Type"": ""CHEMICAL"", ""Name"": ""1400W""}, ""Relation"": {""Type"": ""INDIRECT-DOWNREGULATOR"", ""Name"": ""INDIRECT-DOWNREGULATOR""}, ""DirectedEntity"": {""Type"": ""GENE-Y"", ""Name"": ""VEGF""}}, {""DirectionalEntity"": {""Type"": ""CHEMICAL"", ""Name"": ""1400W""}, ""Relation"": {""Type"": ""INDIRECT-DOWNREGULATOR"", ""Name"": ""INDIRECT-DOWNREGULATOR""}, ""DirectedEntity"": {""Type"": ""GENE-Y"", ""Name"": ""iNOS""}}, {""DirectionalEntity"": {""Type"": ""CHEMICAL"", ""Name"": ""DXM""}, ""Relation"": {""Type"": ""INDIRECT-DOWNREGULATOR"", ""Name"": ""INDIRECT-DOWNREGULATOR""}, ""DirectedEntity"": {""Type"": ""GENE-Y"", ""Name"": ""E-selectin""}}, {""DirectionalEntity"": {""Type"": ""CHEMICAL"", ""Name"": ""1400W""}, ""Relation"": {""Type"": ""INDIRECT-DOWNREGULATOR"", ""Name"": ""INDIRECT-DOWNREGULATOR""}, ""DirectedEntity"": {""Type"": ""GENE-Y"", ""Name"": ""E-selectin""}}, {""DirectionalEntity"": {""Type"": ""CHEMICAL"", ""Name"": ""DXM""}, ""Relation"": {""Type"": ""INDIRECT-DOWNREGULATOR"", ""Name"": ""INDIRECT-DOWNREGULATOR""}, ""DirectedEntity"": {""Type"": ""GENE-Y"", ""Name"": ""iNOS""}}, {""DirectionalEntity"": {""Type"": ""CHEMICAL"", ""Name"": ""1400W""}, ""Relation"": {""Type"": ""INDIRECT-DOWNREGULATOR"", ""Name"": ""INDIRECT-DOWNREGULATOR""}, ""DirectedEntity"": {""Type"": ""GENE-Y"", ""Name"": ""iNOS""}}]"
"The vascular protective properties of kinsenoside isolated from Anoectochilus roxburghii under high glucose condition.
Anoectochilus roxburghii is a traditional Chinese herb used for the treatment of diabetes and some other diseases. The vascular protective effect of its major active ingredient, kinsenoside, in high glucose conditions was investigated in in vivo and in vitro experiments. In in vivo tests, kinsenoside (50 and 100mg/kg) efficiently lowered blood glucose and cholesterol levels and it enhanced the oxidation resistance of diabetic mice induced by streptozotocin. In the in vitro assay, kinsenoside (20 and 50μg/mL) markedly inhibited changes in various biochemical substances (nitric oxide (NO), lactic dehydrogenase (LDH), superoxide dismutase (SOD), and catalase (CAT)) in human umbilical vein endothelial cells (HUVECs) damaged by high glucose (35mM) and restored vascular endothelial structure by balancing the matrix metalloproteinases-the tissue inhibitors of matrix metalloproteinases (MMP-TIMP) system. The vascular protective effects of kinsenoside were speculated to be attributed to oxidative stress inhibition and the reduction of nuclear factor kappa B (NF-κB) mRNA expression levels in high glucose conditions. Moreover, histological examination, including hematoxylin-eosin (H&E) staining, masson trichrome (Masson) staining, and periodic Schiff-methenamine (PASM) staining, greatly supported the morphological and functional amelioration of diabetes-related changes in mice aortas after kinsenoside (20 and 50μg/mL) treatment. These results indicated that kinsenoside might be a promising agent for the treatment of diabetic vascular disease.","[""DirectedEntity-GENE-N"", ""DirectedEntity-GENE-Y"", ""DirectionalEntity-CHEMICAL"", ""Relation-INDIRECT-DOWNREGULATOR""]","[{""DirectionalEntity"": {""Type"": ""CHEMICAL"", ""Name"": ""kinsenoside""}, ""Relation"": {""Type"": ""INDIRECT-DOWNREGULATOR"", ""Name"": ""INDIRECT-DOWNREGULATOR""}, ""DirectedEntity"": {""Type"": ""GENE-N"", ""Name"": ""nuclear factor kappa B""}}, {""DirectionalEntity"": {""Type"": ""CHEMICAL"", ""Name"": ""kinsenoside""}, ""Relation"": {""Type"": ""INDIRECT-DOWNREGULATOR"", ""Name"": ""INDIRECT-DOWNREGULATOR""}, ""DirectedEntity"": {""Type"": ""GENE-N"", ""Name"": ""NF-κB""}}, {""DirectionalEntity"": {""Type"": ""CHEMICAL"", ""Name"": ""kinsenoside""}, ""Relation"": {""Type"": ""INDIRECT-DOWNREGULATOR"", ""Name"": ""INDIRECT-DOWNREGULATOR""}, ""DirectedEntity"": {""Type"": ""GENE-N"", ""Name"": ""lactic dehydrogenase""}}, {""DirectionalEntity"": {""Type"": ""CHEMICAL"", ""Name"": ""kinsenoside""}, ""Relation"": {""Type"": ""INDIRECT-DOWNREGULATOR"", ""Name"": ""INDIRECT-DOWNREGULATOR""}, ""DirectedEntity"": {""Type"": ""GENE-N"", ""Name"": ""LDH""}}, {""DirectionalEntity"": {""Type"": ""CHEMICAL"", ""Name"": ""kinsenoside""}, ""Relation"": {""Type"": ""INDIRECT-DOWNREGULATOR"", ""Name"": ""INDIRECT-DOWNREGULATOR""}, ""DirectedEntity"": {""Type"": ""GENE-N"", ""Name"": ""superoxide dismutase""}}, {""DirectionalEntity"": {""Type"": ""CHEMICAL"", ""Name"": ""kinsenoside""}, ""Relation"": {""Type"": ""INDIRECT-DOWNREGULATOR"", ""Name"": ""INDIRECT-DOWNREGULATOR""}, ""DirectedEntity"": {""Type"": ""GENE-N"", ""Name"": ""SOD""}}, {""DirectionalEntity"": {""Type"": ""CHEMICAL"", ""Name"": ""kinsenoside""}, ""Relation"": {""Type"": ""INDIRECT-DOWNREGULATOR"", ""Name"": ""INDIRECT-DOWNREGULATOR""}, ""DirectedEntity"": {""Type"": ""GENE-Y"", ""Name"": ""catalase""}}, {""DirectionalEntity"": {""Type"": ""CHEMICAL"", ""Name"": ""kinsenoside""}, ""Relation"": {""Type"": ""INDIRECT-DOWNREGULATOR"", ""Name"": ""INDIRECT-DOWNREGULATOR""}, ""DirectedEntity"": {""Type"": ""GENE-Y"", ""Name"": ""CAT""}}]"
"Antagonism of the transient receptor potential ankyrin 1 (TRPA1) attenuates hyperalgesia and urinary bladder overactivity in cyclophosphamide-induced haemorrhagic cystitis.
The aim of this study was to investigate the involvement of the transient receptor potential ankyrin 1 (TRPA1) in haemorrhagic cystitis, the main side effect of cyclophosphamide-based chemotherapy. Hannover female rats received intraperitoneal (i.p.) injection of cyclophosphamide (three doses of 100mg/kg, every other day, in a total of five days). This treatment was followed by the treatment with TRPA1 antagonist HC 030031 (50mg/kg, p.o.). The threshold for hindpaw withdrawal or abdominal retraction to von Frey Hair and the locomotor activity were measured. The treatment with the TRPA1 antagonist HC 030031 significantly decreased mechanical hyperalgesia induced by cyclophosphamide without interfere with locomotor activity. Urodynamic parameters were performed by cystometry 24h after a single treatment with cyclophosphamide (200mg/kg, i.p.) in control and HC 030031 treated rats. Analyses of the urodynamic parameters showed that a single dose of cyclophosphamide was enough to significantly increase the number and amplitude of non-voiding contractions and to decrease the voided volume and voiding efficiency, without significantly altering basal, threshold or maximum pressure. The treatment with HC 030031 either before (100mg/kg, p.o.) or after (30mg/kg, i.v.) cyclophosphamide inhibited the non-voiding contractions but failed to counteract the loss in voiding efficiency. Our data demonstrates that nociceptive symptoms and urinary bladder overactivity caused by cyclophosphamide, in part, are dependent upon the activation of TRPA1. In this context, the antagonism of the receptor may be an alternative to minimise the urotoxic symptoms caused by this chemotherapeutic agent.","[""DirectedEntity-GENE-Y"", ""Relation-ACTIVATOR"", ""DirectionalEntity-CHEMICAL"", ""Relation-ANTAGONIST""]","[{""DirectionalEntity"": {""Type"": ""CHEMICAL"", ""Name"": ""cyclophosphamide""}, ""Relation"": {""Type"": ""ACTIVATOR"", ""Name"": ""ACTIVATOR""}, ""DirectedEntity"": {""Type"": ""GENE-Y"", ""Name"": ""TRPA1""}}, {""DirectionalEntity"": {""Type"": ""CHEMICAL"", ""Name"": ""HC 030031""}, ""Relation"": {""Type"": ""ANTAGONIST"", ""Name"": ""ANTAGONIST""}, ""DirectedEntity"": {""Type"": ""GENE-Y"", ""Name"": ""TRPA1""}}, {""DirectionalEntity"": {""Type"": ""CHEMICAL"", ""Name"": ""HC 030031""}, ""Relation"": {""Type"": ""ANTAGONIST"", ""Name"": ""ANTAGONIST""}, ""DirectedEntity"": {""Type"": ""GENE-Y"", ""Name"": ""TRPA1""}}]"
"Functional significance of globotriaosyl ceramide in interferon-alpha(2)/type 1 interferon receptor-mediated antiviral activity.
The N-terminus of the type 1 interferon receptor subunit, IFNAR1, has high amino acid sequence similarity to the receptor binding B subunit of the Escherichia coli-derived verotoxin 1, VT1. The glycolipid, globotriaosyl ceramide (Gb(3): Gal alpha(1) --> 4 Gal beta 1 --> 4 Glu beta 1 --> 1 Cer) is the specific cell receptor for VT1. Gb(3)-deficient variant cells selected for VT resistance are cross-resistant to interferon-alpha (IFN-alpha)-mediated antiproliferative activity. The association of eIFNAR1 with Gal alpha 1 --> 4 Gal containing glycolipids has been previously shown to be important for the receptor-mediated IFN-alpha signal transduction for growth inhibition. The crucial role of Gb(3) for the signal transduction of IFN-alpha-mediated antiviral activity is now reported. IFN-alpha-mediated antiviral activity, nuclear translocation of activated Stat1, and increased expression of PKR were defective in Gb(3)-deficient vero mutant cells, although the surface expression of IFNAR1 was unaltered. The VT1B subunit was found to inhibit IFN-alpha-mediated antiviral activity, Stat1 nuclear translocation and PKR upregulation. Unlike VT1 cytotoxicity, IFN-alpha-induced Stat1 nuclear translocation was not inhibited when RME was prevented, suggesting that the accessory function of Gb(3) occurs at the plasma membrane. IFN-alpha antiviral activity was also studied in Gb(3)-positive MRC-5 cells, which are resistant to IFN-alpha growth inhibition, partially resistant to VT1 but still remain fully sensitive to IFN-alpha antiviral activity, and two astrocytoma cell lines expressing different Gb(3) fatty acid isoforms. In both systems, long chain fatty acid-containing Gb(3) isoforms, which are less effective to mediate VT1 cytotoxicity, were found to correlate with higher IFN-alpha-mediated antiviral activity. Inhibition of Gb(3) synthesis in toto prevented IFN-alpha antiviral activity in all cells. We propose that the long chain Gb(3) fatty isoforms preferentially remain in the plasma membrane, and by associating with IFNAR1, mediate IFN-alpha antiviral signaling, whereas short chain Gb(3) fatty acid isoforms are preferentially internalized to mediate VT1 cytotoxicity and IFNAR1-dependent IFN-alpha growth inhibition.","[""DirectedEntity-GENE-N"", ""DirectedEntity-GENE-Y"", ""Relation-PART-OF"", ""DirectionalEntity-CHEMICAL""]","[{""DirectionalEntity"": {""Type"": ""CHEMICAL"", ""Name"": ""N""}, ""Relation"": {""Type"": ""PART-OF"", ""Name"": ""PART-OF""}, ""DirectedEntity"": {""Type"": ""GENE-Y"", ""Name"": ""type 1 interferon receptor subunit""}}, {""DirectionalEntity"": {""Type"": ""CHEMICAL"", ""Name"": ""N""}, ""Relation"": {""Type"": ""PART-OF"", ""Name"": ""PART-OF""}, ""DirectedEntity"": {""Type"": ""GENE-Y"", ""Name"": ""IFNAR1""}}, {""DirectionalEntity"": {""Type"": ""CHEMICAL"", ""Name"": ""amino acid""}, ""Relation"": {""Type"": ""PART-OF"", ""Name"": ""PART-OF""}, ""DirectedEntity"": {""Type"": ""GENE-Y"", ""Name"": ""type 1 interferon receptor subunit""}}, {""DirectionalEntity"": {""Type"": ""CHEMICAL"", ""Name"": ""amino acid""}, ""Relation"": {""Type"": ""PART-OF"", ""Name"": ""PART-OF""}, ""DirectedEntity"": {""Type"": ""GENE-Y"", ""Name"": ""IFNAR1""}}, {""DirectionalEntity"": {""Type"": ""CHEMICAL"", ""Name"": ""amino acid""}, ""Relation"": {""Type"": ""PART-OF"", ""Name"": ""PART-OF""}, ""DirectedEntity"": {""Type"": ""GENE-N"", ""Name"": ""B subunit of the Escherichia coli-derived verotoxin 1, VT1""}}]"
"Microarray and biochemical analysis of lovastatin-induced apoptosis of squamous cell carcinomas.
We recently identified 3-hydroxy-3-methylglutaryl coenzyme A (HMG-CoA) reductase, the rate-limiting enzyme of the mevalonate pathway, as a potential therapeutic target of the head and neck squamous cell carcinomas (HNSCC) and cervical carcinomas (CC). The products of this complex biochemical pathway, including de novo cholesterol, are vital for a variety of key cellular functions affecting membrane integrity, cell signaling, protein synthesis, and cell cycle progression. Lovastatin, a specific inhibitor of HMG-CoA reductase, induces a pronounced apoptotic response in a specific subset of tumor types, including HNSCC and CC. The mediators of this response are not well established. Identification of differentially expressed genes represents a feasible approach to delineate these mediators as lovastatin has the potential to modulate transcription indirectly by perturbing levels of sterols and other mevalonate metabolites. Expression analysis following treatment of the HNSCC cell lines SCC9 or SCC25 with 10 microM lovastatin for 1 day showed that less than 2% (9 cDNAs) of the 588 cDNAs on this microarray were affected in both cell lines. These included diazepam-binding inhibitor/acyl-CoA-binding protein, the activated transcription factor 4 and rhoA. Because the biosynthesis of mevalonate leads to its incorporation into more than a dozen classes of end products, their role in lovastatin-induced apoptosis was also evaluated. Addition of the metabolites of all the major branches of the mevalonate pathway indicated that only the nonsterol moiety, geranylgeranyl pyrophosphate (GGPP), significantly inhibited the apoptotic effects of lovastatin in HNSCC and CC cells. Because rhoA requires GGPP for its function, this links the microarray and biochemical data and identifies rhoA as a potential mediator of the anticancer properties of lovastatin. Our data suggest that the depletion of nonsterol mevalonate metabolites, particularly GGPP, can be potential mediators of lovastatin-induced apoptosis of HNSCC and CC cells.","[""Relation-INHIBITOR"", ""DirectedEntity-GENE-Y"", ""DirectionalEntity-CHEMICAL""]","[{""DirectionalEntity"": {""Type"": ""CHEMICAL"", ""Name"": ""Lovastatin""}, ""Relation"": {""Type"": ""INHIBITOR"", ""Name"": ""INHIBITOR""}, ""DirectedEntity"": {""Type"": ""GENE-Y"", ""Name"": ""HMG-CoA reductase""}}]"
"Thymidylate synthase expression pattern, expression level and single nucleotide polymorphism are predictors for disease-free survival in patients of colorectal cancer treated with 5-fluorouracil.
Several variables associated to thymidylate synthase (TS), the biological target of 5-fluorouracil (5FU) have been studied for their possible role as predictors of the clinical outcome and response to chemotherapy in colorectal cancer (CRC) patients. The level of protein expression and the number of variable tandem-repeats of a 28-bp sequence within the gene promoter have been proposed as predictive and/or prognostic factors with variable agreement, while consensus seems to be achieved with respect to the value of a single nucleotide polymorphism (SNP) described within this same region. More recently, an association between TS expression pattern and survival has been disclosed. Paraffin-embedded sections from 140 CRC patients were analyzed by immuno-histochemistry (Mab TS106) for TS levels and expression pattern. Also, VNTR and SNP were determined by polymerase-chain reaction (PCR) and restriction-length-fragment polymorphism (RFLP) in 123 and 112 patients, respectively. Cytoplasmic expression pattern tended to be associated to C SNP (p=0.06). Low TS expression levels, cytoplasmic expression pattern and C SNP arose as variables associated to longer progression-free survival (PFS) in patients treated with 5FU. Accordingly, patients having at least two favourable or unfavourable variables were classified respectively as 'low risk' and 'high risk', the former showing significantly longer PFS (p=0.0299). The possibility for designing a selection method for subsequent therapies is suggested on the basis of a probable combined effect of the above mentioned parameters but further studies in larger populations are needed to confirm these results.","[""DirectedEntity-GENE-Y"", ""DirectionalEntity-CHEMICAL"", ""Relation-INDIRECT-DOWNREGULATOR""]","[{""DirectionalEntity"": {""Type"": ""CHEMICAL"", ""Name"": ""5FU""}, ""Relation"": {""Type"": ""INDIRECT-DOWNREGULATOR"", ""Name"": ""INDIRECT-DOWNREGULATOR""}, ""DirectedEntity"": {""Type"": ""GENE-Y"", ""Name"": ""TS""}}]"
