"""## Table of Contents ## Available Information Our investor relations website is amazon.com/ir and we encourage investors to use it as a way of easily finding information about us. We promptly make available on this website, free of charge, the reports that we file or furnish with the Securities and Ex change Commission ('SEC'), corporate governance information (including our Code of Business Conduct and Ethics), and select press releases. ## Executive Officers and Directors The following tables set forth certain information regarding our Executive Officers and Directors as of January 29, 2025: ## Information About Our Executive Officers""",amazon.com/ir: website URL; SecuritiesandExchangeCommission: government agency; SEC: government agency; CodeofBusinessConductandEthics: corporate policy; January29: none; 2025: none
"""\_\_\_\_\_\_\_\_\_\_\_\_\_\_\_\_\_\_\_ (1) For the year ended December 31, 2023 and 2024, this amount relates to equipment included in 'Property and equipment acquired under finance leases, net of remeasurements and modifications' of $642 million and $854 million. (2) For the year ended December 31, 2023 and 2024, this amount relates to property included in 'Principal repayments of finance leases' of $4,384 million and $2,043 million. All of these free cash flows measures have limitations as they omit certain components of the overall cash flow statement and do not represent the residual cash flow available for discretionary ex penditures. For ex ample, these measures of free cash flows do not incorporate the portion of payments representing principal reductions of debt or cash payments for business acquisitions. Additionally, our mix of property and equipment acquisitions with cash or other financing options may change over time. Therefore, we believe it is important to view free cash flows measures only as a complement to our entire consolidated statements of cash flows. ## Effect of Foreign Exchange Rates Information regarding the effect of foreign exchange rates, versus the U.S. Dollar, on our net sales, operating ex penses, and operating income is provided to show reported period operating results had the foreign exchange rates remained the same as those in effect in the comparable prior year period. The effect on our net sales, operating expenses, and operating income from changes in our foreign exchange rates versus the U.S. Dollar is as follows (in millions):""",December31: date; Propertyandequipmentacquiredunderfinanceleases: financial term; Principalrepaymentsoffinanceleases: financial term; freecashflows: financial term; cashflowstatement: financial document; discretionaryexpenditures: financial term; businessacquisitions: business activity; consolidatedstatementsofcashflows: financial document; ForeignExchangeRates: financial term; U.S.Dollar: currency; netsales: financial term; operatingexpenses: financial term; operatingincome: financial term
"""Exhibit N umber 101** Exhibit D escription Inline X BRL Document Set for the consolidated financial statements and accompanying notes in Part II, Item 8, 'Financial Statements and Supplementary Data' of this A nnual Report on Form 10-K. 104** Inline X BRL for the cover page of this A nnual Report on Form 10-K, included in the Exhibit 101 Inline X BRL Document Set. * I ndicates m anagem ent contract or com pensatory plan or arrangem ent. - ** Filed herewith. - *** Furnished herewith. - (1) Certain instrum ents defining the rights of holders of long-term debt securities of the R egistrant are om itted pursuant to I tem 601(b)(4)(iii) of R egulation S-K. T he Registrant hereby undertakes to furnish to the SE C , upon request, copies of any such instrum ents. ## Item 16. F orm 10-K Summary None. Apple Inc. | 2024 F orm 10-K | 56 Incorporated by R eference Form Exhibit Filing D ate/ Period E nd D ate""",ExhibitNumber101: exhibit identifier; InlineXBRLDocumentSet: document type; PartII: report section; Item8: report section; FinancialStatements: financial document; SupplementaryData: financial document; AnnualReport: report type; Form10-K: report type; Exhibit101: exhibit identifier; InlineXBRL: document type; Item601b4iii: regulation section; RegulationS-K: regulation type; Registrant: legal entity; SEC: government agency; Item16: report section; Form10-KSummary: report section; AppleInc: company name; FormExhibit: document type; FilingDate: date type; PeriodEndDate: date type
"""## PART II ## Item 5. Market for Registrant's Common Equity, Related Stockholder Matters and Issuer Purchases of Equity Securities The Company's common stock is traded on The Nasdaq Stock M arket LLC under the symbol AAPL. ## Holders As of October 18, 2024, there were 23,301 shareholders of record. ## Purchases of Equity Securities by the Issuer and Affiliated Purchasers Share repurchase activity during the three months ended September 28, 2024 was as follows (in millions, except number of shares, which are reflected in thousands, and per-share amounts):""",PARTII: none; Item5: none; Market: financial concept; Registrant: legal entity; CommonEquity: financial instrument; RelatedStockholderMatters: none; IssuerPurchases: none; EquitySecurities: financial instrument; Company: business entity; commonstock: financial instrument; NasdaqStockMarketLLC: financial institution; symbolAAPL: stock symbol; Holders: none; October18: date; 2024: year; shareholders: none; record: none; Purchases: none; EquitySecurities: financial instrument; Issuer: legal entity; AffiliatedPurchasers: none; Share: financial instrument; repurchase: financial activity; activity: none; September28: date; millions: none; number: none; shares: financial instrument; thousands: none; per-shareamounts: none
"""## Table of Contents services, and unlawfully maintains those monopolies through anticompetitive practices relating to our pricing policies, advertising practices, the structure of Prime, and promotion of our own products on our website. The complaint seeks injunctive and structural relief, an unspecified amount of damages, and costs. In May 2024, the Attorney General of Arizona filed a complaint in the Superior Court of Arizona in Maricopa County alleging that Amazon's practices related to pricing and the Featured Offers in its stores violate state antitrust and consumer protection laws. That complaint also seeks injunctive relief, an unspecified amount of damages, civil penalties, and costs. Amazon's motions to dismiss were granted in part and denied in part in Frame-Wilson in March 2022 and March 2023, De Coster v. Amazon.com, Inc. (W.D. Wash.) in January 2023, and the California Attorney General's lawsuit in March 2023. All three courts dismissed claims alleging that Amazon's pricing policies are inherently illegal and denied dismissal of claims alleging that Amazon's pricing policies are an unlawful restraint of trade. In August 2024, the DC Court of Appeals overturned a prior decision by the DC Superior Court dismissing the DC Attorney General's lawsuit and that case is now proceeding. In September 2024, the United States District Court for the W.D. Wash. granted in part Amazon's motion to dismiss the suit brought by the FTC and certain state Attorneys General with respect to five state law claims and denied the motion with respect to the remaining claims. We dispute the allegations of wrongdoing and intend to defend ourselves vigorously in these matters. In October 2020, Broadband iTV, Inc. filed a complaint against Amazon.com, Inc., Amazon.com Services LLC, and Amazon Web Services, Inc. in the United States District Court for the Western District of Tex as. The complaint alleges, among other things, that certain Amazon Prime Video features and services infringe U.S. Patent Nos. 9,648,388, 10,546,750, and 10,536,751, each entitled 'Video-On-Demand Content Delivery System for Providing Video-On-Demand Services to TV Services Subscribers'; 10,028,026, entitled 'System for Addressing On-Demand TV Program Content on TV Services Platform of a Digital TV Services Provider'; and 9,973,825, entitled 'Dynamic Adjustment of Electronic Program Guide Displays Based on Viewer Preferences for Minimizing Navigation in VOD Program Selection.' The complaint seeks an unspecified amount of damages. In April 2022, Broadband iTV alleged in its damages report that in the event of a finding of liability Amazon could be subject to $166 million to $986 million in damages. In September 2022, the district court granted summary judgment, holding that the patents are invalid. In October 2022, Broadband iTV filed a notice of appeal. In September 2024, the United States Court of Appeals for the Federal Circuit affirmed the district court's judgment. This decision is subject to appeal. We dispute the allegations of wrongdoing and will continue to defend ourselves vigorously in this matter. In July 2021, the Luxembourg National Commission for Data Protection (the 'CNPD') issued a decision against Amazon Europe Core S.à r.l. claiming that Amazon's processing of personal data did not comply with the EU General Data Protection Regulation. The decision imposes a fine of €746 million and corresponding practice revisions. We believe the CNPD's decision to be without merit and intend to defend ourselves vigorously in this matter. In December 2021, the Italian Competition Authority (the 'ICA') issued a decision against Amazon Services Europe S.à r.l., Amazon Europe Core S.à r.l., Amazon EU S.à r.l., Amazon Italia Services S.r.l., and Amazon Italia Logistica S.r.l. claiming that certain of our marketplace and logistics practices in Italy infringe EU competition rules. The decision imposes remedial actions and a fine of €1.13 billion, which we have paid and will seek to recover pending conclusion of all appeals. We believe the ICA's decision to be without merit and intend to defend ourselves vigorously in this matter. Beginning in October 2023, Nokia Technologies Oy and related entities filed complaints alleging infringement of patents related to video-related technologies against Amazon.com, Inc. and related entities in multiple courts in the United States, India, the United Kingdom, Germany, and Brazil, the Unified Patent Court of the European Union, and the United States International Trade Commission. The complaints allege, among other things, that certain Amazon Prime Video services and features of Amazon devices carrying the Prime Video app infringe Nokia's patents; some of the complaints additionally allege infringement by Freevee, Twitch, and Amazon voice assistants. The complaints seek, among other things, injunctive relief and, in some cases, unspecified money damages, enhanced damages, attorneys' fees, costs, interest, and declaratory relief. These matters are at various procedural stages, with preliminary and final injunctions issued in certain instances. We dispute the allegations of wrongdoing and intend to defend ourselves vigorously in these matters. In addition, we are regularly subject to claims, litigation, and other proceedings, including potential regulatory proceedings, involving patent and other intellectual property matters, tax es, labor and employment, competition and antitrust, privacy and data protection, consumer protection, commercial disputes, goods and services offered by us and by third parties, and other matters. The outcomes of our legal proceedings and other contingencies are inherently unpredictable, subject to significant uncertainties, and could be material to our operating results and cash flows for a particular period. We evaluate, on a regular basis, developments in our legal proceedings and other contingencies that could affect the amount of liability, including amounts in ex cess of any previous accruals and reasonably possible losses disclosed, and make adjustments and changes to our accruals and disclosures as appropriate. For the matters we disclose that do not include an estimate of the amount of loss or range of losses, such an estimate is not possible or is immaterial, and we may be unable to estimate the possible loss or range of losses that could potentially result from the application of non-monetary remedies. Until the final resolution of such matters, if any of our estimates and assumptions change or prove to have been incorrect, we may experience losses in excess of the""",TableofContents: none; Prime: service; AttorneyGeneralofArizona: government official; SuperiorCourtofArizona: judicial body; Amazon: corporation; Frame-Wilson: legal case; DeCostervAmazoncomInc: legal case; CaliforniaAttorneyGeneral: government official; DCCourtofAppeals: judicial body; DCSuperiorCourt: judicial body; UnitedStatesDistrictCourt: judicial body; FTC: government agency; BroadbandiTVInc: corporation; AmazoncomInc: corporation; AmazoncomServicesLLC: corporation; AmazonWebServicesInc: corporation; UnitedStatesDistrictCourtfortheWesternDistrictofTexas: judicial body; U.S.PatentNos.9648388: patent; U.S.PatentNos.10546750: patent; U.S.PatentNos.10536751: patent; U.S.PatentNos.10028026: patent; U.S.PatentNos.9973825: patent; UnitedStatesCourtofAppealsfortheFederalCircuit: judicial body; LuxembourgNationalCommissionforDataProtection: government agency; CNPD: government agency; AmazonEuropeCoreSàrl: corporation; EUGeneralDataProtectionRegulation: regulation; ItalianCompetitionAuthority: government agency; ICA: government agency; AmazonServicesEuropeSàrl: corporation; AmazonEUSàrl: corporation; AmazonItaliaServicesSrl: corporation; AmazonItaliaLogisticaSrl: corporation; NokiaTechnologiesOy: corporation; Freevee: service; Twitch: service; UnifiedPatentCourtoftheEuropeanUnion: judicial body; UnitedStatesInternationalTradeCommission: government agency
"""Large accelerated filer ☒ Accelerated filer ☐ ☐ Non-accelerated filer ☐ Smaller reporting company Emerging growth company ☐ If an emerging growth company , indicate by check mark if the registrant has elected not to use the extended transition period for complying with any new or revised financial accounting standards provided pursuant to Section 13(a) of the Exchange A ct. ☐ Indicate by check mark whether the registrant has filed a report on and attestation to its management's assessment of the effectiveness of its internal control over financial reporting under Section 404(b) of the Sarbanes-Oxley A ct (15 U.S.C.7262(b)) by the registered public accounting firm that prepared or issued its audit report. ☒ If securities are registered pursuant to Section 12(b) of the A ct, indicate by check mark whether the financial statements of the registrant included in the filing reflect the correction of an error to prev iously issued financial statements. ☐ Indicate by check mark whether any of those error corrections are restatements that required a recovery analysis of incentive-based compensation received by any of the registrant's executive officers during the relevant recovery period pursuant to §240.10D-1(b). ☐ Indicate by check mark whether the registrant is a shell company (as defined in Rule 12b-2 of the Exchange A ct). Y es ☐ No ☒ As of June 28, 2024, the aggregate market value of shares held by non-affiliates of the registrant (based upon the closing sale prices of such shares on the Nasdaq Global Select M arket on June 28, 2024) was approximately $2.0 trillion. For purposes of calculating the aggregate market value of shares held by non- affiliates, we have assumed that all outstanding shares are held by non-affiliates, except for shares held by each of our executive officers, directors, and 5% or greater stockholders. In the case of 5% or greater stockholders, we have not deemed such stockholders to be affiliates unless there are facts and circumstances which would indicate that such stockholders exercise any control over our company , or unless they hold 10% or more of our outstanding common stock. These assumptions should not be deemed to constitute an admission that all executive officers, directors, and 5% or greater stockholders are, in fact, affiliates of our company , or that there are not other persons who may be deemed to be affiliates of our company . Further information concerning shareholdings of our officers, directors, and principal stockholders is included or incorporated by reference in Part III, Item 12 of this A nnual Report on Form 10-K. As of January 28, 2025, there were 5,833 million shares of A lphabet's Class A stock outstanding, 860 million shares of A lphabet's Class B stock outstanding, and 5,497 million shares of the A lphabet's Class C stock outstanding. \_\_\_\_\_\_\_\_\_\_\_\_\_\_\_\_\_\_\_\_\_\_\_\_\_\_\_\_\_\_\_\_\_\_\_\_\_\_\_\_\_\_\_ ## DOCUMENTS INCORPORATED BY REFERENCE Portions of the registrant's Proxy Statement for the 2025 A nnual M eeting of Stockholders are incorporated herein by reference in Part III of this A nnual Report on Form 10-K to the extent stated herein. Such proxy statement will be filed with the Securities and Exchange Commission within 120 days of the registrant's fiscal year ended December 31, 2024.""",Largeacceleratedfiler: financial classification; Acceleratedfiler: financial classification; Non-acceleratedfiler: financial classification; Smallerreportingcompany: financial classification; Emerginggrowthcompany: financial classification; Section13a: legal provision; ExchangeAct: legal act; Section404b: legal provision; Sarbanes-OxleyAct: legal act; 15USC7262b: legal provision; Section12b: legal provision; 24010D-1b: legal provision; Rule12b-2: legal rule; June28: date; 2024: year; NasdaqGlobalSelectMarket: stock market; January28: date; 2025: year; Alphabet: company; ClassA: stock classification; ClassB: stock classification; ClassC: stock classification; ProxyStatement: financial document; 2025AnnualMeeting: event; SecuritiesandExchangeCommission: government agency; December31: date; 2024: year
"""Shares repurchased include unsettled repurchases. (1) Repurchases are executed from time to time, subject to general business and market conditions and other inv estment opportunities, through open market purchases or priv ately negotiated transactions, including through Rule 10b5-1 plans. The repurchase program does not hav e an expiration date. ## Dividends During the year ended December 31, 2024, total cash div idends, which were first paid in June 2024, were $3.5 billion, $519 million, and $3.3 billion for Class A, Class B, and Class C shares, respectiv ely. The company intends to pay quarterly cash div idends in the future, subject to rev iew and approv al by the company's Board of Directors in its sole discretion. ## Note 12. Net Income Per Share We compute net income per share of Class A, Class B, and Class C stock using the two-class method. Basic net income per share is computed using the weighted-av erage number of shares outstanding during the period. Diluted net income per share is computed using the weighted-av erage number of shares and the effect of potentially dilutiv e securities outstanding during the period. Potentially dilutiv e securities consist of RSUs and other contingently issuable shares. The dilutiv e effect of outstanding RSUs and other contingently issuable shares is reflected in diluted earnings per share by application of the treasury stock method. The computation of the diluted net income per share of Class A stock assumes the conv ersion of Class B stock, while the diluted net income per share of Class B stock does not assume the conv ersion of those shares. In accordance with our certificate of incorporation, the rights, including the liquidation and div idend rights, of the holders of our Class A, Class B, and Class C stock are identical, except with respect to v oting. Furthermore, there are a number of safeguards built into our certificate of incorporation, as well as Delaware law , which preclude our Board of Directors from declaring or paying unequal per share div idends on our Class A, Class B, and Class C stock. Specifically, Delaware law prov ides that amendments to our certificate of incorporation which would hav e the effect of adv ersely altering the rights, powers, or preferences of a giv en class of stock must be approv ed by the class of stock adv ersely affected by the proposed amendment. In addition, our certificate of incorporation prov ides that before any such amendment may be put to a stockholder v ote, it must be approv ed by the unanimous consent of our Board of Directors.""",Repurchases: financial activity; Rule10b5-1: regulatory rule; Dividends: financial activity; December31: none; 2024: none; June2024: date; $3.5billion: monetary value; $519million: monetary value; $3.3billion: monetary value; ClassA: stock class; ClassB: stock class; ClassC: stock class; BoardofDirectors: organizational body; Note12: document section; NetIncomePerShare: financial metric; RSUs: financial instrument; Delaware: geographical location; law: legal concept; certificateofincorporation: legal document; stockholder: role; v ote: none
"""| | | Incorporated byReference | Incorporated byReference | Incorporated byReference | |----------------|------------------------------------------------------------------------------------------------------------------------------------------------------------------------------------------------------------------------------------------------------------------------------------------------|----------------------------|----------------------------|------------------------------| | Exhibit Number | Exhibit Description | Form | Exhibit | Filing Date/ Period End Date | | 3.1 | Restated Articles of Incorporation of the Registrant filed on August 3, 2020. | 8-K | 3.1 | 8/7/20 | | 3.2 | Amended and Restated Bylaws of the Registrant effective as of August 20, 2024. | 8-K | 3.2 | 8/23/24 | | 4.1** | Description of Securities of the Registrant. | | | | | 4.2 | Indenture, dated as ofApril 29, 2013, between the Registrant and The BankofNewY ork Mellon Trust Company,N.A., as Trustee. | S-3 | 4.1 | 4/29/13 | | 4.3 | Officer's Certificate of the Registrant, dated as of May3, 2013, including forms of global notes representing the Floating Rate Notes due 2016, Floating Rate Notes due 2018, 0.45% Notes due 2016,1.00%Notes due 2018,2.40%Notes due 2023 and 3.85%Notes due 2043. | 8-K | 4.1 | 5/3/13 | | 4.4 | Officer's Certificate of the Registrant, dated as of May6, 2014, including forms of global notes representing the Floating Rate Notes due 2017, Floating Rate Notes due 2019, 1.05% Notes due 2017, 2.10% Notes due 2019, 2.85% Notes due 2021, 3.45% Notes due 2024 and 4.45%Notes due 2044. | 8-K | 4.1 | 5/6/14 | | 4.5 | Officer's Certificate of the Registrant, dated as of November 10, 2014, including forms of global notes representing the 1.000%Notes due 2022 and 1.625%Notes due 2026. | 8-K | 4.1 | 11/10/14 | | 4.6 | Officer's Certificate of the Registrant, dated as of February 9, 2015, including forms of global notes representing the Floating Rate Notes due 2020, 1.55% Notes due 2020, 2.15% Notes due 2022,2.50%Notes due 2025 and 3.45%Notes due 2045. | 8-K | 4.1 | 2/9/15 | | 4.7 | Officer's Certificate of the Registrant, dated as of May13, 2015, including forms of global notes representing the Floating Rate Notes due 2017, Floating Rate Notes due 2020, 0.900% Notes due 2017,2.000%Notes due 2020,2.700%Notes due 2022,3.200%Notes due 2025, and 4.375%Notes due 2045. | 8-K | 4.1 | 5/13/15 | | 4.8 | Officer's Certificate of the Registrant, dated as of July31, 2015, including forms of global notes representing the 3.05%Notes due 2029 and 3.60%Notes due 2042. | 8-K | 4.1 | 7/31/15 | | 4.9 | Officer's Certificate of the Registrant, dated as of September 17, 2015, including forms of global notes representing the 1.375%Notes due 2024 and 2.000%Notes due 2027. | 8-K | 4.1 | 9/17/15 |""",ExhibitNumber: document identifier; ExhibitDescription: document description; Form: document type; Exhibit: document identifier; FilingDate: date; PeriodEndDate: date; RestatedArticlesofIncorporation: legal document; Registrant: organization; August32020: date; AmendedandRestatedBylaws: legal document; August202024: date; DescriptionofSecurities: document description; Indenture: legal document; April292013: date; TheBankofNewYorkMellonTrustCompanyNA: organization; Trustee: role; OfficersCertificate: legal document; May32013: date; FloatingRateNotes: financial instrument; Notesdue2016: financial instrument; Notesdue2018: financial instrument; Notesdue2023: financial instrument; Notesdue2043: financial instrument; May62014: date; Notesdue2017: financial instrument; Notesdue2019: financial instrument; Notesdue2021: financial instrument; Notesdue2024: financial instrument; Notesdue2044: financial instrument; November102014: date; Notesdue2022: financial instrument; Notesdue2026: financial instrument; February92015: date; Notesdue2020: financial instrument; Notesdue2025: financial instrument; Notesdue2045: financial instrument; May132015: date; Notesdue2027: financial instrument; July312015: date; Notesdue2029: financial instrument; Notesdue2042: financial instrument; September172015: date; Notesdue2024: financial instrument; Notesdue2027: financial instrument
| | September 2019 | September 2020 | September 2021 | September 2022 | September 2023 | September 2024 | |-------------------------------------------|------------------|------------------|------------------|------------------|------------------|------------------| | Apple Inc. | $ 100 | $ 207 | $ 273 | $ 281 | $ 322 | $ 430 | | S&P500Index | $ 100 | $ 113 | $ 156 | $ 131 | $ 155 | $ 210 | | DowJones U.S. TechnologySupersector Index | $ 100 | $ 146 | $ 216 | $ 156 | $ 215 | $ 322 |,AppleInc.: corporation; S&P500Index: financial index; DowJonesUSTechnologySupersectorIndex: financial index
"""| | | Page | |----------|-----------------------------------------------------------------------------------------------------------|----------| | Part | Part | Part | | Item 1. | Business | 1 | | Item 1A. | Risk Factors | 5 | | Item 1B. | Unresolved StaffComments | 17 | | Item 1C. | Cybersecurity | 17 | | Item 2. | Properties | 18 | | Item 3. | Legal Proceedings | 18 | | Item 4. | Mine SafetyDisclosures | 18 | | Part II | Part II | Part II | | Item 5. | Market for Registrant's CommonEquity,Related Stockholder Matters and Issuer Purchases of EquitySecurities | 19 | | Item 6. | [Reserved] | 20 | | Item 7. | Management's Discussion and Analysis of Financial Condition and Results of Operations | 21 | | Item 7A. | Quantitative and Qualitative Disclosures About Market Risk | 27 | | Item 8. | Financial Statements and SupplementaryData | 28 | | Item 9. | Changes in and Disagreements with Accountants on Accounting and Financial Disclosure | 51 | | Item 9A. | Controls and Procedures | 51 | | Item 9B. | Other Information | 52 | | Item 9C. | Disclosure Regarding Foreign Jurisdictions that Prevent Inspections | 52 | | Part III | Part III | Part III | | Item 10. | Directors, Executive Officers and Corporate Governance | 52 | | Item 11. | Executive Compensation | 52 | | Item 12. | SecurityOwnership of Certain Beneficial Owners and Managementand Related Stockholder Matters | 52 | | Item 13. | Certain Relationships and Related Transactions,and Director Independence | 52 | | Item 14. | Principal Accountant Fees and Services | 52 | | Part IV | Part IV | Part IV | | Item 15. | Exhibitand Financial Statement Schedules | 53 | | Item 16. | Form 10-KSummary | 56 |""",Business: business category; RiskFactors: risk category; UnresolvedStaffComments: none; Cybersecurity: security category; Properties: asset category; LegalProceedings: legal category; MineSafetyDisclosures: safety category; MarketforRegistrant'sCommonEquity: financial category; Management'sDiscussionandAnalysisofFinancialConditionandResultsofOperations: financial analysis; QuantitativeandQualitativeDisclosuresAboutMarketRisk: risk disclosure; FinancialStatementsandSupplementaryData: financial documentation; ChangesinandDisagreementswithAccountantsonAccountingandFinancialDisclosure: accounting category; ControlsandProcedures: regulatory category; OtherInformation: none; DisclosureRegardingForeignJurisdictionsthatPreventInspections: regulatory category; DirectorsExecutiveOfficersandCorporateGovernance: corporate governance; ExecutiveCompensation: compensation category; SecurityOwnershipofCertainBeneficialOwnersandManagementandRelatedStockholderMatters: ownership category; CertainRelationshipsandRelatedTransactionsandDirectorIndependence: corporate governance; PrincipalAccountantFeesandServices: accounting category; ExhibitandFinancialStatementSchedules: documentation category; Form10-KSummary: report summary.
"""(1) As of Septem ber 28, 2024, the C om pany was authorized by the Board to purchase up to $1 10 billion of the C om pany's com m on stock under a share repurchase program announced on M ay 2, 2024, of which $20.9 billion had been utilized. D uring the fourth quarter of 2024, the C om pany also utilized the final $4.1 billion under its previous repurchase program , which was authorized in M ay 2023. T he program s do not obligate the C om pany to acquire a m inim um am ount of shares. U nder the program s, shares m ay be repurchased in privately negotiated or open m arket transactions, including under plans com plying with R ule 10b5-1 under the Exchange Act.""",September28: date; 2024: year; Company: organization; Board: organizational body; $110billion: monetary amount; $20.9billion: monetary amount; fourthquarter: time period; $4.1billion: monetary amount; May2023: date; Rule10b5-1: legal regulation; ExchangeAct: legal document
"""The amounts related to the EC fines, including any under appeal, are included in accrued expenses and other current liabilities on our Consolidated Balance Sheets. A mounts include the effects of foreign exchange and interest. In the third quarter of 2024 we made a cash payment of $3.0 billion for the 2017 EC shopping fine. See Note 10 for further details. (1) A dditional property and equipment purchases of $2.8 billion and $3.2 billion as of December 31, 2023 and 2024, respectively , were included in accounts payable. (2) ## Accumulated Other Comprehensive Income (Loss) Components of AOCI, net of income tax, were as follows (in millions):""",ECfines: financial penalty; ConsolidatedBalanceSheets: financial document; foreignexchange: financial concept; interest: financial concept; cashpayment: financial transaction; ECshoppingfine: financial penalty; Note10: document reference; property: asset; equipment: asset; accounts: financial account; payable: financial obligation; AccumulatedOtherComprehensiveIncome: financial concept; AOCI: financial concept; incometax: financial concept
"""## Table of Contents ## PART II ## ITEM 5. MARKET FOR REGISTRANT'S COMMON EQUITY, RELATED STOCKHOLDER MATTERS, AND ISSUER PURCHASES OF EQUITY SECURITIES As of October 2, 2015, Alphabet Inc. became the successor issuer of Google Inc. pursuant to Rule 12g-3(a) under the Exchange Act. Our Class A stock has been listed on the Nasdaq Global Select Market under the symbol 'GOOG' since August 19, 2004, and under the symbol """"GOOGL"""" since April 3, 2014. Prior to August 19, 2004, there was no public market for our stock. Our Class B stock is neither listed nor traded. Our Class C stock has been listed on the Nasdaq Global Select Market under the symbol 'GOOG' since April 3, 2014. ## Holders of Record As of December 31, 2024, there were approximately 7,743 and 1,671 stockholders of record of our Class A stock and Class C stock, respectiv ely. Because many of our shares of Class A stock and Class C stock are held by brokers and other institutions on behalf of stockholders, we are unable to estimate the total number of stockholders represented by these record holders. As of December 31, 2024, there were approximately 57 stockholders of record of our Class B stock. ## Dividend Program Div idend payments to stockholders of Class A, Class B, and Class C shares were $3.5 billion, $519 million, and $3.3 billion, respectiv ely, for the year ended December 31, 2024. The company intends to pay quarterly cash div idends in the future, subject to rev iew and approv al by the company's Board of Directors in its sole discretion. We regularly ev aluate our cash and capital structure, including the size, pace, and form of capital return to stockholders. ## Issuer Purchases of Equity Securities The following table presents information with respect to Alphabet's repurchases of Class A and Class C stock during the quarter ended December 31, 2024:""",PARTII: none; ITEM5: none; MARKET: none; REGISTRANT: none; COMMONEQUITY: none; STOCKHOLDERMATTERS: none; ISSUERPURCHASES: none; EQUITYSECURITIES: none; October2: date; 2015: year; AlphabetInc: corporation; GoogleInc: corporation; Rule12g-3a: legal regulation; ExchangeAct: legal regulation; ClassA: stock class; NasdaqGlobalSelectMarket: stock exchange; GOOG: stock symbol; August19: date; 2004: year; GOOGL: stock symbol; April3: date; 2014: year; ClassB: stock class; ClassC: stock class; December31: date; 2024: year; stockholders: none; DividendProgram: financial program; $3.5billion: monetary amount; $519million: monetary amount; $3.3billion: monetary amount; BoardofDirectors: corporate body; IssuerPurchases: none; EquitySecurities: none; Alphabet: corporation; December31: date; 2024: year
"""## Table of Contents ## North America The North America segment primarily consists of amounts earned from retail sales of consumer products (including from sellers) and advertising and subscription services through North America-focused online and physical stores. This segment includes export sales from these online stores. ## International The International segment primarily consists of amounts earned from retail sales of consumer products (including from sellers) and advertising and subscription services through internationally-focused online stores. This segment includes export sales from these internationally-focused online stores (including export sales from these online stores to customers in the U.S., Mexico, and Canada), but excludes export sales from our North America-focused online stores. ## AWS The AWS segment consists of amounts earned from global sales of compute, storage, database, and other services for start-ups, enterprises, government agencies, and academic institutions. Information on reportable segments and reconciliation to consolidated net income (loss) is as follows (in millions):""",NorthAmerica: geographical location; International: business segment; AWS: business segment; U.S.: geographical location; Mexico: geographical location; Canada: geographical location; TableofContents: none
"""## Table of Contents ## AMAZON.COM, INC. ## NOTES TO CONSOLIDATED FINANCIAL STATEMENTS ## Note 1 - DESCRIPTION OF BUSINESS, ACCOUNTING POLICIES, AND SUPPLEMENTAL DISCLOSURES ## Description of Business We seek to be Earth's most customer-centric company. In each of our segments, we serve our primary customer sets, consisting of consumers, sellers, developers, enterprises, content creators, advertisers, and employees. We serve consumers through our online and physical stores and focus on selection, price, and convenience. We offer programs that enable sellers to grow their businesses, sell their products in our stores, and fulfill orders using our services, and programs that allow authors, independent publishers, musicians, filmmakers, Twitch streamers, skill and app developers, and others to publish and sell content. We serve developers and enterprises of all sizes through AWS, which offers a broad set of on-demand technology services, including compute, storage, database, analytics, and machine learning, and other services. We also manufacture and sell electronic devices. In addition, we provide advertising services to sellers, vendors, publishers, authors, and others, through programs such as sponsored ads, display, and video advertising. We have organized our operations into three segments: North America, International, and AWS. See 'Note 10 - Segment Information.' ## Common Stock Split On May 27, 2022, we effected a 20-for-1 stock split of our common stock and proportionately increased the number of authorized shares of common stock. All share, restricted stock unit ('RSU'), and per share or per RSU information throughout this Annual Report on Form 10-K has been retroactively adjusted to reflect the stock split. The shares of common stock retain a par value of $0.01 per share. Accordingly, an amount equal to the par value of the increased shares resulting from the stock split was reclassified from 'Additional paid-in capital' to 'Common stock.' ## Principles of Consolidation The consolidated financial statements include the accounts of Amazon.com, Inc. and its consolidated entities (collectively, the 'Company'), consisting of its wholly-owned subsidiaries and those entities in which we have a variable interest and of which we are the primary beneficiary, including certain entities in India and certain entities that support our healthcare services. Intercompany balances and transactions between consolidated entities are eliminated. ## Use of Estimates The preparation of financial statements in conformity with GAAP requires estimates and assumptions that affect the reported amounts of assets and liabilities, revenues and expenses, and related disclosures of contingent liabilities in the consolidated financial statements and accompanying notes. Estimates are used for, but not limited to, income tax es, useful lives of equipment, commitments and contingencies, valuation of acquired intangibles and goodwill, stock-based compensation forfeiture rates, vendor funding, inventory valuation, collectability of receivables, impairment of property and equipment and operating leases, valuation and impairment of investments, self-insurance liabilities, and viewing patterns of capitalized video content. Actual results could differ materially from these estimates. We review the useful lives of equipment on an ongoing basis. In Q4 2024, we completed a useful life study for certain types of heavy equipment and are increasing the useful life from ten years to thirteen years for such equipment effective January 1, 2025. Based on heavy equipment included in 'Property and equipment, net' as of December 31, 2024, we estimate an increase in 2025 operating income of approximately $0.9 billion, which will be recorded primarily in 'Fulfillment' and impact our North America and International segments. We completed our most recent servers and networking equipment useful life study in Q4 2024, and are changing the useful lives of a subset of our servers and networking equipment, effective January 1, 2025, from six years to five years. For those assets included in 'Property and equipment, net' as of December 31, 2024, whose useful life will change from six years to five years, we anticipate a decrease in 2025 operating income of approximately $0.7 billion. We ex pect to continue to acquire more of these server and networking assets in 2025. In 2024, we also determined, primarily in the fourth quarter, to retire early certain of our servers and networking equipment. We recorded approximately $920 million of accelerated depreciation and related charges for the quarter ended December 31, 2024 related to these decisions. The accelerated depreciation will continue into 2025 and decrease operating income by approximately $0.6 billion in 2025. These two changes above are due to an increased pace of technology development, particularly in the area of artificial intelligence and machine learning. We had previously increased the useful life of our servers from five years to six years effective January 1, 2024. The effect of this change for the year ended December 31, 2024, based on servers that were included in 'Property and equipment,""",TableofContents: none; AMAZONCOMINC: corporation; NOTESTOCONSOLIDATEDFINANCIALSTATEMENTS: document section; Note1: document section; DESCRIPTIONOFBUSINESS: document section; ACCOUNTINGPOLICIES: document section; SUPPLEMENTALDISCLOSURES: document section; Business: concept; Earth: planet; consumers: demographic group; sellers: demographic group; developers: demographic group; enterprises: business entity; contentcreators: demographic group; advertisers: demographic group; employees: demographic group; AWS: service; technologyservices: service category; compute: service category; storage: service category; database: service category; analytics: service category; machinelearning: service category; electronicdevices: product category; advertisingservices: service category; sponsoredads: service; display: service; videoadvertising: service; NorthAmerica: geographical location; International: geographical location; CommonStockSplit: financial event; May272022: date; stocksplit: financial event; RSU: financial instrument; AnnualReport: document; Form10K: document; parvalue: financial term; Additionalpaidincapital: financial term; Commonstock: financial instrument; PrinciplesofConsolidation: accounting principle; AmazoncomInc: corporation; Company: corporation; GAAP: accounting standard; incometaxes: financial term; equipment: asset category; commitments: financial term; contingencies: financial term; intangibles: asset category; goodwill: asset category; stockbasedcompensation: financial term; vendorfunding: financial term; inventory: asset category; receivables: asset category; property: asset category; operatingleases: financial term; investments: asset category; selfinsuranceliabilities: financial term; videocontent: media category; Q42024: time period; January12025: date; Fulfillment: business operation; December312024: date; servers: hardware; networking: technology category; artificialintelligence: technology category; January12024: date
"""## Table of Contents ## Alphabet Inc. ## NOTES TO CONSOLIDATED FINANCIAL STATEMENTS ## Note 1. Summary of Significant Accounting Policies ## Nature of Operations Google was incorporated in California in September 1998 and re-incorporated in the State of Delaware in August 2003. In 2015, we implemented a holding company reorganization, and as a result, Alphabet Inc. (""""Alphabet"""") became the successor issuer to Google. We generate revenues by deliv ering relev ant, cost-effectiv e online adv ertising; cloud-based solutions that prov ide enterprise customers of all sizes with infrastructure, platform serv ices, and applications; sales of other products and serv ices, such as fees receiv ed for subscription-based products, apps and in-app purchases, and dev ices. ## Basis of Consolidation The consolidated financial statements of Alphabet include the accounts of Alphabet and entities consolidated under the v ariable interest and v oting models. Intercompany balances and transactions hav e been eliminated. ## Use of Estimates Preparation of consolidated financial statements in conformity with GAAP requires us to make estimates and assumptions that affect the amounts reported and disclosed in the financial statements and the accompanying notes. Actual results could differ materially from these estimates due to uncertainties. On an ongoing basis, we ev aluate our estimates, including those related to the allowance for credit losses; contingent liabilities; fair v alues of financial instruments and goodwill; income taxes; inv entory; and useful liv es of property and equipment, among others. We base our estimates on assumptions, both historical and forward looking, that are believ ed to be reasonable, and the results of which form the basis for making judgments about the carrying v alues of assets and liabilities. ## Revenue Recognition Revenues are recognized when control of the promised goods or serv ices is transferred to our customers, and the collectibility of an amount that we expect in exchange for those goods or serv ices is probable. Sales and other similar taxes are excluded from rev enues. ## Advertising Revenues We generate advertising rev enues primarily by deliv ering adv ertising on: - Google Search and other properties, including rev enues from traffic generated by search distribution partners who use Google.com as their default search in browsers, toolbars, etc. and other Google owned and operated properties like Gmail, Google Maps, and Google Play; - YouTube properties; and - Google Network properties, including rev enues from Google Network properties participating in AdMob, AdSense, and Google Ad Manager. Our customers generally purchase adv ertising inv entory through Google Ads, Google Ad Manager, Google Display &amp; Video 360, and Google Marketing Platform, among others. We offer adv ertising by deliv ering both performance and brand adv ertising. We recognize rev enues for performance adv ertising when a user engages with the adv ertisement. For brand adv ertising, we recognize rev enues when the ad is displayed, or a user v iews the ad. For ads placed on Google Network properties, we ev aluate whether we are the principal (i.e., report rev enues on a gross basis) or agent (i.e., report rev enues on a net basis). Generally, we report adv ertising rev enues for ads placed on Google Network properties on a gross basis, that is, the amounts billed to our customers are recorded as rev enues, and amounts paid to Google Network partners are recorded as cost of rev enues. Where we are the principal, we control the adv ertising inv entory before it is transferred to our customers. Our control is ev idenced by our sole ability to monetize the advertising inv entory before it is transferred to our customers and is further supported by us being primarily responsible to our customers and hav ing a lev el of discretion in establishing pricing. ## Google Subscriptions, Platforms, and Devices Google subscriptions, platforms, and dev ices rev enues consist of rev enues from:""",AlphabetInc: corporation; Google: corporation; California: geographical location; Delaware: geographical location; GAAP: accounting standard; YouTube: platform; AdMob: advertising service; AdSense: advertising service; GoogleAdManager: advertising service; GoogleAds: advertising service; GoogleDisplay&Video360: advertising service; GoogleMarketingPlatform: advertising service; Gmail: platform; GoogleMaps: platform; GooglePlay: platform; GoogleNetwork: advertising network
"""To protect the Company's foreign currency-denominated term debt or marketable securities from fluctuations in foreign exchange rates, the Company may use forwards, cross-currency swaps or other instruments. The Company designates these instruments as either cash flow or fair value hedges. A s of September 28, 2024, the maximum length of time over which the Company is hedging its exposure to the variability in future cash flows for term debt-related foreign currency transactions is 18 years. The Company may also use derivative instruments that are not designated as accounting hedges to protect gross margins from certain fluctuations in foreign exchange rates, as well as to offset a portion of the foreign currency gains and losses generated by the remeasurement of certain assets and liabilities denominated in non-functional currencies. ## Interest Rate Risk To protect the Company's term debt or marketable securities from fluctuations in interest rates, the Company may use interest rate swaps, options or other instruments. The Company designates these instruments as either cash flow or fair value hedges. The notional amounts of the Company's outstanding derivative instruments as of September 28, 2024 and September 30, 2023 were as follows (in millions):""",Company: organization; September282024: date; September302023: date; InterestRateRisk: financial concept
"""I ndicate by check m ark whether any of those error corrections are restatem ents that required a recovery analysis of incentive-based com pensation received by any of the registrant's executive officers during the relevant recovery period pursuant to §240.10D -1(b). ☐ I ndicate by check m ark whether the R egistrant is a shell com pany (as defined in R ule 12b-2 of the Act). Yes ☐ N o ☒ The aggregate m arket value of the voting and non-voting stock held by non-affiliates of the R egistrant, as of M arch 29, 2024, the last business day of the R egistrant's m ost recently completed second fiscal quarter, was approxim ately $2,628,553,000,000. Solely for purposes of this disclosure, shares of com m on stock held by executive officers and directors of the R egistrant as of such date have been excluded because such persons m ay be deem ed to be affiliates. T his determ ination of executive officers and directors as affiliates is not necessarily a conclusive determ ination for any other purposes. 15,115,823,000 shares of com m on stock were issued and outstanding as of October 18, 2024. ## DOCUMENTS INCORPORATED BY REFERENCE Portions of the R egistrant's definitive proxy statem ent relating to its 2025 annual m eeting of shareholders are incorporated by reference into P art III of this Annual R eport on F orm 10-K where indicated. T he R egistrant's definitive proxy statem ent will be filed with the U .S. Securities and E xchange C om m ission within 120 days after the end of the fiscal year to which this report relates.""","Registrant: organization; March29: none; 2024: none; October18: none; 2024: none; 15,115,823,000: quantity; $2,628,553,000,000: monetary value; PartIII: document section; Form10-K: document type; U.S.SecuritiesandExchangeCommission: government agency; Rule12b-2: regulation; §240.10D-1(): regulation; 2025: year; AnnualReport: document type; proxy: document type; shareholders: group; executiveofficers: group; directors: group; affiliates: group; fiscalyear: time period"
"""## Table of Contents ## ITEM 9. CHANGES IN AND DISAGREEMENTS WITH ACCOUNTANTS ON ACCOUNTING AND FINANCIAL DISCLOSURE None. ## ITEM 9A. CONTROLS AND PROCEDURES ## Evaluation of Disclosure Controls and Procedures Our management, with the participation of our chief executiv e officer and chief financial officer, ev aluated the effectiv eness of our disclosure controls and procedures pursuant to Rule 13a-15 under the Exchange Act, as of the end of the period cov ered by this Annual Report on Form 10-K. Based on this ev aluation, our chief executiv e officer and chief financial officer concluded that, as of December 31, 2024, our disclosure controls and procedures are designed at a reasonable assurance lev el and are effectiv e to prov ide reasonable assurance that information we are required to disclose in reports that we file or submit under the Exchange Act is recorded, processed, summarized, and reported within the time periods specified in the SEC's rules and forms, and that such information is accumulated and communicated to our management, including our chief executiv e officer and chief financial officer, as appropriate, to allow timely decisions regarding required disclosure. ## Changes in Internal Control over Financial Reporting There have been no changes in our internal control ov er financial reporting that occurred during the quarter ended December 31, 2024 that hav e materially affected, or are reasonably likely to materially affect, our internal control ov er financial reporting. ## Management's Report on Internal Control over Financial Reporting Our management is responsible for establishing and maintaining adequate internal control ov er financial reporting, as defined in Rule 13a-15(f) of the Exchange Act. Our management conducted an evaluation of the effectiv eness of our internal control ov er financial reporting based on the framework in Internal Control-Integrated Framew ork issued by the Committee of Sponsoring Organizations of the Treadway Commission (2013 framework). Based on this ev aluation, management concluded that our internal control ov er financial reporting was effectiv e as of December 31, 2024. Management rev iewed the results of its assessment with our Audit and Compliance Committee. T he effectiv eness of our internal control ov er financial reporting as of December 31, 2024 has been audited by Ernst &amp; Young LLP, an independent registered public accounting firm, as stated in its report which is included in Item 8 of this Annual Report on Form 10-K. ## Limitations on Effectiveness of Controls and Procedures In designing and ev aluating the disclosure controls and procedures, management recognizes that any controls and procedures, no matter how well designed and operated, can prov ide only reasonable assurance of achiev ing the desired control objectiv es. In addition, the design of disclosure controls and procedures must reflect the fact that there are resource constraints and that management is required to apply its judgment in ev aluating the benefits of possible controls and procedures relativ e to their costs. ## ITEM 9B. OTHER INFORMATION ## 10b5-1 Trading Plans During the quarter ended December 31, 2024, each of the following Section 16 director and officer adopted, modified, or terminated a 'Rule 10b5-1 trading arrangement' (as defined in Item 408 of Regulation S-K of the Exchange Act): - John Hennessy, Chair of the Board of Directors of Alphabet, through the John L. Hennessy &amp; Andrea J. Hennessy Rev ocable Trust adopted a trading plan on Nov ember 5, 2024 (with the first trade under the plan scheduled for March 13, 2025). T he trading plan will be effectiv e until March 13, 2026 to sell 6,000 shares of Class C Capital Stock and 1,200 shares of Class A Common Stock. - Sundar Pichai, Chief Executiv e Officer, together with the Pichai Family Foundation, adopted a trading plan on December 2, 2024 (with the first trade under the plan scheduled for April 2, 2025). T he trading plan will be effectiv e until April 18, 2026 to sell an aggregate of 876,000 shares of Class C Capital Stock. There were no """"non-Rule 10b5-1 trading arrangements"""" (as defined in Item 408 of Regulation S-K of the Exchange Act) adopted, modified, or terminated during the quarter ended December 31, 2024 by our directors and Section 16 officers. Each of the Rule 10b5-1 trading arrangements are in accordance with our Policy Against Insider""",TableofContents: document section; ITEM9: document section; ACCOUNTANTS: profession; ACCOUNTING: profession; FINANCIALDISCLOSURE: financial term; ITEM9A: document section; CONTROLS: financial term; PROCEDURES: financial term; Evaluation: process; DisclosureControls: financial term; Procedures: financial term; management: organizational role; chiefexecutiveofficer: organizational role; chieffinancialofficer: organizational role; Rule13a-15: regulation; ExchangeAct: regulation; AnnualReport: document; Form10-K: document; December31: none; 2024: none; SEC: organization; Changes: none; InternalControl: financial term; FinancialReporting: financial term; Management'sReport: document section; CommitteeofSponsoringOrganizationsoftheTreadwayCommission: organization; 2013framework: framework; AuditandComplianceCommittee: organizational role; Ernst&YoungLLP: company; ITEM9B: document section; OTHERINFORMATION: document section; 10b5-1TradingPlans: financial term; Section16: regulation; JohnHennessy: person; ChairoftheBoardofDirectorsofAlphabet: organizational role; JohnL.Hennessy&AndreaJ.HennessyRevocableTrust: legal entity; November5: none; 2024: none; March13: none; 2025: none; March13: none; 2026: none; ClassCCapitalStock: financial instrument; ClassACommonStock: financial instrument; SundarPichai: person; PichaiFamilyFoundation: organization; December2: none; 2024: none; April2: none; 2025: none; April18: none; 2026: none; RegulationS-K: regulation; PolicyAgainstInsider: policy
"""| | Class A, Class B, Class CStock and Additional Paid-In Capital | Class A, Class B, Class CStock and Additional Paid-In Capital | Accumulated Other Comprehensive | Retained | Total Stockholders' | |------------------------------------------------------------------------|-----------------------------------------------------------------|-----------------------------------------------------------------|-----------------------------------|------------|-----------------------| | | Shares | Amount | Income (Loss) | Earnings | Equity | | Balance as of December 31, 2021 | 13,242 | $ 61,774 | $ (1,623) | $ 191,484 | $ 251,635 | | Stock issued | 137 | 8 | 0 | 0 | 8 | | Stock-based compensation | 0 | 19,525 | 0 | 0 | 19,525 | | Tax withholding related to vesting of restricted stock units and other | 0 | (9,754) | 0 | (1) | (9,755) | | Repurchases of stock | (530) | (3,404) | 0 | (55,892) | (59,296) | | Sale of interest in consolidated entities | 0 | 35 | 0 | 0 | 35 | | Net income | 0 | 0 | 0 | 59,972 | 59,972 | | Other comprehensive income (loss) | 0 | 0 | (5,980) | 0 | (5,980) | | Balance as of December 31, 2022 | 12,849 | 68,184 | (7,603) | 195,563 | 256,144 | | Stock issued | 139 | 0 | 0 | 0 | 0 | | Stock-based compensation | 0 | 22,578 | 0 | 0 | 22,578 | | Tax withholding related to vesting of restricted stock units and other | 0 | (10,164) | 0 | 9 | (10,155) | | Repurchases of stock | (528) | (4,064) | 0 | (58,120) | (62,184) | | Net income | 0 | 0 | 0 | 73,795 | 73,795 | | Other comprehensive income (loss) | 0 | 0 | 3,201 | 0 | 3,201 | | Balance as of December 31, 2023 | 12,460 | 76,534 | (4,402) | 211,247 | 283,379 | | Stock issued | 130 | 0 | 0 | 0 | 0 | | Stock-based compensation | 0 | 22,937 | 0 | 0 | 22,937 | | Tax withholding related to vesting of restricted stock units and other | 0 | (12,507) | 0 | (16) | (12,523) | | Repurchases of stock | (379) | (3,359) | 0 | (58,688) | (62,047) | | Div idends and dividend equiv alents declared ($0.60 per share) | 0 | 41 | 0 | (7,577) | (7,536) | | Sale of interest in consolidated entities | 0 | 1,154 | 0 | 0 | 1,154 | | Net income | 0 | 0 | 0 | 100,118 | 100,118 | | Other comprehensive income (loss) | 0 | 0 | (398) | 0 | (398) | | Balance as of December 31, 2024 | 12,211 | $ 84,800 | $ (4,800) | $ 245,084 | $ 325,084 |""",ClassA: financial instrument; ClassB: financial instrument; ClassCStock: financial instrument; AdditionalPaid-InCapital: financial term; AccumulatedOtherComprehensive: financial term; Retained: financial term; TotalStockholders: financial term; December31: date; Stock: financial instrument; Stock-basedcompensation: financial term; Taxwithholding: financial term; vesting: financial term; restrictedstockunits: financial term; Repurchases: financial term; Sale: financial transaction; interest: financial term; consolidatedentities: financial term; Netincome: financial term; Othercomprehensiveincome: financial term; Dividends: financial term; dividendequivalents: financial term; declared: financial term
"""## Table of Contents these models project future cash flows and discount the future amounts to a present v alue using market-based observ able inputs including interest rate curv es, foreign exchange rates, and credit ratings. Level 3 - Unobserv able inputs that are supported by little or no market activ ities. The fair v alue hierarchy requires an entity to maximize the use of observ able inputs and minimize the use of unobserv able inputs when measuring fair v alue. T he determination of fair v alue inv olv es the use of appropriate v aluation methods and relev ant inputs into v aluation models. Our financial assets and liabilities that are measured at fair v alue on a recurring basis include cash equiv alents, marketable securities, deriv ativ e financial instruments, and certain non-marketable debt securities. Our financial assets measured at fair v alue on a nonrecurring basis include nonmarketable equity securities. Other financial assets and liabilities are carried at cost with fair v alue disclosed, if required. We measure certain other instruments, and certain assets and liabilities acquired in a business combination, also at fair v alue on a nonrecurring basis. ## Financial Instruments Our financial instruments include cash, cash equiv alents, marketable and non-marketable securities, deriv ativ e financial instruments, accounts receiv able, and conv ertible notes. ## Credit Risks We are subject to credit risk primarily from cash equiv alents, marketable debt securities, deriv ativ e financial instruments, including foreign exchange contracts, accounts receiv able, and conv ertible notes. We manage our credit risk exposure through timely assessment of our counterparty creditworthiness, credit limits, and use of collateral management. Foreign exchange contracts are transacted with v arious financial institutions with high credit standing. Accounts receiv able are typically unsecured and are deriv ed from rev enues earned from customers located around the world. We manage our credit risk exposure by performing ongoing ev aluations to determine customer credit and we limit the amount of credit we extend. We generally do not require collateral from our customers. ## Cash Equivalents We invest excess cash primarily in asset-backed and mortgage-backed securities, corporate debt securities, gov ernment bonds, money market funds, and time deposits. ## Marketable Securities We classify all marketable debt securities that hav e effectiv e maturities of three months or less from the date of purchase as cash equiv alents and those with effectiv e maturities of greater than three months as marketable securities on our Consolidated Balance Sheets. We determine the appropriate classification of our inv estments in marketable debt securities at the time of purchase and reev aluate such designation at each balance sheet date. We have classified and accounted for our marketable debt securities as av ailable-for-sale. After consideration of our risk v ersus reward objectiv es, as well as our liquidity requirements, we may sell these debt securities prior to their effectiv e maturities. As we v iew these securities as av ailable to support current operations, we classify highly liquid securities with maturities beyond 12 months as current assets under the caption marketable securities on the Consolidated Balance Sheets. We carry these securities at fair v alue, and report the unrealized gains and losses, net of taxes, as a component of stockholders' equity, except for the changes in allowance for expected credit losses, which are recorded in OI&amp;E. For certain marketable debt securities we have elected the fair v alue option, for which changes in fair v alue are recorded in OI&amp;E. We determine any realized gains and losses on the sale of marketable debt securities on a specific identification method, and we record such gains and losses as a component of OI&amp;E. Our inv estments in marketable equity securities are measured at fair v alue with the related gains and losses, including unrealized, recognized in OI&amp;E. We classify our marketable equity securities subject to long-term lock-up restrictions beyond 12 months as other non-current assets on the Consolidated Balance Sheets. ## Non-Marketable Securities Non-marketable securities primarily consist of equity securities. We account for non-marketable equity securities through which we exercise significant influence but do not hav e control ov er the inv estee under the equity method. Other non-marketable equity securities that we hold are primarily accounted for under the measurement alternativ e. Under the measurement alternativ e, the carrying v alue is measured at cost, less any impairment, plus or minus changes resulting from observ able price changes in orderly transactions for identical or similar inv estments of the same issuer. Adjustments are determined primarily based on a market approach as of the transaction date and are recorded as a component of OI&amp;E.""",TableofContents: none; Level3: financial classification; fairvalue: financial concept; financialassets: financial category; liabilities: financial category; cashequivalents: financial category; marketablesecurities: financial category; derivativefinancialinstruments: financial category; nonmarketabledebtsecurities: financial category; nonmarketableequitysecurities: financial category; FinancialInstruments: financial category; creditrisk: financial concept; foreignexchangecontracts: financial instrument; accountsreceivable: financial category; convertiblenotes: financial instrument; CashEquivalents: financial category; assetbackedsecurities: financial instrument; mortgagebackedsecurities: financial instrument; corporatedebtsecurities: financial instrument; governmentbonds: financial instrument; moneymarketfunds: financial instrument; timedeposits: financial instrument; MarketableSecurities: financial category; ConsolidatedBalanceSheets: financial document; stockholdersequity: financial concept; OI&E: financial category; NonMarketableSecurities: financial category; equitysecurities: financial instrument; measurementalternative: financial concept
"""Changes in paid clicks and impressions are driv en by a number of interrelated factors, including changes in adv ertiser spending; ongoing product and policy changes; and, as it relates to paid clicks, fluctuations in search queries resulting from changes in user adoption and usage, primarily on mobile dev ices. Changes in cost-per-click and cost-per-impression are driv en by a number of interrelated factors including changes in dev ice mix, geographic mix, advertiser spending, ongoing product and policy changes, product mix, property mix, and changes in foreign currency exchange rates. Alphabet Inc.""",clicks: none; impressions: none; factors: none; spending: financial activity; product: business concept; policy: regulatory concept; queries: none; adoption: none; usage: none; devices: technology; cost-per-click: financial metric; cost-per-impression: financial metric; mix: none; rates: financial metric; AlphabetInc: corporation
Apple Inc. | 2024 F orm 10-K | 57,AppleInc: corporation; Form10-K: financial document
"""## Table of Contents ## Suppliers During 2024, no vendor accounted for 10% or more of our purchases. We generally do not have long-term contracts or arrangements with our vendors to guarantee the availability of merchandise, particular payment terms, or the extension of credit limits. ## Other Contingencies We are disputing claims and denials of refunds or credits, and monitoring or evaluating potential claims, related to various non-income taxes (such as sales, value added, consumption, service, and similar taxes), including in jurisdictions in which we already collect and remit these tax es. These non-income tax controversies typically include (i) the tax ability of products and services, including cross-border intercompany transactions, (ii) collection and withholding on transactions with third parties, including as a result of evolving requirements imposed on marketplaces with respect to third-party sellers, and (iii) the adequacy of compliance with reporting obligations, including evolving documentation requirements. Due to the inherent complexity and uncertainty of these matters and the judicial and regulatory processes in certain jurisdictions, the final outcome of any such controversies may be materially different from our expectations. ## Legal Proceedings The Company is involved from time to time in claims, proceedings, and litigation, including the following: In May 2018, Rensselaer Polytechnic Institute and CF Dynamic Advances LLC filed a complaint against Amazon.com, Inc. in the United States District Court for the Northern District of New York. The complaint alleged, among other things, that 'Alexa Voice Software and Alexa enabled devices' infringe U.S. Patent No. 7,177,798, entitled 'Natural Language Interface Using Constrained Intermediate Dictionary of Results.' The complaint sought an injunction, an unspecified amount of damages, enhanced damages, an ongoing royalty, interest, attorneys' fees, and costs. In March 2023, the plaintiffs alleged in their damages report that in the event of a finding of liability Amazon could be subject to $140 million to $267 million in damages. In March 2024, the district court granted summary judgment ruling that the patent is invalid and dismissed the case. In April 2024, the plaintiffs filed a notice of appeal. We dispute the allegations of wrongdoing and will continue to defend ourselves vigorously in this matter. In December 2018, Kove IO, Inc. filed a complaint against Amazon Web Services, Inc. in the United States District Court for the Northern District of Illinois. The complaint alleged, among other things, that Amazon S3 and DynamoDB infringe U.S. Patent Nos. 7,814,170 and 7,103,640, each entitled 'Network Distributed Tracking Wire Transfer Protocol'; and 7,233,978, entitled 'Method and Apparatus for Managing Location Information in a Network Separate from the Data to Which the Location Information Pertains.' The complaint sought an unspecified amount of damages, enhanced damages, attorneys' fees, costs, interest, and injunctive relief. In April 2024, a jury found that Amazon infringed the asserted patents and awarded Kove $525 million in damages. In August 2024, the court awarded Kove $148 million in pre-judgment interest. In September 2024, we filed a notice of appeal. We disagree with the jury's findings and will continue to defend ourselves vigorously in this matter. Beginning in June 2019 with Wilcosky v. Amazon.com, Inc., now pending in the United States District Court for the Northern District of Illinois ('N.D. Ill.'), private litigants have filed a number of cases in U.S. federal and state courts, including Hogan v. Amazon.com, Inc. (N.D. Ill.), alleging, among other things, that Amazon's collection, storage, use, retention, and protection of biometric identifiers violated the Illinois Biometric Information Privacy Act. The complaints allege purported classes of Illinois residents who had biometric identifiers collected through Amazon products or services, including Amazon Photos, Alexa, AWS cloud services, Ring, Amazon Connect, Amazon's Flex driver app, and Amazon's virtual try-on technology. The complaints seek certification as class actions, unspecified amounts of damages, injunctive relief, attorneys' fees, costs, and interest. We dispute the allegations of wrongdoing and intend to defend ourselves vigorously in these matters. Beginning in March 2020 with Frame-Wilson v. Amazon.com, Inc. filed in the United States District Court for the Western District of Washington ('W.D. Wash.'), private litigants have filed a number of cases in the U.S. and Canada alleging, among other things, price fixing arrangements between Amazon.com, Inc. and vendors and third-party sellers in Amazon's stores, monopolization and attempted monopolization, and consumer protection and unjust enrichment claims. Attorneys General for the District of Columbia and California brought similar suits in May 2021 and September 2022 in the Superior Court of the District of Columbia and the California Superior Court for the County of San Francisco, respectively. Some of the private cases include allegations of several distinct purported classes, including consumers who purchased a product through Amazon's stores and consumers who purchased a product offered by Amazon through another e-commerce retailer. The complaints seek billions of dollars of alleged damages, treble damages, punitive damages, injunctive relief, civil penalties, attorneys' fees, and costs. The Federal Trade Commission and a number of state Attorneys General filed a similar lawsuit in September 2023 in the W.D. Wash. alleging violations of federal antitrust and state antitrust and consumer protection laws. That complaint alleges, among other things, that Amazon has a monopoly in markets for online superstores and marketplace""",Suppliers: business entity; vendor: business entity; purchases: financial transaction; contracts: legal agreement; arrangements: business practice; merchandise: product category; paymentterms: financial condition; creditlimits: financial condition; Contingencies: legal concept; claims: legal concept; refunds: financial transaction; credits: financial transaction; taxes: financial obligation; sales: financial transaction; valueadded: economic concept; consumption: economic concept; service: business activity; taxcontroversies: legal concept; taxability: legal concept; products: product category; services: business activity; transactions: financial transaction; marketplaces: business entity; sellers: business entity; compliance: legal concept; reportingobligations: legal concept; documentationrequirements: legal concept; judicial: legal concept; regulatoryprocesses: legal concept; LegalProceedings: legal concept; Company: business entity; claims: legal concept; proceedings: legal concept; litigation: legal concept; RensselaerPolytechnicInstitute: educational institution; CFDynamicAdvancesLLC: business entity; Amazon.comInc: business entity; UnitedStatesDistrictCourt: legal institution; NorthernDistrictofNewYork: geographical location; complaint: legal document; AlexaVoiceSoftware: technology product; Alexadevices: technology product; U.S.PatentNo7177798: legal document; injunction: legal concept; damages: legal concept; royalty: financial transaction; interest: financial concept; attorneysfees: financial transaction; costs: financial transaction; plaintiffs: legal role; liability: legal concept; districtcourt: legal institution; summaryjudgment: legal concept; patent: legal document; case: legal concept; noticeofappeal: legal document; KoveIOInc: business entity; AmazonWebServicesInc: business entity; UnitedStatesDistrictCourt: legal institution; NorthernDistrictofIllinois: geographical location; AmazonS3: technology product; DynamoDB: technology product; U.S.PatentNos7814170: legal document; U.S.PatentNos7103640: legal document; NetworkDistributedTrackingWireTransferProtocol: technology concept; MethodandApparatusforManagingLocationInformationinaNetworkSeparatefromtheDatatoWhichtheLocationInformationPertains: technology concept; jury: legal role; pre-judgmentinterest: financial concept; appeal: legal concept; Wilcosky: none; Amazon.comInc: business entity; UnitedStatesDistrictCourt: legal institution; NorthernDistrictofIllinois: geographical location; Hogan: none; IllinoisBiometricInformationPrivacyAct: legal document; classes: legal concept; Illinoisresidents: demographic group; biometricidentifiers: technology concept; AmazonPhotos: technology product; Alexa: technology product; AWScloudservices: technology product; Ring: technology product; AmazonConnect: technology product; AmazonFlexdriverapp: technology product; Amazonvirtualtry-ontechnology: technology product; classactions: legal concept; Frame-Wilson: none; Amazon.comInc: business entity; UnitedStatesDistrictCourt: legal institution; WesternDistrictofWashington: geographical location; pricefixing: legal concept; vendors: business entity; sellers: business entity; stores: business entity; monopolization: legal concept; consumerprotection: legal concept; unjustenrichment: legal concept; AttorneysGeneral: legal role; DistrictofColumbia: geographical location; California: geographical location; SuperiorCourt: legal institution; CountyofSanFrancisco: geographical location; consumers: demographic group; product: product category; e-commerceretailer: business entity; damages: legal concept; treble: legal concept; punitive: legal concept; civilpenalties: legal concept; FederalTradeCommission: legal institution; stateAttorneysGeneral: legal role; lawsuit: legal concept; W.D.Wash: geographical location; antitrustlaws: legal document; consumerprotectionlaws: legal document; monopoly: economic concept; markets: economic concept; onlinesuperstores: business entity; marketplace: business entity
"""\_\_\_\_\_\_\_\_\_\_\_\_\_\_\_\_\_\_\_ (1) North America and International segment assets primarily consist of property and equipment, operating leases, inventory, accounts receivable, and digital video and music content. (2) AWS segment assets primarily consist of property and equipment, accounts receivable, and operating leases. Property and equipment, net by segment is as follows (in millions):""",NorthAmerica: geographical location; International: geographical location; AWS: business unit; segment: business concept; assets: financial concept; property: tangible asset; equipment: tangible asset; operatingleases: financial concept; inventory: financial concept; accountsreceivable: financial concept; digitalvideo: digital content; musiccontent: digital content
"""| | | Incorporated byreference herein | Incorporated byreference herein | |----------------|-----------------------------------------------------------------------------------------------------------------------------|--------------------------------------------------|-----------------------------------| | Exhibit Number | Description | Form | Date | | 2.01 | Agreement and Plan of Merger, dated October 2, 2015, by and among Google Inc., the Registrant and Maple Technologies Inc. | Current Report on Form 8-K (File No. 001- 37580) | October 2, 2015 | | 3.01 | Amended and Restated Certificate of Incorporation of the Registrant | Current Report on Form 8-K (File No. 001- 37580) | June 3, 2022 | | 3.02 | Amended and Restated Bylaws of the Registrant, dated October 19, 2022 | Current Report on Form 8-K (File No. 001- 37580) | October 25, 2022 | | 4.01 | Specimen Class A Common Stock certificate | Current Report on Form 8-K (File No. 001- 37580) | October 2, 2015 | | 4.02 | Specimen Class CCapital Stock certificate | Current Report on Form 8-K (File No. 001- 37580) | October 2, 2015 | | 4.03 | Alphabet Inc. Deferred Compensation Plan | Current Report on Form 8-K (File No. 001- 37580) | October 2, 2015 | | 4.04 | Transfer Restriction Agreement, dated October 2, 2015, between the Registrant and Larry Page and certain of his affiliates | Current Report on Form 8-K (File No. 001- 37580) | October 2, 2015 | | 4.05 | Transfer Restriction Agreement, dated October 2, 2015, between the Registrant and Sergey Brin and certain of his affiliates | Current Report on Form 8-K (File No. 001- 37580) | October 2, 2015 | | 4.06 | Joinder Agreement, dated December 31, 2021, among the Registrant, Sergey Brin and certain of his affiliates | Annual Report on Form 10-K (File No. 001-37580) | February 2, 2022 |""",GoogleInc: corporation; Registrant: corporation; MapleTechnologiesInc: corporation; AlphabetInc: corporation; LarryPage: individual; SergeyBrin: individual; Form8K: financial document; Form10K: financial document
"""| | | Incorporated byReference | Incorporated byReference | Incorporated byReference | |----------------|----------------------------------------------------------------------------------------------------------------------------------------------------------------------------------------------------------------------------------------|----------------------------|----------------------------|------------------------------| | Exhibit Number | Exhibit Description | Form | Exhibit | Filing Date/ Period End Date | | 4.28 | Officer's Certificate of the Registrant, dated as of May10, 2023, including forms of global notes representing the 4.421% Notes due 2026, 4.000% Notes due 2028, 4.150% Notes due 2030, 4.300%Notes due 2033 and 4.850%Notes due 2053. | 8-K | 4.1 | 5/10/23 | | 4.29* | Apple Inc. Deferred Compensation Plan. | S-8 | 4.1 | 8/23/18 | | 10.1* | Apple Inc. Employee Stock Purchase Plan, as amended and restated as of March 10, 2015. | 8-K | 10.1 | 3/13/15 | | 10.2* | Form of Indemnification Agreement between the Registrant and each director and executive officer of the Registrant. | 10-Q | 10.2 | 6/27/09 | | 10.3* | Apple Inc. Non-Employee Director Stock Plan, as amended November 9, 2021. | 10-Q | 10.1 | 12/25/21 | | 10.4* | Apple Inc.2014 Employee Stock Plan, as amended and restated as of October 1, 2017. | 10-K | 10.8 | 9/30/17 | | 10.5* | Form of Restricted Stock UnitAwardAgreement under 2014 Employee Stock Plan effective as of September 26, 2017. | 10-K | 10.20 | 9/30/17 | | 10.6* | Form of Restricted Stock Unit Award Agreement under Non-Employee Director Stock Plan effective as of February13, 2018. | 10-Q | 10.2 | 3/31/18 | | 10.7* | Form of Restricted Stock UnitAwardAgreement under 2014 Employee Stock Plan effective as of August 21, 2018. | 10-K | 10.17 | 9/29/18 | | 10.8* | Form of Restricted Stock UnitAwardAgreement under 2014 Employee Stock Plan effective as of September 29, 2019. | 10-K | 10.15 | 9/28/19 | | 10.9* | Form of Restricted Stock UnitAwardAgreement under 2014 Employee Stock Plan effective as of August 18, 2020. | 10-K | 10.16 | 9/26/20 | | 10.10* | Form of PerformanceAwardAgreement under 2014 Employee Stock Plan effective as ofAugust 18, 2020. | 10-K | 10.17 | 9/26/20 | | 10.11* | Form of CEORestricted Stock UnitAwardAgreement under 2014 Employee Stock Plan effective as of September 27, 2020. | 10-Q | 10.1 | 12/26/20 | | 10.12* | Form of CEOPerformance Award Agreement under 2014 Employee Stock Plan effective as of September 27, 2020. | 10-Q | 10.2 | 12/26/20 | | 10.13* | Apple Inc.2022 Employee Stock Plan. | 8-K | 10.1 | 3/4/22 | | 10.14* | Form of Restricted Stock UnitAwardAgreement under 2022 Employee Stock Plan effective as of March 4, 2022. | 8-K | 10.2 | 3/4/22 | | 10.15* | Form of Performance Award Agreement under 2022 Employee Stock Plan effective as of March 4, 2022. | 8-K | 10.3 | 3/4/22 | | 10.16* | Apple Inc. Executive Cash Incentive Plan. | 8-K | 10.1 | 8/19/22 | | 10.17* | Form of CEORestricted Stock UnitAwardAgreement under 2022 Employee Stock Plan effective as of September 25, 2022. | 10-Q | 10.1 | 12/31/22 | | 10.18* | Form of CEOPerformance Award Agreement under 2022 Employee Stock Plan effective as of September 25, 2022. | 10-Q | 10.2 | 12/31/22 | | 10.19*, ** | Form of Restricted Stock UnitAwardAgreement under 2022 Employee Stock Plan effective as of September 29, 2024. | | | | | 10.20*, ** | Form of Performance Award Agreement under 2022 Employee Stock Plan effective as of September 29, 2024. | | | | | 10.21*, ** | Form of CEORestricted Stock UnitAwardAgreement under 2022 Employee Stock Plan effective as of September 29, 2024. | | | | | 10.22*, ** | Form of CEOPerformance Award Agreement under 2022 Employee Stock Plan effective as of September 29, 2024. | | | | | 19.1** | Insider Trading Policy | | | | | 21.1** | Subsidiaries of the Registrant. | | | | | 23.1** | Consent of Independent Registered Public Accounting Firm. | | | | | 24.1** | Power of Attorney(included on the Signatures page of this Annual Reporton Form 10-K). | | | | | 31.1** | Rule 13a-14(a) / 15d-14(a) Certification of Chief Executive Officer. | | | | | 31.2** | Rule 13a-14(a) / 15d-14(a) Certification of Chief Financial Officer. | | | | | 32.1*** | Section 1350 Certifications of Chief Executive Officer and Chief Financial Officer. | | | | | 97.1*, ** | Rule 10D-1 RecoveryPolicy | | | |""",ExhibitNumber: document identifier; ExhibitDescription: document description; Form: document type; Exhibit: document identifier; FilingDate: date; PeriodEndDate: date; Officer'sCertificate: legal document; Registrant: legal entity; May10: none; 2023: none; globalnotes: financial instrument; Notes: financial instrument; AppleInc: corporation; DeferredCompensationPlan: financial plan; EmployeeStockPurchasePlan: financial plan; IndemnificationAgreement: legal agreement; director: job title; executiveofficer: job title; Non-EmployeeDirectorStockPlan: financial plan; EmployeeStockPlan: financial plan; RestrictedStockUnitAwardAgreement: legal agreement; PerformanceAwardAgreement: legal agreement; CEORestrictedStockUnitAwardAgreement: legal agreement; CEOPerformanceAwardAgreement: legal agreement; ExecutiveCashIncentivePlan: financial plan; InsiderTradingPolicy: corporate policy; Subsidiaries: corporate structure; Consent: legal document; IndependentRegisteredPublicAccountingFirm: organization; PowerofAttorney: legal document; Signatures: document section; AnnualReport: document type; Rule13a-14(): regulation; 15d-14(): regulation; Certification: legal document; ChiefExecutiveOfficer: job title; ChiefFinancialOfficer: job title; Section1350Certifications: legal document; Rule10D-1RecoveryPolicy: corporate policy
"""## Table of Contents ## Revenue Revenue is measured based on the amount of consideration that we expect to receive, reduced by estimates for return allowances, promotional discounts, and rebates. Revenue also excludes any amounts collected on behalf of third parties, including sales and indirect taxes. In arrangements where we have multiple performance obligations, the transaction price is allocated to each performance obligation using the relative stand-alone selling price. We generally determine standalone selling prices based on the prices charged to customers or using expected cost plus a margin. A description of our principal revenue generating activities is as follows: Retail sales - We offer consumer products through our online and physical stores. Revenue is recognized when control of the goods is transferred to the customer, which generally occurs upon our delivery to a third-party carrier or, in the case of an Amazon delivery, to the customer. Third-party seller services - We offer programs that enable sellers to sell their products in our stores, and fulfill orders using our services. We are not the seller of record in these transactions. The commissions and any related fulfillment and shipping fees we earn from these arrangements are recognized when the services are rendered, which generally occurs upon delivery of the related products to a third-party carrier or, in the case of an Amazon delivery, to the customer. Advertising services - We provide advertising services to sellers, vendors, publishers, authors, and others, through programs such as sponsored ads, display, and video advertising. Revenue is recognized as ads are delivered based on the number of clicks or impressions. Subscription services - Our subscription sales include fees associated with Amazon Prime memberships and access to content including digital video, audiobooks, digital music, e-books, and other non-AWS subscription services. Prime memberships provide our customers with access to an evolving suite of benefits that represent a single stand-ready obligation. Subscriptions are paid for at the time of or in advance of delivering the services. Revenue from such arrangements is recognized over the subscription period. AWS - Our AWS arrangements include global sales of compute, storage, database, and other services. Revenue is allocated to services using stand-alone selling prices and is primarily recognized when the customer uses these services, based on the quantity of services rendered, such as compute or storage capacity delivered on-demand. Certain services, including compute and database, are also offered as a fixed quantity over a specified term, for which revenue is recognized ratably. Sales commissions we pay in connection with contracts that exceed one year are capitalized and amortized over the contract term. Other - Other revenue includes sales related to various other offerings, such as healthcare services, certain licensing and distribution of video content, and shipping services, and our co-branded credit card agreements. Revenue is recognized when content is licensed or distributed and as or when services are performed. ## Return Allowances Return allowances, which reduce revenue and cost of sales, are estimated using historical experience. Liabilities for return allowances are included in 'Accrued expenses and other' and were $1.3 billion, $1.4 billion, and $1.4 billion as of December 31, 2022, 2023, and 2024. Additions to the allowance were $5.5 billion, $5.2 billion, and $5.5 billion and deductions from the allowance were $5.2 billion, $5.1 billion, and $5.5 billion in 2022, 2023, and 2024. Included in 'Inventories' on our consolidated balance sheets are assets totaling $948 million, $992 million, and $998 million as of December 31, 2022, 2023, and 2024, for the rights to recover products from customers associated with our liabilities for return allowances. ## Cost of Sales Cost of sales primarily consists of the purchase price of consumer products, inbound and outbound shipping costs, including costs related to sortation and delivery centers and where we are the transportation service provider, and digital media content costs where we record revenue gross, including video and music. Shipping costs to receive products from our suppliers are included in our inventory, and recognized as cost of sales upon sale of products to our customers. Payment processing and related transaction costs, including those associated with seller transactions, are classified in 'Fulfillment' on our consolidated statements of operations. ## Vendor Agreements We have agreements with our vendors to receive consideration primarily for cooperative marketing efforts, promotions, incentives, and volume rebates. We generally consider these amounts received from vendors to be a reduction of the prices we pay for their goods, including property and equipment, or services, and are recorded as a reduction of the cost of inventory, cost of services, or cost of property and equipment. Volume rebates typically depend on reaching minimum purchase thresholds. We evaluate the likelihood of reaching purchase thresholds using past experience and current year forecasts. When volume rebates can be reasonably estimated, we record a portion of the rebate as we make progress towards the purchase threshold.""",Revenue: financial concept; Amazon: company; AWS: service; Prime: service; December31: date; ReturnAllowances: financial concept; Accruedexpenses: financial concept; Inventories: financial concept; CostofSales: financial concept; Fulfillment: business process; VendorAgreements: business contract; cooperative: none; marketing: business activity; promotions: business activity; incentives: business activity; volumerebates: financial concept; purchase: business activity; thresholds: none; consolidatedbalancesheets: financial document; consolidatedstatementsofoperations: financial document
"""| Name | Age | Position | |------------------------|-------|--------------------------------------------------------------| | Jeffrey P. Bezos | 61 | Executive Chair | | AndrewR. Jassy | 57 | President and Chief Executive Officer | | Keith B. Alexander | 73 | Former Chair and CEOofIronNet, Inc. | | Edith W.Cooper | 63 | Former Executive Vice President, Goldman Sachs Group, Inc. | | Jamie S. Gorelick | 74 | Partner, Wilmer Cutler Pickering Hale and Dorr LLP | | Daniel P. Huttenlocher | 66 | Dean,MIT Schwarzman College of Computing | | AndrewY. Ng | 48 | Managing General Partner, AI Fund, L.P. | | Indra K. Nooyi | 69 | Former Chair and CEO, PepsiCo, Inc. | | Jonathan J. Rubinstein | 68 | Former co-CEO, Bridgewater Associates, LP | | Brad D. Smith | 60 | President, Marshall University | | Patricia Q. Stonesifer | 68 | Former President and Chief Executive Officer, Martha's Table | | Wendell P. Weeks | 65 | Chairman and CEO, Corning Incorporated |""",JeffreyPBezos: business executive; AndrewRJassy: business executive; KeithBAlexander: business executive; EdithWCooper: business executive; JamieSGorelick: legal professional; DanielPHuttenlocher: academic professional; AndrewYNg: business executive; IndraKNooyi: business executive; JonathanJRubinstein: business executive; BradDSmith: academic professional; PatriciaQStonesifer: business executive; WendellPWeeks: business executive; ExecutiveChair: job title; President: job title; ChiefExecutiveOfficer: job title; FormerChair: job title; CEOofIronNetInc: job title; FormerExecutiveVicePresident: job title; GoldmanSachsGroupInc: corporation; Partner: job title; WilmerCutlerPickeringHaleandDorrLLP: law firm; Dean: job title; MITSchwarzmanCollegeofComputing: academic institution; ManagingGeneralPartner: job title; AIFundLP: investment fund; FormerChair: job title; CEO: job title; PepsiCoInc: corporation; FormercoCEO: job title; BridgewaterAssociatesLP: investment firm; President: job title; MarshallUniversity: academic institution; FormerPresident: job title; ChiefExecutiveOfficer: job title; MarthasTable: nonprofit organization; Chairman: job title; CEO: job title; CorningIncorporated: corporation
"""## Company Stock Performance The following graph shows a comparison of five-year cumulative total shareholder return, calculated on a dividend-reinvested basis, for the Company , the S&amp;P 500 Index and the Dow Jones U.S. Technology Supersector Index. The graph assumes $100 was invested in each of the Company's common stock, the S&amp;P 500 Index and the Dow Jones U.S. T echnology Supersector Index as of the market close on September 27, 2019. Past stock price performance is not necessarily indicative of future stock price performance.""",Company: business entity; S&P500Index: financial index; DowJonesUSTechnologySupersectorIndex: financial index
"""| Name | Age | Position | |-----------------------|-------|------------------------------------------------------------------------| | Jeffrey P. Bezos | 61 | Executive Chair | | AndrewR. Jassy | 57 | President and Chief Executive Officer | | MatthewS. Garman | 48 | CEOAmazon Web Services | | Douglas J. Herrington | 58 | CEOWorldwide Amazon Stores | | Brian T. Olsavsky | 61 | Senior Vice President and Chief Financial Officer | | Shelley L. Reynolds | 60 | Vice President, Worldwide Controller, and Principal Accounting Officer | | David A. Zapolsky | 61 | Senior Vice President, Global Public Policy and General Counsel |""",JeffreyPBezos: business executive; AndrewRJassy: business executive; MatthewSGarman: business executive; DouglasJHerrington: business executive; BrianTOlsavsky: business executive; ShelleyLReynolds: business executive; DavidAZapolsky: business executive; ExecutiveChair: corporate position; PresidentandChiefExecutiveOfficer: corporate position; CEOAmazonWebServices: corporate position; CEOWorldwideAmazonStores: corporate position; SeniorVicePresidentandChiefFinancialOfficer: corporate position; VicePresidentWorldwideControllerandPrincipalAccountingOfficer: corporate position; SeniorVicePresidentGlobalPublicPolicyandGeneralCounsel: corporate position
"""## Table of Contents We intend to invest substantially all of our foreign subsidiary earnings, as well as our capital in our foreign subsidiaries, indefinitely outside of the U.S. in those jurisdictions in which we would incur significant, additional costs upon repatriation of such amounts. Deferred income tax assets and liabilities are as follows (in millions):""",TableofContents: none; U.S.: geographical location; Deferredincometaxassets: financial concept; liabilities: financial concept
"""| Description of Use | Leased Square Footage (1) | Owned Square Footage | Location | |--------------------------------------|-----------------------------|------------------------|---------------| | Office space | 29,551 | 9,104 | North America | | Office space | 23,771 | 1,802 | International | | Physical stores (2) | 23,975 | 707 | North America | | Physical stores (2) | 222 | - | International | | Fulfillment, data centers, and other | 448,168 | 36,869 | North America | | Fulfillment, data centers, and other | 176,287 | 18,958 | International | | Total | 701,974 | 67,440 | |""",OfficeSpace: real estate category; PhysicalStores: retail category; FulfillmentDataCentersAndOther: infrastructure category; NorthAmerica: geographical location; International: geographical location
"""## Table of Contents net' as of December 31, 2023 and those acquired during the year ended December 31, 2024, was a reduction in depreciation and amortization expense of $3.2 billion and a benefit to net income of $2.5 billion, or $0.23 per basic share and $0.23 per diluted share. These server and networking equipment useful life changes primarily impact our AWS segment. For the year ended December 31, 2022, we recorded approximately $1.1 billion, of which $720 million was recorded in the fourth quarter, of impairments of property and equipment and operating leases primarily related to physical stores. These charges were recorded in 'Other operating expense (income), net' and primarily impacted our North America segment. For the year ended December 31, 2022, we also recorded expenses of approximately $480 million, primarily in 'Fulfillment,' primarily relating to terminating contracts for certain leases not yet commenced as well as other purchase commitments, which primarily impacted our North America segment. For the year ended December 31, 2022, we recorded approximately $720 million, of which $640 million was recorded in the fourth quarter, of estimated severance costs primarily related to planned role eliminations. These charges were recorded primarily in 'Technology and infrastructure,' 'Fulfillment,' and 'General and administrative' and primarily impacted our North America segment. Charges for impairment, expenses for terminating contracts and other commitments, and severance costs were not material to our consolidated results of operations for the years ended December 31, 2023 and 2024. ## Supplemental Cash Flow Information The following table shows supplemental cash flow information (in millions):""",TableofContents: none; December31: date; 2023: year; December31: date; 2024: year; $3.2billion: monetary value; $2.5billion: monetary value; $0.23: monetary value; AWS: business segment; December31: date; 2022: year; $1.1billion: monetary value; $720million: monetary value; NorthAmerica: geographical location; $480million: monetary value; $640million: monetary value; Technologyandinfrastructure: business category; Fulfillment: business category; Generalandadministrative: business category; SupplementalCashFlowInformation: none
"""## Table of Contents Total segment assets exclude corporate assets, such as cash and cash equivalents, marketable securities, other long-term investments, corporate facilities, goodwill and other acquired intangible assets, and tax assets. Technology infrastructure assets are allocated among the segments based on usage, with the majority allocated to the AWS segment. Total segment assets reconciled to consolidated amounts are as follows (in millions):""",TableofContents: none; segmentassets: financial metric; corporateassets: financial metric; cash: financial asset; cashequivalents: financial asset; marketablesecurities: financial asset; long-terminvestments: financial asset; corporatefacilities: physical asset; goodwill: intangible asset; acquiredintangibleassets: intangible asset; taxassets: financial asset; Technologyinfrastructureassets: physical asset; AWSsegment: business unit; segmentassets: financial metric; consolidatedamounts: financial metric
"""## Table of Contents ## Item 15. Exhibits, Financial Statement Schedules (a) List of Documents Filed as a Part of This Report: - (1) Index to Consolidated Financial Statements: Report of Ernst &amp; Young LLP, Independent Registered Public Accounting Firm - Consolidated Statements of Cash Flows for each of the three years ended December 31, 2024 - Consolidated Statements of Operations for each of the three years ended December 31, 2024 - Consolidated Statements of Comprehensive Income (Loss) for each of the three years ended December 31, 2024 - Consolidated Balance Sheets as of December 31, 2023 and 2024 - Consolidated Statements of Stockholders' Equity for each of the three years ended December 31, 2024 Notes to Consolidated Financial Statements Report of Ernst &amp; Young LLP, Independent Registered Public Accounting Firm (2) Index to Financial Statement Schedules: All schedules have been omitted because the required information is included in the consolidated financial statements or the notes thereto, or because it is not required. (3) Index to Exhibits See exhibits listed under Part (b) below.""",TableofContents: document section; Item15: document section; Exhibits: document section; FinancialStatementSchedules: document section; Documents: document category; Report: document category; Ernst&YoungLLP: organization; IndependentRegisteredPublicAccountingFirm: organization type; ConsolidatedStatements: financial document; CashFlows: financial term; December31: date; ConsolidatedStatementsOperations: financial document; ComprehensiveIncome(): financial term; ConsolidatedBalanceSheets: financial document; Stockholders'Equity: financial term; Notes: document section; FinancialStatements: financial document; Schedules: document section; Exhibits: document section
"""| | Year Ended December 31, | Year Ended December 31, | Year Ended December 31, | Year Ended December 31, | Year Ended December 31, | | | |-----------------------------------------------|---------------------------|---------------------------|---------------------------|---------------------------|---------------------------|------------|-----------| | | 2025 | 2026 | 2027 | 2028 | 2029 | Thereafter | Total | | Long-termdebt principal and interest | $ 6,858 | $ 4,458 | $ 10,404 | $ 3,644 | $ 4,344 | $ 55,831 | $ 85,539 | | Operating lease liabilities | 12,002 | 11,023 | 10,087 | 9,205 | 8,534 | 44,443 | 95,294 | | Finance lease liabilities, including interest | 1,491 | 1,495 | 1,317 | 1,114 | 1,022 | 6,081 | 12,520 | | Financing obligations, including interest (1) | 511 | 515 | 523 | 531 | 540 | 6,397 | 9,017 | | Leases not yet commenced | 2,695 | 3,691 | 5,011 | 4,253 | 4,286 | 41,691 | 61,627 | | Unconditional purchase obligations (2) | 8,536 | 7,941 | 5,413 | 4,321 | 3,868 | 20,296 | 50,375 | | Other commitments (3) | 2,739 | 1,470 | 1,016 | 923 | 1,025 | 11,456 | 18,629 | | Total commitments | $ 34,832 | $ 30,593 | $ 33,771 | $ 23,991 | $ 23,619 | $ 186,195 | $ 333,001 |""",YearEndedDecember31: date; Long-termdebtprincipalandinterest: financial obligation; Operatingleaseliabilities: financial obligation; Financeleaseliabilitiesincludinginterest: financial obligation; Financingobligationsincludinginterest: financial obligation; Leasesnotyetcommenced: financial obligation; Unconditionalpurchaseobligations: financial obligation; Othercommitments: financial obligation; Totalcommitments: financial obligation
"""## Table of Contents The graph below matches Alphabet Inc. Class C's cumulativ e fiv e-year total stockholder return on capital stock with the cumulativ e total returns of the S&amp;P 500 index, the NASDAQ Composite index, and the RDG Internet Composite index. The graph tracks the performance of a $100 inv estment in our Class C capital stock and in each index (with the reinv estment of all div idends) from December 31, 2019, to December 31, 2024. The returns shown are based on historical results and are not intended to suggest future performance. ## COMPARISON OF CUMULATIVE 5-YEAR TOTAL RETURN* ALPHABET INC. CLASS C CAPITAL STOCK Among Alphabet Inc., the S&amp;P 500 Index, the NASDAQ Composite Index, and the RDG Internet Composite Index *$100 invested on D ecem ber 31, 2019, in stock or in index, including reinvestm ent of dividends. Copyright 2025 S&amp;P , a division of T he M cG raw-H ill C om panies I nc. All rights reserved. © ITEM 6. [Reserved]""","TableofContents: none; AlphabetInc.ClassC: corporate entity; S&P500index: financial index; NASDAQCompositeindex: financial index; RDGInternetCompositeindex: financial index; December31,2019: date; December31,2024: date; Copyright2025: none; S&P: corporate entity; TheMcGraw-HillCompaniesInc: corporate entity; ITEM6: none"
## Table of Contents ## Alphabet Inc. ## CONSOLIDATED STATEMENTS OF CASH FLOWS (in millions),AlphabetInc: corporation; CONSOLIDATEDSTATEMENTSOFCASHFLOWS: financial document
"""## Table of Contents ## Alphabet Inc. ## CONSOLIDATED STATEMENTS OF INCOME (in millions, except per share amounts)""",AlphabetInc: corporation; CONSOLIDATEDSTATEMENTSOFINCOME: financial document
Wendell P. Weeks Director,WendellPWeeks: person; Director: job title
"""## Table of Contents ## Item 2. Properties As of December 31, 2024, we operated the following facilities (in thousands):""",TableofContents: document section; Item: none; Properties: none; December31: date; 2024: year; facilities: none
